2025-05-10 14:15:30 [main] INFO  c.g.yamec.app.YamecApplication - Starting YamecApplication using Java 23.0.2 with PID 65560 (C:\Users\cmarc\IdeaProjects\yamec\yamec\yamec-app\target\yamec-app-0.0.1-SNAPSHOT.jar started by cmarc in C:\Users\cmarc\IdeaProjects\yamec\yamec)
2025-05-10 14:15:30 [main] INFO  c.g.yamec.app.YamecApplication - No active profile set, falling back to 1 default profile: "default"
2025-05-10 14:15:31 [main] INFO  o.s.d.r.c.RepositoryConfigurationDelegate - Bootstrapping Spring Data JPA repositories in DEFAULT mode.
2025-05-10 14:15:31 [main] INFO  o.s.d.r.c.RepositoryConfigurationDelegate - Finished Spring Data repository scanning in 63 ms. Found 13 JPA repository interfaces.
2025-05-10 14:15:31 [main] INFO  o.s.b.w.e.tomcat.TomcatWebServer - Tomcat initialized with port 8084 (http)
2025-05-10 14:15:31 [main] INFO  o.a.catalina.core.StandardService - Starting service [Tomcat]
2025-05-10 14:15:31 [main] INFO  o.a.catalina.core.StandardEngine - Starting Servlet engine: [Apache Tomcat/10.1.36]
2025-05-10 14:15:31 [main] INFO  o.a.c.c.C.[Tomcat].[localhost].[/] - Initializing Spring embedded WebApplicationContext
2025-05-10 14:15:31 [main] INFO  o.s.b.w.s.c.ServletWebServerApplicationContext - Root WebApplicationContext: initialization completed in 1463 ms
2025-05-10 14:15:32 [main] INFO  o.h.jpa.internal.util.LogHelper - HHH000204: Processing PersistenceUnitInfo [name: default]
2025-05-10 14:15:32 [main] INFO  org.hibernate.Version - HHH000412: Hibernate ORM core version 6.6.8.Final
2025-05-10 14:15:32 [main] INFO  o.h.c.i.RegionFactoryInitiator - HHH000026: Second-level cache disabled
2025-05-10 14:15:32 [main] INFO  o.s.o.j.p.SpringPersistenceUnitInfo - No LoadTimeWeaver setup: ignoring JPA class transformer
2025-05-10 14:15:32 [main] INFO  com.zaxxer.hikari.HikariDataSource - HikariPool-1 - Starting...
2025-05-10 14:15:32 [main] INFO  com.zaxxer.hikari.pool.HikariPool - HikariPool-1 - Added connection org.sqlite.jdbc4.JDBC4Connection@72a7aa4f
2025-05-10 14:15:32 [main] INFO  com.zaxxer.hikari.HikariDataSource - HikariPool-1 - Start completed.
2025-05-10 14:15:32 [main] INFO  o.hibernate.orm.connections.pooling - HHH10001005: Database info:
	Database JDBC URL [Connecting through datasource 'HikariDataSource (HikariPool-1)']
	Database driver: undefined/unknown
	Database version: 3.49.1
	Autocommit mode: undefined/unknown
	Isolation level: undefined/unknown
	Minimum pool size: undefined/unknown
	Maximum pool size: undefined/unknown
2025-05-10 14:15:33 [main] INFO  o.h.e.t.j.p.i.JtaPlatformInitiator - HHH000489: No JTA platform available (set 'hibernate.transaction.jta.platform' to enable JTA platform integration)
2025-05-10 14:15:33 [main] INFO  o.s.o.j.LocalContainerEntityManagerFactoryBean - Initialized JPA EntityManagerFactory for persistence unit 'default'
2025-05-10 14:15:33 [main] INFO  o.s.d.j.r.query.QueryEnhancerFactory - Hibernate is in classpath; If applicable, HQL parser will be used.
2025-05-10 14:15:35 [main] INFO  c.g.y.app.config.SystemMonitorConfig - Creating singleton instance of SystemMonitorManagerJNI
2025-05-10 14:15:35 [pool-2-thread-1] INFO  com.github.fommil.jni.JniLoader - successfully loaded C:\Users\cmarc\AppData\Local\Temp\jniloader17016843580248256982yamecjni.dll
2025-05-10 14:15:35 [pool-2-thread-1] INFO  c.g.y.a.jni.SystemMonitorManagerJNI - SystemMonitorManager - Initialized
2025-05-10 14:15:35 [pool-2-thread-1] INFO  c.g.y.a.jni.SystemMonitorManagerJNI - SystemMonitorManager - Collected new counter data
2025-05-10 14:15:36 [main] INFO  c.g.y.a.s.SystemMetricsCollector - Initializing SystemMetricsCollector
2025-05-10 14:15:36 [main] INFO  c.g.y.a.s.SystemMetricsCollector - CPU Hardware Information: Cpu[id=null, friendlyName='AMD Ryzen 9 5950X 16-Core Processor            ', coreCount='16', logicalProcessorCount='32', l1CacheSize='1048576', l2CacheSize='8388608', l3CacheSize='67108864', virtualizationEnabled='true']
2025-05-10 14:15:36 [main] INFO  c.g.y.a.s.SystemMetricsCollector - Memory Hardware Information: MemoryHardwareInformation{id=null, capacity=103079215104, speed=2133, slotsUsed=4, slotsTotal=4, capacityIsUnsigned=true, speedIsUnsigned=true}
2025-05-10 14:15:36 [main] INFO  c.g.y.a.s.SystemMetricsCollector - Disk Hardware Information:
2025-05-10 14:15:36 [main] INFO  c.g.y.a.s.SystemMetricsCollector - com.gibbonsdimarco.yamec.app.data.DiskHardwareInformation@6dafe488
2025-05-10 14:15:36 [main] INFO  c.g.y.a.s.SystemMetricsCollector - com.gibbonsdimarco.yamec.app.data.DiskHardwareInformation@71ebb8e1
2025-05-10 14:15:36 [main] INFO  c.g.y.a.s.SystemMetricsCollector - NIC Hardware Information:
2025-05-10 14:15:36 [main] INFO  c.g.y.a.s.SystemMetricsCollector - com.gibbonsdimarco.yamec.app.data.NicHardwareInformation@5edf9eb1
2025-05-10 14:15:36 [main] INFO  c.g.y.a.s.SystemMetricsCollector - com.gibbonsdimarco.yamec.app.data.NicHardwareInformation@2ce1d507
2025-05-10 14:15:36 [main] INFO  o.s.b.a.w.s.WelcomePageHandlerMapping - Adding welcome page template: index
2025-05-10 14:15:37 [main] INFO  o.s.b.w.e.tomcat.TomcatWebServer - Tomcat started on port 8084 (http) with context path '/'
2025-05-10 14:15:37 [main] INFO  c.g.yamec.app.YamecApplication - Started YamecApplication in 7.436 seconds (process running for 8.168)
2025-05-10 14:15:37 [pool-2-thread-1] INFO  c.g.y.a.jni.SystemMonitorManagerJNI - SystemMonitorManager - Collected new counter data
2025-05-10 14:15:38 [pool-2-thread-1] INFO  c.g.y.a.jni.SystemMonitorManagerJNI - SystemMonitorManager - Collected new counter data
2025-05-10 14:15:38 [main] INFO  c.g.yamec.app.YamecApplication - User home directory: C:\Users\cmarc
2025-05-10 14:15:38 [main] INFO  c.g.yamec.app.YamecApplication - Yamec Application Started
2025-05-10 14:15:38 [pool-2-thread-1] INFO  c.g.y.a.jni.SystemMonitorManagerJNI - SystemMonitorManager - Collected new counter data
2025-05-10 14:15:38 [http-nio-8084-exec-1] INFO  o.a.c.c.C.[Tomcat].[localhost].[/] - Initializing Spring DispatcherServlet 'dispatcherServlet'
2025-05-10 14:15:38 [http-nio-8084-exec-1] INFO  o.s.web.servlet.DispatcherServlet - Initializing Servlet 'dispatcherServlet'
2025-05-10 14:15:38 [http-nio-8084-exec-1] INFO  o.s.web.servlet.DispatcherServlet - Completed initialization in 1 ms
2025-05-10 14:15:39 [pool-2-thread-1] INFO  c.g.y.a.jni.SystemMonitorManagerJNI - SystemMonitorManager - Collected new counter data
2025-05-10 14:15:40 [pool-2-thread-1] INFO  c.g.y.a.jni.SystemMonitorManagerJNI - SystemMonitorManager - Collected new counter data
2025-05-10 14:15:41 [pool-2-thread-1] INFO  c.g.y.a.jni.SystemMonitorManagerJNI - SystemMonitorManager - Collected new counter data
2025-05-10 14:15:42 [pool-2-thread-1] INFO  c.g.y.a.jni.SystemMonitorManagerJNI - SystemMonitorManager - Collected new counter data
2025-05-10 14:15:43 [pool-2-thread-1] INFO  c.g.y.a.jni.SystemMonitorManagerJNI - SystemMonitorManager - Collected new counter data
2025-05-10 14:15:44 [pool-2-thread-1] INFO  c.g.y.a.jni.SystemMonitorManagerJNI - SystemMonitorManager - Collected new counter data
2025-05-10 14:15:45 [pool-2-thread-1] INFO  c.g.y.a.jni.SystemMonitorManagerJNI - SystemMonitorManager - Collected new counter data
2025-05-10 14:15:46 [pool-2-thread-1] INFO  c.g.y.a.jni.SystemMonitorManagerJNI - SystemMonitorManager - Collected new counter data
2025-05-10 14:15:47 [pool-2-thread-1] INFO  c.g.y.a.jni.SystemMonitorManagerJNI - SystemMonitorManager - Collected new counter data
2025-05-10 14:15:48 [pool-2-thread-1] INFO  c.g.y.a.jni.SystemMonitorManagerJNI - SystemMonitorManager - Collected new counter data
2025-05-10 14:15:49 [pool-2-thread-1] INFO  c.g.y.a.jni.SystemMonitorManagerJNI - SystemMonitorManager - Collected new counter data
2025-05-10 14:15:50 [pool-2-thread-1] INFO  c.g.y.a.jni.SystemMonitorManagerJNI - SystemMonitorManager - Collected new counter data
2025-05-10 14:15:51 [pool-2-thread-1] INFO  c.g.y.a.jni.SystemMonitorManagerJNI - SystemMonitorManager - Collected new counter data
2025-05-10 14:15:52 [pool-2-thread-1] INFO  c.g.y.a.jni.SystemMonitorManagerJNI - SystemMonitorManager - Collected new counter data
2025-05-10 14:15:53 [pool-2-thread-1] INFO  c.g.y.a.jni.SystemMonitorManagerJNI - SystemMonitorManager - Collected new counter data
2025-05-10 14:15:54 [pool-2-thread-1] INFO  c.g.y.a.jni.SystemMonitorManagerJNI - SystemMonitorManager - Collected new counter data
2025-05-10 14:15:55 [pool-2-thread-1] INFO  c.g.y.a.jni.SystemMonitorManagerJNI - SystemMonitorManager - Collected new counter data
2025-05-10 14:15:56 [pool-2-thread-1] INFO  c.g.y.a.jni.SystemMonitorManagerJNI - SystemMonitorManager - Collected new counter data
2025-05-10 14:15:57 [pool-2-thread-1] INFO  c.g.y.a.jni.SystemMonitorManagerJNI - SystemMonitorManager - Collected new counter data
2025-05-10 14:15:58 [pool-2-thread-1] INFO  c.g.y.a.jni.SystemMonitorManagerJNI - SystemMonitorManager - Collected new counter data
2025-05-10 14:15:59 [pool-2-thread-1] INFO  c.g.y.a.jni.SystemMonitorManagerJNI - SystemMonitorManager - Collected new counter data
2025-05-10 14:16:00 [pool-2-thread-1] INFO  c.g.y.a.jni.SystemMonitorManagerJNI - SystemMonitorManager - Collected new counter data
2025-05-10 14:16:01 [pool-2-thread-1] INFO  c.g.y.a.jni.SystemMonitorManagerJNI - SystemMonitorManager - Collected new counter data
2025-05-10 14:16:02 [pool-2-thread-1] INFO  c.g.y.a.jni.SystemMonitorManagerJNI - SystemMonitorManager - Collected new counter data
2025-05-10 14:16:03 [pool-2-thread-1] INFO  c.g.y.a.jni.SystemMonitorManagerJNI - SystemMonitorManager - Collected new counter data
2025-05-10 14:16:04 [pool-2-thread-1] INFO  c.g.y.a.jni.SystemMonitorManagerJNI - SystemMonitorManager - Collected new counter data
2025-05-10 14:16:05 [pool-2-thread-1] INFO  c.g.y.a.jni.SystemMonitorManagerJNI - SystemMonitorManager - Collected new counter data
2025-05-10 14:16:06 [pool-2-thread-1] INFO  c.g.y.a.jni.SystemMonitorManagerJNI - SystemMonitorManager - Collected new counter data
2025-05-10 14:16:07 [pool-2-thread-1] INFO  c.g.y.a.jni.SystemMonitorManagerJNI - SystemMonitorManager - Collected new counter data
2025-05-10 14:16:08 [pool-2-thread-1] INFO  c.g.y.a.jni.SystemMonitorManagerJNI - SystemMonitorManager - Collected new counter data
2025-05-10 14:16:09 [pool-2-thread-1] INFO  c.g.y.a.jni.SystemMonitorManagerJNI - SystemMonitorManager - Collected new counter data
2025-05-10 14:16:10 [pool-2-thread-1] INFO  c.g.y.a.jni.SystemMonitorManagerJNI - SystemMonitorManager - Collected new counter data
2025-05-10 14:16:11 [pool-2-thread-1] INFO  c.g.y.a.jni.SystemMonitorManagerJNI - SystemMonitorManager - Collected new counter data
2025-05-10 14:16:12 [pool-2-thread-1] INFO  c.g.y.a.jni.SystemMonitorManagerJNI - SystemMonitorManager - Collected new counter data
2025-05-10 14:16:13 [pool-2-thread-1] INFO  c.g.y.a.jni.SystemMonitorManagerJNI - SystemMonitorManager - Collected new counter data
2025-05-10 14:16:14 [pool-2-thread-1] INFO  c.g.y.a.jni.SystemMonitorManagerJNI - SystemMonitorManager - Collected new counter data
2025-05-10 14:16:15 [pool-2-thread-1] INFO  c.g.y.a.jni.SystemMonitorManagerJNI - SystemMonitorManager - Collected new counter data
2025-05-10 14:16:16 [pool-2-thread-1] INFO  c.g.y.a.jni.SystemMonitorManagerJNI - SystemMonitorManager - Collected new counter data
2025-05-10 14:16:17 [pool-2-thread-1] INFO  c.g.y.a.jni.SystemMonitorManagerJNI - SystemMonitorManager - Collected new counter data
2025-05-10 14:16:18 [pool-2-thread-1] INFO  c.g.y.a.jni.SystemMonitorManagerJNI - SystemMonitorManager - Collected new counter data
2025-05-10 14:16:19 [pool-2-thread-1] INFO  c.g.y.a.jni.SystemMonitorManagerJNI - SystemMonitorManager - Collected new counter data
2025-05-10 14:16:20 [pool-2-thread-1] INFO  c.g.y.a.jni.SystemMonitorManagerJNI - SystemMonitorManager - Collected new counter data
2025-05-10 14:16:21 [pool-2-thread-1] INFO  c.g.y.a.jni.SystemMonitorManagerJNI - SystemMonitorManager - Collected new counter data
2025-05-10 14:16:22 [pool-2-thread-1] INFO  c.g.y.a.jni.SystemMonitorManagerJNI - SystemMonitorManager - Collected new counter data
2025-05-10 14:16:23 [pool-2-thread-1] INFO  c.g.y.a.jni.SystemMonitorManagerJNI - SystemMonitorManager - Collected new counter data
2025-05-10 14:16:24 [pool-2-thread-1] INFO  c.g.y.a.jni.SystemMonitorManagerJNI - SystemMonitorManager - Collected new counter data
2025-05-10 14:16:25 [pool-2-thread-1] INFO  c.g.y.a.jni.SystemMonitorManagerJNI - SystemMonitorManager - Collected new counter data
2025-05-10 14:16:26 [pool-2-thread-1] INFO  c.g.y.a.jni.SystemMonitorManagerJNI - SystemMonitorManager - Collected new counter data
2025-05-10 14:16:27 [pool-2-thread-1] INFO  c.g.y.a.jni.SystemMonitorManagerJNI - SystemMonitorManager - Collected new counter data
2025-05-10 14:16:28 [pool-2-thread-1] INFO  c.g.y.a.jni.SystemMonitorManagerJNI - SystemMonitorManager - Collected new counter data
2025-05-10 14:16:29 [pool-2-thread-1] INFO  c.g.y.a.jni.SystemMonitorManagerJNI - SystemMonitorManager - Collected new counter data
2025-05-10 14:16:30 [pool-2-thread-1] INFO  c.g.y.a.jni.SystemMonitorManagerJNI - SystemMonitorManager - Collected new counter data
2025-05-10 14:16:31 [pool-2-thread-1] INFO  c.g.y.a.jni.SystemMonitorManagerJNI - SystemMonitorManager - Collected new counter data
2025-05-10 14:16:32 [pool-2-thread-1] INFO  c.g.y.a.jni.SystemMonitorManagerJNI - SystemMonitorManager - Collected new counter data
2025-05-10 14:16:33 [pool-2-thread-1] INFO  c.g.y.a.jni.SystemMonitorManagerJNI - SystemMonitorManager - Collected new counter data
2025-05-10 14:16:34 [pool-2-thread-1] INFO  c.g.y.a.jni.SystemMonitorManagerJNI - SystemMonitorManager - Collected new counter data
2025-05-10 14:16:35 [pool-2-thread-1] INFO  c.g.y.a.jni.SystemMonitorManagerJNI - SystemMonitorManager - Collected new counter data
2025-05-10 14:16:36 [pool-2-thread-1] INFO  c.g.y.a.jni.SystemMonitorManagerJNI - SystemMonitorManager - Collected new counter data
2025-05-10 14:16:37 [pool-2-thread-1] INFO  c.g.y.a.jni.SystemMonitorManagerJNI - SystemMonitorManager - Collected new counter data
2025-05-10 14:16:38 [pool-2-thread-1] INFO  c.g.y.a.jni.SystemMonitorManagerJNI - SystemMonitorManager - Collected new counter data
2025-05-10 14:16:39 [pool-2-thread-1] INFO  c.g.y.a.jni.SystemMonitorManagerJNI - SystemMonitorManager - Collected new counter data
2025-05-10 14:16:40 [pool-2-thread-1] INFO  c.g.y.a.jni.SystemMonitorManagerJNI - SystemMonitorManager - Collected new counter data
2025-05-10 14:16:41 [pool-2-thread-1] INFO  c.g.y.a.jni.SystemMonitorManagerJNI - SystemMonitorManager - Collected new counter data
2025-05-10 14:16:42 [pool-2-thread-1] INFO  c.g.y.a.jni.SystemMonitorManagerJNI - SystemMonitorManager - Collected new counter data
2025-05-10 14:16:43 [pool-2-thread-1] INFO  c.g.y.a.jni.SystemMonitorManagerJNI - SystemMonitorManager - Collected new counter data
2025-05-10 14:16:44 [pool-2-thread-1] INFO  c.g.y.a.jni.SystemMonitorManagerJNI - SystemMonitorManager - Collected new counter data
2025-05-10 14:16:45 [pool-2-thread-1] INFO  c.g.y.a.jni.SystemMonitorManagerJNI - SystemMonitorManager - Collected new counter data
2025-05-10 14:16:46 [pool-2-thread-1] INFO  c.g.y.a.jni.SystemMonitorManagerJNI - SystemMonitorManager - Collected new counter data
2025-05-10 14:16:47 [pool-2-thread-1] INFO  c.g.y.a.jni.SystemMonitorManagerJNI - SystemMonitorManager - Collected new counter data
2025-05-10 14:16:48 [pool-2-thread-1] INFO  c.g.y.a.jni.SystemMonitorManagerJNI - SystemMonitorManager - Collected new counter data
2025-05-10 14:16:49 [pool-2-thread-1] INFO  c.g.y.a.jni.SystemMonitorManagerJNI - SystemMonitorManager - Collected new counter data
2025-05-10 14:16:50 [pool-2-thread-1] INFO  c.g.y.a.jni.SystemMonitorManagerJNI - SystemMonitorManager - Collected new counter data
2025-05-10 14:16:51 [pool-2-thread-1] INFO  c.g.y.a.jni.SystemMonitorManagerJNI - SystemMonitorManager - Collected new counter data
2025-05-10 14:16:52 [pool-2-thread-1] INFO  c.g.y.a.jni.SystemMonitorManagerJNI - SystemMonitorManager - Collected new counter data
2025-05-10 14:16:53 [pool-2-thread-1] INFO  c.g.y.a.jni.SystemMonitorManagerJNI - SystemMonitorManager - Collected new counter data
2025-05-10 14:16:54 [pool-2-thread-1] INFO  c.g.y.a.jni.SystemMonitorManagerJNI - SystemMonitorManager - Collected new counter data
2025-05-10 14:16:55 [pool-2-thread-1] INFO  c.g.y.a.jni.SystemMonitorManagerJNI - SystemMonitorManager - Collected new counter data
2025-05-10 14:16:56 [pool-2-thread-1] INFO  c.g.y.a.jni.SystemMonitorManagerJNI - SystemMonitorManager - Collected new counter data
2025-05-10 14:16:57 [pool-2-thread-1] INFO  c.g.y.a.jni.SystemMonitorManagerJNI - SystemMonitorManager - Collected new counter data
2025-05-10 14:16:58 [pool-2-thread-1] INFO  c.g.y.a.jni.SystemMonitorManagerJNI - SystemMonitorManager - Collected new counter data
2025-05-10 14:16:59 [pool-2-thread-1] INFO  c.g.y.a.jni.SystemMonitorManagerJNI - SystemMonitorManager - Collected new counter data
2025-05-10 14:17:00 [pool-2-thread-1] INFO  c.g.y.a.jni.SystemMonitorManagerJNI - SystemMonitorManager - Collected new counter data
2025-05-10 14:17:01 [pool-2-thread-1] INFO  c.g.y.a.jni.SystemMonitorManagerJNI - SystemMonitorManager - Collected new counter data
2025-05-10 14:17:02 [pool-2-thread-1] INFO  c.g.y.a.jni.SystemMonitorManagerJNI - SystemMonitorManager - Collected new counter data
2025-05-10 14:17:03 [pool-2-thread-1] INFO  c.g.y.a.jni.SystemMonitorManagerJNI - SystemMonitorManager - Collected new counter data
2025-05-10 14:17:04 [pool-2-thread-1] INFO  c.g.y.a.jni.SystemMonitorManagerJNI - SystemMonitorManager - Collected new counter data
2025-05-10 14:17:05 [pool-2-thread-1] INFO  c.g.y.a.jni.SystemMonitorManagerJNI - SystemMonitorManager - Collected new counter data
2025-05-10 14:17:06 [pool-2-thread-1] INFO  c.g.y.a.jni.SystemMonitorManagerJNI - SystemMonitorManager - Collected new counter data
2025-05-10 14:17:07 [pool-2-thread-1] INFO  c.g.y.a.jni.SystemMonitorManagerJNI - SystemMonitorManager - Collected new counter data
2025-05-10 14:17:08 [pool-2-thread-1] INFO  c.g.y.a.jni.SystemMonitorManagerJNI - SystemMonitorManager - Collected new counter data
2025-05-10 14:17:09 [pool-2-thread-1] INFO  c.g.y.a.jni.SystemMonitorManagerJNI - SystemMonitorManager - Collected new counter data
2025-05-10 14:17:10 [pool-2-thread-1] INFO  c.g.y.a.jni.SystemMonitorManagerJNI - SystemMonitorManager - Collected new counter data
2025-05-10 14:17:11 [pool-2-thread-1] INFO  c.g.y.a.jni.SystemMonitorManagerJNI - SystemMonitorManager - Collected new counter data
2025-05-10 14:17:12 [pool-2-thread-1] INFO  c.g.y.a.jni.SystemMonitorManagerJNI - SystemMonitorManager - Collected new counter data
2025-05-10 14:17:13 [pool-2-thread-1] INFO  c.g.y.a.jni.SystemMonitorManagerJNI - SystemMonitorManager - Collected new counter data
2025-05-10 14:17:14 [pool-2-thread-1] INFO  c.g.y.a.jni.SystemMonitorManagerJNI - SystemMonitorManager - Collected new counter data
2025-05-10 14:17:15 [pool-2-thread-1] INFO  c.g.y.a.jni.SystemMonitorManagerJNI - SystemMonitorManager - Collected new counter data
2025-05-10 14:17:16 [pool-2-thread-1] INFO  c.g.y.a.jni.SystemMonitorManagerJNI - SystemMonitorManager - Collected new counter data
2025-05-10 14:17:17 [pool-2-thread-1] INFO  c.g.y.a.jni.SystemMonitorManagerJNI - SystemMonitorManager - Collected new counter data
2025-05-10 14:17:18 [pool-2-thread-1] INFO  c.g.y.a.jni.SystemMonitorManagerJNI - SystemMonitorManager - Collected new counter data
2025-05-10 14:17:19 [pool-2-thread-1] INFO  c.g.y.a.jni.SystemMonitorManagerJNI - SystemMonitorManager - Collected new counter data
2025-05-10 14:17:20 [pool-2-thread-1] INFO  c.g.y.a.jni.SystemMonitorManagerJNI - SystemMonitorManager - Collected new counter data
2025-05-10 14:17:21 [pool-2-thread-1] INFO  c.g.y.a.jni.SystemMonitorManagerJNI - SystemMonitorManager - Collected new counter data
2025-05-10 14:17:22 [pool-2-thread-1] INFO  c.g.y.a.jni.SystemMonitorManagerJNI - SystemMonitorManager - Collected new counter data
2025-05-10 14:17:23 [pool-2-thread-1] INFO  c.g.y.a.jni.SystemMonitorManagerJNI - SystemMonitorManager - Collected new counter data
2025-05-10 14:17:24 [pool-2-thread-1] INFO  c.g.y.a.jni.SystemMonitorManagerJNI - SystemMonitorManager - Collected new counter data
2025-05-10 14:17:25 [pool-2-thread-1] INFO  c.g.y.a.jni.SystemMonitorManagerJNI - SystemMonitorManager - Collected new counter data
2025-05-10 14:17:26 [pool-2-thread-1] INFO  c.g.y.a.jni.SystemMonitorManagerJNI - SystemMonitorManager - Collected new counter data
2025-05-10 14:17:27 [pool-2-thread-1] INFO  c.g.y.a.jni.SystemMonitorManagerJNI - SystemMonitorManager - Collected new counter data
2025-05-10 14:17:28 [pool-2-thread-1] INFO  c.g.y.a.jni.SystemMonitorManagerJNI - SystemMonitorManager - Collected new counter data
2025-05-10 14:17:29 [pool-2-thread-1] INFO  c.g.y.a.jni.SystemMonitorManagerJNI - SystemMonitorManager - Collected new counter data
2025-05-10 14:17:30 [pool-2-thread-1] INFO  c.g.y.a.jni.SystemMonitorManagerJNI - SystemMonitorManager - Collected new counter data
2025-05-10 14:17:31 [pool-2-thread-1] INFO  c.g.y.a.jni.SystemMonitorManagerJNI - SystemMonitorManager - Collected new counter data
2025-05-10 14:17:32 [pool-2-thread-1] INFO  c.g.y.a.jni.SystemMonitorManagerJNI - SystemMonitorManager - Collected new counter data
2025-05-10 14:17:33 [pool-2-thread-1] INFO  c.g.y.a.jni.SystemMonitorManagerJNI - SystemMonitorManager - Collected new counter data
2025-05-10 14:17:34 [pool-2-thread-1] INFO  c.g.y.a.jni.SystemMonitorManagerJNI - SystemMonitorManager - Collected new counter data
2025-05-10 14:17:35 [pool-2-thread-1] INFO  c.g.y.a.jni.SystemMonitorManagerJNI - SystemMonitorManager - Collected new counter data
2025-05-10 14:17:36 [pool-2-thread-1] INFO  c.g.y.a.jni.SystemMonitorManagerJNI - SystemMonitorManager - Collected new counter data
2025-05-10 14:17:37 [pool-2-thread-1] INFO  c.g.y.a.jni.SystemMonitorManagerJNI - SystemMonitorManager - Collected new counter data
2025-05-10 14:17:38 [pool-2-thread-1] INFO  c.g.y.a.jni.SystemMonitorManagerJNI - SystemMonitorManager - Collected new counter data
2025-05-10 14:17:39 [pool-2-thread-1] INFO  c.g.y.a.jni.SystemMonitorManagerJNI - SystemMonitorManager - Collected new counter data
2025-05-10 14:17:40 [pool-2-thread-1] INFO  c.g.y.a.jni.SystemMonitorManagerJNI - SystemMonitorManager - Collected new counter data
2025-05-10 14:17:41 [pool-2-thread-1] INFO  c.g.y.a.jni.SystemMonitorManagerJNI - SystemMonitorManager - Collected new counter data
2025-05-10 14:17:42 [pool-2-thread-1] INFO  c.g.y.a.jni.SystemMonitorManagerJNI - SystemMonitorManager - Collected new counter data
2025-05-10 14:17:43 [pool-2-thread-1] INFO  c.g.y.a.jni.SystemMonitorManagerJNI - SystemMonitorManager - Collected new counter data
2025-05-10 14:17:44 [pool-2-thread-1] INFO  c.g.y.a.jni.SystemMonitorManagerJNI - SystemMonitorManager - Collected new counter data
2025-05-10 14:17:45 [pool-2-thread-1] INFO  c.g.y.a.jni.SystemMonitorManagerJNI - SystemMonitorManager - Collected new counter data
2025-05-10 14:17:46 [pool-2-thread-1] INFO  c.g.y.a.jni.SystemMonitorManagerJNI - SystemMonitorManager - Collected new counter data
2025-05-10 14:17:47 [pool-2-thread-1] INFO  c.g.y.a.jni.SystemMonitorManagerJNI - SystemMonitorManager - Collected new counter data
2025-05-10 14:17:48 [pool-2-thread-1] INFO  c.g.y.a.jni.SystemMonitorManagerJNI - SystemMonitorManager - Collected new counter data
2025-05-10 14:17:49 [pool-2-thread-1] INFO  c.g.y.a.jni.SystemMonitorManagerJNI - SystemMonitorManager - Collected new counter data
2025-05-10 14:17:50 [pool-2-thread-1] INFO  c.g.y.a.jni.SystemMonitorManagerJNI - SystemMonitorManager - Collected new counter data
2025-05-10 14:17:51 [pool-2-thread-1] INFO  c.g.y.a.jni.SystemMonitorManagerJNI - SystemMonitorManager - Collected new counter data
2025-05-10 14:17:52 [pool-2-thread-1] INFO  c.g.y.a.jni.SystemMonitorManagerJNI - SystemMonitorManager - Collected new counter data
2025-05-10 14:17:53 [pool-2-thread-1] INFO  c.g.y.a.jni.SystemMonitorManagerJNI - SystemMonitorManager - Collected new counter data
2025-05-10 14:17:54 [pool-2-thread-1] INFO  c.g.y.a.jni.SystemMonitorManagerJNI - SystemMonitorManager - Collected new counter data
2025-05-10 14:17:55 [pool-2-thread-1] INFO  c.g.y.a.jni.SystemMonitorManagerJNI - SystemMonitorManager - Collected new counter data
2025-05-10 14:17:56 [pool-2-thread-1] INFO  c.g.y.a.jni.SystemMonitorManagerJNI - SystemMonitorManager - Collected new counter data
2025-05-10 14:17:57 [pool-2-thread-1] INFO  c.g.y.a.jni.SystemMonitorManagerJNI - SystemMonitorManager - Collected new counter data
2025-05-10 14:17:58 [pool-2-thread-1] INFO  c.g.y.a.jni.SystemMonitorManagerJNI - SystemMonitorManager - Collected new counter data
2025-05-10 14:17:59 [pool-2-thread-1] INFO  c.g.y.a.jni.SystemMonitorManagerJNI - SystemMonitorManager - Collected new counter data
2025-05-10 14:18:00 [pool-2-thread-1] INFO  c.g.y.a.jni.SystemMonitorManagerJNI - SystemMonitorManager - Collected new counter data
2025-05-10 14:18:01 [pool-2-thread-1] INFO  c.g.y.a.jni.SystemMonitorManagerJNI - SystemMonitorManager - Collected new counter data
2025-05-10 14:18:02 [pool-2-thread-1] INFO  c.g.y.a.jni.SystemMonitorManagerJNI - SystemMonitorManager - Collected new counter data
2025-05-10 14:18:03 [pool-2-thread-1] INFO  c.g.y.a.jni.SystemMonitorManagerJNI - SystemMonitorManager - Collected new counter data
2025-05-10 14:18:04 [pool-2-thread-1] INFO  c.g.y.a.jni.SystemMonitorManagerJNI - SystemMonitorManager - Collected new counter data
2025-05-10 14:18:05 [pool-2-thread-1] INFO  c.g.y.a.jni.SystemMonitorManagerJNI - SystemMonitorManager - Collected new counter data
2025-05-10 14:18:06 [pool-2-thread-1] INFO  c.g.y.a.jni.SystemMonitorManagerJNI - SystemMonitorManager - Collected new counter data
2025-05-10 14:18:07 [pool-2-thread-1] INFO  c.g.y.a.jni.SystemMonitorManagerJNI - SystemMonitorManager - Collected new counter data
2025-05-10 14:18:08 [pool-2-thread-1] INFO  c.g.y.a.jni.SystemMonitorManagerJNI - SystemMonitorManager - Collected new counter data
2025-05-10 14:18:09 [pool-2-thread-1] INFO  c.g.y.a.jni.SystemMonitorManagerJNI - SystemMonitorManager - Collected new counter data
2025-05-10 14:18:10 [pool-2-thread-1] INFO  c.g.y.a.jni.SystemMonitorManagerJNI - SystemMonitorManager - Collected new counter data
2025-05-10 14:18:11 [pool-2-thread-1] INFO  c.g.y.a.jni.SystemMonitorManagerJNI - SystemMonitorManager - Collected new counter data
2025-05-10 14:18:12 [pool-2-thread-1] INFO  c.g.y.a.jni.SystemMonitorManagerJNI - SystemMonitorManager - Collected new counter data
2025-05-10 14:18:13 [pool-2-thread-1] INFO  c.g.y.a.jni.SystemMonitorManagerJNI - SystemMonitorManager - Collected new counter data
2025-05-10 14:18:14 [pool-2-thread-1] INFO  c.g.y.a.jni.SystemMonitorManagerJNI - SystemMonitorManager - Collected new counter data
2025-05-10 14:18:15 [pool-2-thread-1] INFO  c.g.y.a.jni.SystemMonitorManagerJNI - SystemMonitorManager - Collected new counter data
2025-05-10 14:18:16 [pool-2-thread-1] INFO  c.g.y.a.jni.SystemMonitorManagerJNI - SystemMonitorManager - Collected new counter data
2025-05-10 14:18:17 [pool-2-thread-1] INFO  c.g.y.a.jni.SystemMonitorManagerJNI - SystemMonitorManager - Collected new counter data
2025-05-10 14:18:18 [pool-2-thread-1] INFO  c.g.y.a.jni.SystemMonitorManagerJNI - SystemMonitorManager - Collected new counter data
2025-05-10 14:18:19 [pool-2-thread-1] INFO  c.g.y.a.jni.SystemMonitorManagerJNI - SystemMonitorManager - Collected new counter data
2025-05-10 14:18:20 [pool-2-thread-1] INFO  c.g.y.a.jni.SystemMonitorManagerJNI - SystemMonitorManager - Collected new counter data
2025-05-10 14:18:21 [pool-2-thread-1] INFO  c.g.y.a.jni.SystemMonitorManagerJNI - SystemMonitorManager - Collected new counter data
2025-05-10 14:18:22 [pool-2-thread-1] INFO  c.g.y.a.jni.SystemMonitorManagerJNI - SystemMonitorManager - Collected new counter data
2025-05-10 14:18:23 [pool-2-thread-1] INFO  c.g.y.a.jni.SystemMonitorManagerJNI - SystemMonitorManager - Collected new counter data
2025-05-10 14:18:24 [pool-2-thread-1] INFO  c.g.y.a.jni.SystemMonitorManagerJNI - SystemMonitorManager - Collected new counter data
2025-05-10 14:18:25 [pool-2-thread-1] INFO  c.g.y.a.jni.SystemMonitorManagerJNI - SystemMonitorManager - Collected new counter data
2025-05-10 14:18:26 [pool-2-thread-1] INFO  c.g.y.a.jni.SystemMonitorManagerJNI - SystemMonitorManager - Collected new counter data
2025-05-10 14:18:27 [pool-2-thread-1] INFO  c.g.y.a.jni.SystemMonitorManagerJNI - SystemMonitorManager - Collected new counter data
2025-05-10 14:18:28 [pool-2-thread-1] INFO  c.g.y.a.jni.SystemMonitorManagerJNI - SystemMonitorManager - Collected new counter data
2025-05-10 14:18:29 [pool-2-thread-1] INFO  c.g.y.a.jni.SystemMonitorManagerJNI - SystemMonitorManager - Collected new counter data
2025-05-10 14:18:30 [pool-2-thread-1] INFO  c.g.y.a.jni.SystemMonitorManagerJNI - SystemMonitorManager - Collected new counter data
2025-05-10 14:18:31 [pool-2-thread-1] INFO  c.g.y.a.jni.SystemMonitorManagerJNI - SystemMonitorManager - Collected new counter data
2025-05-10 14:18:32 [pool-2-thread-1] INFO  c.g.y.a.jni.SystemMonitorManagerJNI - SystemMonitorManager - Collected new counter data
2025-05-10 14:18:33 [pool-2-thread-1] INFO  c.g.y.a.jni.SystemMonitorManagerJNI - SystemMonitorManager - Collected new counter data
2025-05-10 14:18:34 [pool-2-thread-1] INFO  c.g.y.a.jni.SystemMonitorManagerJNI - SystemMonitorManager - Collected new counter data
2025-05-10 14:18:35 [pool-2-thread-1] INFO  c.g.y.a.jni.SystemMonitorManagerJNI - SystemMonitorManager - Collected new counter data
2025-05-10 14:18:36 [pool-2-thread-1] INFO  c.g.y.a.jni.SystemMonitorManagerJNI - SystemMonitorManager - Collected new counter data
2025-05-10 14:18:37 [pool-2-thread-1] INFO  c.g.y.a.jni.SystemMonitorManagerJNI - SystemMonitorManager - Collected new counter data
2025-05-10 14:18:38 [pool-2-thread-1] INFO  c.g.y.a.jni.SystemMonitorManagerJNI - SystemMonitorManager - Collected new counter data
2025-05-10 14:18:39 [pool-2-thread-1] INFO  c.g.y.a.jni.SystemMonitorManagerJNI - SystemMonitorManager - Collected new counter data
2025-05-10 14:18:40 [pool-2-thread-1] INFO  c.g.y.a.jni.SystemMonitorManagerJNI - SystemMonitorManager - Collected new counter data
2025-05-10 14:18:41 [pool-2-thread-1] INFO  c.g.y.a.jni.SystemMonitorManagerJNI - SystemMonitorManager - Collected new counter data
2025-05-10 14:18:42 [pool-2-thread-1] INFO  c.g.y.a.jni.SystemMonitorManagerJNI - SystemMonitorManager - Collected new counter data
2025-05-10 14:18:43 [pool-2-thread-1] INFO  c.g.y.a.jni.SystemMonitorManagerJNI - SystemMonitorManager - Collected new counter data
2025-05-10 14:18:44 [pool-2-thread-1] INFO  c.g.y.a.jni.SystemMonitorManagerJNI - SystemMonitorManager - Collected new counter data
2025-05-10 14:18:45 [pool-2-thread-1] INFO  c.g.y.a.jni.SystemMonitorManagerJNI - SystemMonitorManager - Collected new counter data
2025-05-10 14:18:46 [pool-2-thread-1] INFO  c.g.y.a.jni.SystemMonitorManagerJNI - SystemMonitorManager - Collected new counter data
2025-05-10 14:18:47 [pool-2-thread-1] INFO  c.g.y.a.jni.SystemMonitorManagerJNI - SystemMonitorManager - Collected new counter data
2025-05-10 14:18:48 [pool-2-thread-1] INFO  c.g.y.a.jni.SystemMonitorManagerJNI - SystemMonitorManager - Collected new counter data
2025-05-10 14:18:49 [pool-2-thread-1] INFO  c.g.y.a.jni.SystemMonitorManagerJNI - SystemMonitorManager - Collected new counter data
2025-05-10 14:18:50 [pool-2-thread-1] INFO  c.g.y.a.jni.SystemMonitorManagerJNI - SystemMonitorManager - Collected new counter data
2025-05-10 14:18:51 [pool-2-thread-1] INFO  c.g.y.a.jni.SystemMonitorManagerJNI - SystemMonitorManager - Collected new counter data
2025-05-10 14:18:52 [pool-2-thread-1] INFO  c.g.y.a.jni.SystemMonitorManagerJNI - SystemMonitorManager - Collected new counter data
2025-05-10 14:18:53 [pool-2-thread-1] INFO  c.g.y.a.jni.SystemMonitorManagerJNI - SystemMonitorManager - Collected new counter data
2025-05-10 14:18:54 [pool-2-thread-1] INFO  c.g.y.a.jni.SystemMonitorManagerJNI - SystemMonitorManager - Collected new counter data
2025-05-10 14:18:55 [pool-2-thread-1] INFO  c.g.y.a.jni.SystemMonitorManagerJNI - SystemMonitorManager - Collected new counter data
2025-05-10 14:18:56 [pool-2-thread-1] INFO  c.g.y.a.jni.SystemMonitorManagerJNI - SystemMonitorManager - Collected new counter data
2025-05-10 14:18:57 [pool-2-thread-1] INFO  c.g.y.a.jni.SystemMonitorManagerJNI - SystemMonitorManager - Collected new counter data
2025-05-10 14:18:58 [pool-2-thread-1] INFO  c.g.y.a.jni.SystemMonitorManagerJNI - SystemMonitorManager - Collected new counter data
2025-05-10 14:18:59 [pool-2-thread-1] INFO  c.g.y.a.jni.SystemMonitorManagerJNI - SystemMonitorManager - Collected new counter data
2025-05-10 14:19:00 [pool-2-thread-1] INFO  c.g.y.a.jni.SystemMonitorManagerJNI - SystemMonitorManager - Collected new counter data
2025-05-10 14:19:01 [pool-2-thread-1] INFO  c.g.y.a.jni.SystemMonitorManagerJNI - SystemMonitorManager - Collected new counter data
2025-05-10 14:19:02 [pool-2-thread-1] INFO  c.g.y.a.jni.SystemMonitorManagerJNI - SystemMonitorManager - Collected new counter data
2025-05-10 14:19:03 [pool-2-thread-1] INFO  c.g.y.a.jni.SystemMonitorManagerJNI - SystemMonitorManager - Collected new counter data
2025-05-10 14:19:04 [pool-2-thread-1] INFO  c.g.y.a.jni.SystemMonitorManagerJNI - SystemMonitorManager - Collected new counter data
2025-05-10 14:19:05 [pool-2-thread-1] INFO  c.g.y.a.jni.SystemMonitorManagerJNI - SystemMonitorManager - Collected new counter data
2025-05-10 14:19:06 [pool-2-thread-1] INFO  c.g.y.a.jni.SystemMonitorManagerJNI - SystemMonitorManager - Collected new counter data
2025-05-10 14:19:07 [pool-2-thread-1] INFO  c.g.y.a.jni.SystemMonitorManagerJNI - SystemMonitorManager - Collected new counter data
2025-05-10 14:19:08 [pool-2-thread-1] INFO  c.g.y.a.jni.SystemMonitorManagerJNI - SystemMonitorManager - Collected new counter data
2025-05-10 14:19:09 [pool-2-thread-1] INFO  c.g.y.a.jni.SystemMonitorManagerJNI - SystemMonitorManager - Collected new counter data
2025-05-10 14:19:10 [pool-2-thread-1] INFO  c.g.y.a.jni.SystemMonitorManagerJNI - SystemMonitorManager - Collected new counter data
2025-05-10 14:19:11 [pool-2-thread-1] INFO  c.g.y.a.jni.SystemMonitorManagerJNI - SystemMonitorManager - Collected new counter data
2025-05-10 14:19:12 [pool-2-thread-1] INFO  c.g.y.a.jni.SystemMonitorManagerJNI - SystemMonitorManager - Collected new counter data
2025-05-10 14:19:13 [pool-2-thread-1] INFO  c.g.y.a.jni.SystemMonitorManagerJNI - SystemMonitorManager - Collected new counter data
2025-05-10 14:19:14 [pool-2-thread-1] INFO  c.g.y.a.jni.SystemMonitorManagerJNI - SystemMonitorManager - Collected new counter data
2025-05-10 14:19:15 [pool-2-thread-1] INFO  c.g.y.a.jni.SystemMonitorManagerJNI - SystemMonitorManager - Collected new counter data
2025-05-10 14:19:16 [pool-2-thread-1] INFO  c.g.y.a.jni.SystemMonitorManagerJNI - SystemMonitorManager - Collected new counter data
2025-05-10 14:19:17 [pool-2-thread-1] INFO  c.g.y.a.jni.SystemMonitorManagerJNI - SystemMonitorManager - Collected new counter data
2025-05-10 14:19:18 [pool-2-thread-1] INFO  c.g.y.a.jni.SystemMonitorManagerJNI - SystemMonitorManager - Collected new counter data
2025-05-10 14:19:19 [pool-2-thread-1] INFO  c.g.y.a.jni.SystemMonitorManagerJNI - SystemMonitorManager - Collected new counter data
2025-05-10 14:19:20 [pool-2-thread-1] INFO  c.g.y.a.jni.SystemMonitorManagerJNI - SystemMonitorManager - Collected new counter data
2025-05-10 14:19:21 [pool-2-thread-1] INFO  c.g.y.a.jni.SystemMonitorManagerJNI - SystemMonitorManager - Collected new counter data
2025-05-10 14:19:22 [pool-2-thread-1] INFO  c.g.y.a.jni.SystemMonitorManagerJNI - SystemMonitorManager - Collected new counter data
2025-05-10 14:19:23 [pool-2-thread-1] INFO  c.g.y.a.jni.SystemMonitorManagerJNI - SystemMonitorManager - Collected new counter data
2025-05-10 14:19:24 [pool-2-thread-1] INFO  c.g.y.a.jni.SystemMonitorManagerJNI - SystemMonitorManager - Collected new counter data
2025-05-10 14:19:25 [pool-2-thread-1] INFO  c.g.y.a.jni.SystemMonitorManagerJNI - SystemMonitorManager - Collected new counter data
2025-05-10 14:19:26 [pool-2-thread-1] INFO  c.g.y.a.jni.SystemMonitorManagerJNI - SystemMonitorManager - Collected new counter data
2025-05-10 14:19:27 [pool-2-thread-1] INFO  c.g.y.a.jni.SystemMonitorManagerJNI - SystemMonitorManager - Collected new counter data
2025-05-10 14:19:28 [pool-2-thread-1] INFO  c.g.y.a.jni.SystemMonitorManagerJNI - SystemMonitorManager - Collected new counter data
2025-05-10 14:19:29 [pool-2-thread-1] INFO  c.g.y.a.jni.SystemMonitorManagerJNI - SystemMonitorManager - Collected new counter data
2025-05-10 14:19:30 [pool-2-thread-1] INFO  c.g.y.a.jni.SystemMonitorManagerJNI - SystemMonitorManager - Collected new counter data
2025-05-10 14:19:31 [pool-2-thread-1] INFO  c.g.y.a.jni.SystemMonitorManagerJNI - SystemMonitorManager - Collected new counter data
2025-05-10 14:19:32 [pool-2-thread-1] INFO  c.g.y.a.jni.SystemMonitorManagerJNI - SystemMonitorManager - Collected new counter data
2025-05-10 14:19:33 [pool-2-thread-1] INFO  c.g.y.a.jni.SystemMonitorManagerJNI - SystemMonitorManager - Collected new counter data
2025-05-10 14:19:34 [pool-2-thread-1] INFO  c.g.y.a.jni.SystemMonitorManagerJNI - SystemMonitorManager - Collected new counter data
2025-05-10 14:19:35 [pool-2-thread-1] INFO  c.g.y.a.jni.SystemMonitorManagerJNI - SystemMonitorManager - Collected new counter data
2025-05-10 14:19:36 [pool-2-thread-1] INFO  c.g.y.a.jni.SystemMonitorManagerJNI - SystemMonitorManager - Collected new counter data
2025-05-10 14:19:37 [pool-2-thread-1] INFO  c.g.y.a.jni.SystemMonitorManagerJNI - SystemMonitorManager - Collected new counter data
2025-05-10 14:19:38 [pool-2-thread-1] INFO  c.g.y.a.jni.SystemMonitorManagerJNI - SystemMonitorManager - Collected new counter data
2025-05-10 14:19:39 [pool-2-thread-1] INFO  c.g.y.a.jni.SystemMonitorManagerJNI - SystemMonitorManager - Collected new counter data
2025-05-10 14:19:40 [pool-2-thread-1] INFO  c.g.y.a.jni.SystemMonitorManagerJNI - SystemMonitorManager - Collected new counter data
2025-05-10 14:19:41 [pool-2-thread-1] INFO  c.g.y.a.jni.SystemMonitorManagerJNI - SystemMonitorManager - Collected new counter data
2025-05-10 14:19:42 [pool-2-thread-1] INFO  c.g.y.a.jni.SystemMonitorManagerJNI - SystemMonitorManager - Collected new counter data
2025-05-10 14:19:43 [pool-2-thread-1] INFO  c.g.y.a.jni.SystemMonitorManagerJNI - SystemMonitorManager - Collected new counter data
2025-05-10 14:19:44 [pool-2-thread-1] INFO  c.g.y.a.jni.SystemMonitorManagerJNI - SystemMonitorManager - Collected new counter data
2025-05-10 14:19:45 [pool-2-thread-1] INFO  c.g.y.a.jni.SystemMonitorManagerJNI - SystemMonitorManager - Collected new counter data
2025-05-10 14:19:46 [pool-2-thread-1] INFO  c.g.y.a.jni.SystemMonitorManagerJNI - SystemMonitorManager - Collected new counter data
2025-05-10 14:19:47 [pool-2-thread-1] INFO  c.g.y.a.jni.SystemMonitorManagerJNI - SystemMonitorManager - Collected new counter data
2025-05-10 14:19:48 [pool-2-thread-1] INFO  c.g.y.a.jni.SystemMonitorManagerJNI - SystemMonitorManager - Collected new counter data
2025-05-10 14:19:49 [pool-2-thread-1] INFO  c.g.y.a.jni.SystemMonitorManagerJNI - SystemMonitorManager - Collected new counter data
2025-05-10 14:19:50 [pool-2-thread-1] INFO  c.g.y.a.jni.SystemMonitorManagerJNI - SystemMonitorManager - Collected new counter data
2025-05-10 14:19:51 [pool-2-thread-1] INFO  c.g.y.a.jni.SystemMonitorManagerJNI - SystemMonitorManager - Collected new counter data
2025-05-10 14:19:52 [pool-2-thread-1] INFO  c.g.y.a.jni.SystemMonitorManagerJNI - SystemMonitorManager - Collected new counter data
2025-05-10 14:19:53 [pool-2-thread-1] INFO  c.g.y.a.jni.SystemMonitorManagerJNI - SystemMonitorManager - Collected new counter data
2025-05-10 14:19:54 [pool-2-thread-1] INFO  c.g.y.a.jni.SystemMonitorManagerJNI - SystemMonitorManager - Collected new counter data
2025-05-10 14:19:55 [pool-2-thread-1] INFO  c.g.y.a.jni.SystemMonitorManagerJNI - SystemMonitorManager - Collected new counter data
2025-05-10 14:19:56 [pool-2-thread-1] INFO  c.g.y.a.jni.SystemMonitorManagerJNI - SystemMonitorManager - Collected new counter data
2025-05-10 14:19:57 [pool-2-thread-1] INFO  c.g.y.a.jni.SystemMonitorManagerJNI - SystemMonitorManager - Collected new counter data
2025-05-10 14:19:58 [pool-2-thread-1] INFO  c.g.y.a.jni.SystemMonitorManagerJNI - SystemMonitorManager - Collected new counter data
2025-05-10 14:19:59 [pool-2-thread-1] INFO  c.g.y.a.jni.SystemMonitorManagerJNI - SystemMonitorManager - Collected new counter data
2025-05-10 14:20:00 [pool-2-thread-1] INFO  c.g.y.a.jni.SystemMonitorManagerJNI - SystemMonitorManager - Collected new counter data
2025-05-10 14:20:01 [pool-2-thread-1] INFO  c.g.y.a.jni.SystemMonitorManagerJNI - SystemMonitorManager - Collected new counter data
2025-05-10 14:20:02 [pool-2-thread-1] INFO  c.g.y.a.jni.SystemMonitorManagerJNI - SystemMonitorManager - Collected new counter data
2025-05-10 14:20:03 [pool-2-thread-1] INFO  c.g.y.a.jni.SystemMonitorManagerJNI - SystemMonitorManager - Collected new counter data
2025-05-10 14:20:04 [pool-2-thread-1] INFO  c.g.y.a.jni.SystemMonitorManagerJNI - SystemMonitorManager - Collected new counter data
2025-05-10 14:20:05 [pool-2-thread-1] INFO  c.g.y.a.jni.SystemMonitorManagerJNI - SystemMonitorManager - Collected new counter data
2025-05-10 14:20:06 [pool-2-thread-1] INFO  c.g.y.a.jni.SystemMonitorManagerJNI - SystemMonitorManager - Collected new counter data
2025-05-10 14:20:07 [pool-2-thread-1] INFO  c.g.y.a.jni.SystemMonitorManagerJNI - SystemMonitorManager - Collected new counter data
2025-05-10 14:20:08 [pool-2-thread-1] INFO  c.g.y.a.jni.SystemMonitorManagerJNI - SystemMonitorManager - Collected new counter data
2025-05-10 14:20:09 [pool-2-thread-1] INFO  c.g.y.a.jni.SystemMonitorManagerJNI - SystemMonitorManager - Collected new counter data
2025-05-10 14:20:10 [pool-2-thread-1] INFO  c.g.y.a.jni.SystemMonitorManagerJNI - SystemMonitorManager - Collected new counter data
2025-05-10 14:20:11 [pool-2-thread-1] INFO  c.g.y.a.jni.SystemMonitorManagerJNI - SystemMonitorManager - Collected new counter data
2025-05-10 14:20:12 [pool-2-thread-1] INFO  c.g.y.a.jni.SystemMonitorManagerJNI - SystemMonitorManager - Collected new counter data
2025-05-10 14:20:13 [pool-2-thread-1] INFO  c.g.y.a.jni.SystemMonitorManagerJNI - SystemMonitorManager - Collected new counter data
2025-05-10 14:20:14 [pool-2-thread-1] INFO  c.g.y.a.jni.SystemMonitorManagerJNI - SystemMonitorManager - Collected new counter data
2025-05-10 14:20:15 [pool-2-thread-1] INFO  c.g.y.a.jni.SystemMonitorManagerJNI - SystemMonitorManager - Collected new counter data
2025-05-10 14:20:16 [pool-2-thread-1] INFO  c.g.y.a.jni.SystemMonitorManagerJNI - SystemMonitorManager - Collected new counter data
2025-05-10 14:20:17 [pool-2-thread-1] INFO  c.g.y.a.jni.SystemMonitorManagerJNI - SystemMonitorManager - Collected new counter data
2025-05-10 14:20:18 [pool-2-thread-1] INFO  c.g.y.a.jni.SystemMonitorManagerJNI - SystemMonitorManager - Collected new counter data
2025-05-10 14:20:19 [pool-2-thread-1] INFO  c.g.y.a.jni.SystemMonitorManagerJNI - SystemMonitorManager - Collected new counter data
2025-05-10 14:20:20 [pool-2-thread-1] INFO  c.g.y.a.jni.SystemMonitorManagerJNI - SystemMonitorManager - Collected new counter data
2025-05-10 14:20:21 [pool-2-thread-1] INFO  c.g.y.a.jni.SystemMonitorManagerJNI - SystemMonitorManager - Collected new counter data
2025-05-10 14:20:22 [pool-2-thread-1] INFO  c.g.y.a.jni.SystemMonitorManagerJNI - SystemMonitorManager - Collected new counter data
2025-05-10 14:20:23 [pool-2-thread-1] INFO  c.g.y.a.jni.SystemMonitorManagerJNI - SystemMonitorManager - Collected new counter data
2025-05-10 14:20:24 [pool-2-thread-1] INFO  c.g.y.a.jni.SystemMonitorManagerJNI - SystemMonitorManager - Collected new counter data
2025-05-10 14:20:25 [pool-2-thread-1] INFO  c.g.y.a.jni.SystemMonitorManagerJNI - SystemMonitorManager - Collected new counter data
2025-05-10 14:20:26 [pool-2-thread-1] INFO  c.g.y.a.jni.SystemMonitorManagerJNI - SystemMonitorManager - Collected new counter data
2025-05-10 14:20:27 [pool-2-thread-1] INFO  c.g.y.a.jni.SystemMonitorManagerJNI - SystemMonitorManager - Collected new counter data
2025-05-10 14:20:28 [pool-2-thread-1] INFO  c.g.y.a.jni.SystemMonitorManagerJNI - SystemMonitorManager - Collected new counter data
2025-05-10 14:20:29 [pool-2-thread-1] INFO  c.g.y.a.jni.SystemMonitorManagerJNI - SystemMonitorManager - Collected new counter data
2025-05-10 14:20:30 [pool-2-thread-1] INFO  c.g.y.a.jni.SystemMonitorManagerJNI - SystemMonitorManager - Collected new counter data
2025-05-10 14:20:31 [pool-2-thread-1] INFO  c.g.y.a.jni.SystemMonitorManagerJNI - SystemMonitorManager - Collected new counter data
2025-05-10 14:20:32 [pool-2-thread-1] INFO  c.g.y.a.jni.SystemMonitorManagerJNI - SystemMonitorManager - Collected new counter data
2025-05-10 14:20:33 [pool-2-thread-1] INFO  c.g.y.a.jni.SystemMonitorManagerJNI - SystemMonitorManager - Collected new counter data
2025-05-10 14:20:34 [pool-2-thread-1] INFO  c.g.y.a.jni.SystemMonitorManagerJNI - SystemMonitorManager - Collected new counter data
2025-05-10 14:20:35 [pool-2-thread-1] INFO  c.g.y.a.jni.SystemMonitorManagerJNI - SystemMonitorManager - Collected new counter data
2025-05-10 14:20:36 [pool-2-thread-1] INFO  c.g.y.a.jni.SystemMonitorManagerJNI - SystemMonitorManager - Collected new counter data
2025-05-10 14:20:37 [pool-2-thread-1] INFO  c.g.y.a.jni.SystemMonitorManagerJNI - SystemMonitorManager - Collected new counter data
2025-05-10 14:20:38 [pool-2-thread-1] INFO  c.g.y.a.jni.SystemMonitorManagerJNI - SystemMonitorManager - Collected new counter data
2025-05-10 14:20:39 [pool-2-thread-1] INFO  c.g.y.a.jni.SystemMonitorManagerJNI - SystemMonitorManager - Collected new counter data
2025-05-10 14:20:40 [SpringApplicationShutdownHook] INFO  o.s.b.w.e.tomcat.GracefulShutdown - Commencing graceful shutdown. Waiting for active requests to complete
2025-05-10 14:20:40 [tomcat-shutdown] INFO  o.s.b.w.e.tomcat.GracefulShutdown - Graceful shutdown complete
2025-05-10 14:20:40 [SpringApplicationShutdownHook] INFO  c.g.y.a.s.SystemMetricsCollector - SystemMetricsCollector cleanup - monitor will be closed by Spring context
2025-05-10 14:20:40 [SpringApplicationShutdownHook] INFO  c.g.y.a.jni.SystemMonitorManagerJNI - Successfully released native resources
2025-05-10 14:20:40 [SpringApplicationShutdownHook] INFO  c.g.yamec.app.YamecApplication - CLEANUP - YamecApplication is shutting down...
2025-05-10 14:20:40 [SpringApplicationShutdownHook] INFO  o.s.o.j.LocalContainerEntityManagerFactoryBean - Closing JPA EntityManagerFactory for persistence unit 'default'
2025-05-10 14:20:40 [SpringApplicationShutdownHook] INFO  com.zaxxer.hikari.HikariDataSource - HikariPool-1 - Shutdown initiated...
2025-05-10 14:20:40 [SpringApplicationShutdownHook] INFO  com.zaxxer.hikari.HikariDataSource - HikariPool-1 - Shutdown completed.
2025-05-10 14:34:22 [main] INFO  c.g.yamec.app.YamecApplication - Starting YamecApplication using Java 23.0.2 with PID 58736 (C:\Users\cmarc\IdeaProjects\yamec\yamec\yamec-app\target\yamec-app-0.0.1-SNAPSHOT.jar started by cmarc in C:\Users\cmarc\IdeaProjects\yamec\yamec)
2025-05-10 14:34:22 [main] INFO  c.g.yamec.app.YamecApplication - No active profile set, falling back to 1 default profile: "default"
2025-05-10 14:34:23 [main] INFO  o.s.d.r.c.RepositoryConfigurationDelegate - Bootstrapping Spring Data JPA repositories in DEFAULT mode.
2025-05-10 14:34:23 [main] INFO  o.s.d.r.c.RepositoryConfigurationDelegate - Finished Spring Data repository scanning in 66 ms. Found 13 JPA repository interfaces.
2025-05-10 14:34:24 [main] INFO  o.s.b.w.e.tomcat.TomcatWebServer - Tomcat initialized with port 8084 (http)
2025-05-10 14:34:24 [main] INFO  o.a.catalina.core.StandardService - Starting service [Tomcat]
2025-05-10 14:34:24 [main] INFO  o.a.catalina.core.StandardEngine - Starting Servlet engine: [Apache Tomcat/10.1.36]
2025-05-10 14:34:24 [main] INFO  o.a.c.c.C.[Tomcat].[localhost].[/] - Initializing Spring embedded WebApplicationContext
2025-05-10 14:34:24 [main] INFO  o.s.b.w.s.c.ServletWebServerApplicationContext - Root WebApplicationContext: initialization completed in 1443 ms
2025-05-10 14:34:24 [main] INFO  o.h.jpa.internal.util.LogHelper - HHH000204: Processing PersistenceUnitInfo [name: default]
2025-05-10 14:34:24 [main] INFO  org.hibernate.Version - HHH000412: Hibernate ORM core version 6.6.8.Final
2025-05-10 14:34:24 [main] INFO  o.h.c.i.RegionFactoryInitiator - HHH000026: Second-level cache disabled
2025-05-10 14:34:25 [main] INFO  o.s.o.j.p.SpringPersistenceUnitInfo - No LoadTimeWeaver setup: ignoring JPA class transformer
2025-05-10 14:34:25 [main] INFO  com.zaxxer.hikari.HikariDataSource - HikariPool-1 - Starting...
2025-05-10 14:34:25 [main] INFO  com.zaxxer.hikari.pool.HikariPool - HikariPool-1 - Added connection org.sqlite.jdbc4.JDBC4Connection@71b26880
2025-05-10 14:34:25 [main] INFO  com.zaxxer.hikari.HikariDataSource - HikariPool-1 - Start completed.
2025-05-10 14:34:25 [main] INFO  o.hibernate.orm.connections.pooling - HHH10001005: Database info:
	Database JDBC URL [Connecting through datasource 'HikariDataSource (HikariPool-1)']
	Database driver: undefined/unknown
	Database version: 3.49.1
	Autocommit mode: undefined/unknown
	Isolation level: undefined/unknown
	Minimum pool size: undefined/unknown
	Maximum pool size: undefined/unknown
2025-05-10 14:34:26 [main] INFO  o.h.e.t.j.p.i.JtaPlatformInitiator - HHH000489: No JTA platform available (set 'hibernate.transaction.jta.platform' to enable JTA platform integration)
2025-05-10 14:34:26 [main] INFO  o.s.o.j.LocalContainerEntityManagerFactoryBean - Initialized JPA EntityManagerFactory for persistence unit 'default'
2025-05-10 14:34:26 [main] INFO  o.s.d.j.r.query.QueryEnhancerFactory - Hibernate is in classpath; If applicable, HQL parser will be used.
2025-05-10 14:34:28 [main] INFO  c.g.y.app.config.SystemMonitorConfig - Creating singleton instance of SystemMonitorManagerJNI
2025-05-10 14:34:28 [pool-2-thread-1] INFO  com.github.fommil.jni.JniLoader - successfully loaded C:\Users\cmarc\AppData\Local\Temp\jniloader11551371455935193042yamecjni.dll
2025-05-10 14:34:28 [pool-2-thread-1] INFO  c.g.y.a.jni.SystemMonitorManagerJNI - SystemMonitorManager - Initialized
2025-05-10 14:34:28 [pool-2-thread-1] INFO  c.g.y.a.jni.SystemMonitorManagerJNI - SystemMonitorManager - Collected new counter data
2025-05-10 14:34:29 [main] INFO  c.g.y.a.s.SystemMetricsCollector - Initializing SystemMetricsCollector
2025-05-10 14:34:29 [main] INFO  c.g.y.a.s.SystemMetricsCollector - CPU Hardware Information: Cpu[id=null, friendlyName='AMD Ryzen 9 5950X 16-Core Processor            ', coreCount='16', logicalProcessorCount='32', l1CacheSize='1048576', l2CacheSize='8388608', l3CacheSize='67108864', virtualizationEnabled='true']
2025-05-10 14:34:29 [main] INFO  c.g.y.a.s.SystemMetricsCollector - Memory Hardware Information: MemoryHardwareInformation{id=null, capacity=103079215104, speed=2133, slotsUsed=4, slotsTotal=4, capacityIsUnsigned=true, speedIsUnsigned=true}
2025-05-10 14:34:29 [main] INFO  c.g.y.a.s.SystemMetricsCollector - Disk Hardware Information:
2025-05-10 14:34:29 [main] INFO  c.g.y.a.s.SystemMetricsCollector - com.gibbonsdimarco.yamec.app.data.DiskHardwareInformation@472d3c57
2025-05-10 14:34:29 [main] INFO  c.g.y.a.s.SystemMetricsCollector - com.gibbonsdimarco.yamec.app.data.DiskHardwareInformation@585a2ad9
2025-05-10 14:34:29 [main] INFO  c.g.y.a.s.SystemMetricsCollector - NIC Hardware Information:
2025-05-10 14:34:29 [main] INFO  c.g.y.a.s.SystemMetricsCollector - com.gibbonsdimarco.yamec.app.data.NicHardwareInformation@214d2aa6
2025-05-10 14:34:29 [main] INFO  c.g.y.a.s.SystemMetricsCollector - com.gibbonsdimarco.yamec.app.data.NicHardwareInformation@71134823
2025-05-10 14:34:29 [main] INFO  o.s.b.a.w.s.WelcomePageHandlerMapping - Adding welcome page template: index
2025-05-10 14:34:29 [main] INFO  o.s.b.w.e.tomcat.TomcatWebServer - Tomcat started on port 8084 (http) with context path '/'
2025-05-10 14:34:29 [main] INFO  c.g.yamec.app.YamecApplication - Started YamecApplication in 7.455 seconds (process running for 8.163)
2025-05-10 14:34:29 [pool-2-thread-1] INFO  c.g.y.a.jni.SystemMonitorManagerJNI - SystemMonitorManager - Collected new counter data
2025-05-10 14:34:30 [pool-2-thread-1] INFO  c.g.y.a.jni.SystemMonitorManagerJNI - SystemMonitorManager - Collected new counter data
2025-05-10 14:34:30 [main] INFO  c.g.yamec.app.YamecApplication - User home directory: C:\Users\cmarc
2025-05-10 14:34:30 [main] INFO  c.g.yamec.app.YamecApplication - Yamec Application Started
2025-05-10 14:34:30 [pool-2-thread-1] INFO  c.g.y.a.jni.SystemMonitorManagerJNI - SystemMonitorManager - Collected new counter data
2025-05-10 14:34:31 [http-nio-8084-exec-1] INFO  o.a.c.c.C.[Tomcat].[localhost].[/] - Initializing Spring DispatcherServlet 'dispatcherServlet'
2025-05-10 14:34:31 [http-nio-8084-exec-1] INFO  o.s.web.servlet.DispatcherServlet - Initializing Servlet 'dispatcherServlet'
2025-05-10 14:34:31 [http-nio-8084-exec-1] INFO  o.s.web.servlet.DispatcherServlet - Completed initialization in 0 ms
2025-05-10 14:34:31 [pool-2-thread-1] INFO  c.g.y.a.jni.SystemMonitorManagerJNI - SystemMonitorManager - Collected new counter data
2025-05-10 14:34:32 [pool-2-thread-1] INFO  c.g.y.a.jni.SystemMonitorManagerJNI - SystemMonitorManager - Collected new counter data
2025-05-10 14:34:33 [pool-2-thread-1] INFO  c.g.y.a.jni.SystemMonitorManagerJNI - SystemMonitorManager - Collected new counter data
2025-05-10 14:34:34 [pool-2-thread-1] INFO  c.g.y.a.jni.SystemMonitorManagerJNI - SystemMonitorManager - Collected new counter data
2025-05-10 14:34:35 [pool-2-thread-1] INFO  c.g.y.a.jni.SystemMonitorManagerJNI - SystemMonitorManager - Collected new counter data
2025-05-10 14:34:36 [pool-2-thread-1] INFO  c.g.y.a.jni.SystemMonitorManagerJNI - SystemMonitorManager - Collected new counter data
2025-05-10 14:34:37 [pool-2-thread-1] INFO  c.g.y.a.jni.SystemMonitorManagerJNI - SystemMonitorManager - Collected new counter data
2025-05-10 14:34:38 [pool-2-thread-1] INFO  c.g.y.a.jni.SystemMonitorManagerJNI - SystemMonitorManager - Collected new counter data
2025-05-10 14:34:39 [pool-2-thread-1] INFO  c.g.y.a.jni.SystemMonitorManagerJNI - SystemMonitorManager - Collected new counter data
2025-05-10 14:34:40 [pool-2-thread-1] INFO  c.g.y.a.jni.SystemMonitorManagerJNI - SystemMonitorManager - Collected new counter data
2025-05-10 14:34:41 [pool-2-thread-1] INFO  c.g.y.a.jni.SystemMonitorManagerJNI - SystemMonitorManager - Collected new counter data
2025-05-10 14:34:42 [pool-2-thread-1] INFO  c.g.y.a.jni.SystemMonitorManagerJNI - SystemMonitorManager - Collected new counter data
2025-05-10 14:34:43 [pool-2-thread-1] INFO  c.g.y.a.jni.SystemMonitorManagerJNI - SystemMonitorManager - Collected new counter data
2025-05-10 14:34:44 [pool-2-thread-1] INFO  c.g.y.a.jni.SystemMonitorManagerJNI - SystemMonitorManager - Collected new counter data
2025-05-10 14:34:45 [pool-2-thread-1] INFO  c.g.y.a.jni.SystemMonitorManagerJNI - SystemMonitorManager - Collected new counter data
2025-05-10 14:34:46 [pool-2-thread-1] INFO  c.g.y.a.jni.SystemMonitorManagerJNI - SystemMonitorManager - Collected new counter data
2025-05-10 14:34:47 [pool-2-thread-1] INFO  c.g.y.a.jni.SystemMonitorManagerJNI - SystemMonitorManager - Collected new counter data
2025-05-10 14:34:48 [pool-2-thread-1] INFO  c.g.y.a.jni.SystemMonitorManagerJNI - SystemMonitorManager - Collected new counter data
2025-05-10 14:34:49 [pool-2-thread-1] INFO  c.g.y.a.jni.SystemMonitorManagerJNI - SystemMonitorManager - Collected new counter data
2025-05-10 14:34:50 [pool-2-thread-1] INFO  c.g.y.a.jni.SystemMonitorManagerJNI - SystemMonitorManager - Collected new counter data
2025-05-10 14:34:51 [pool-2-thread-1] INFO  c.g.y.a.jni.SystemMonitorManagerJNI - SystemMonitorManager - Collected new counter data
2025-05-10 14:34:52 [pool-2-thread-1] INFO  c.g.y.a.jni.SystemMonitorManagerJNI - SystemMonitorManager - Collected new counter data
2025-05-10 14:34:53 [pool-2-thread-1] INFO  c.g.y.a.jni.SystemMonitorManagerJNI - SystemMonitorManager - Collected new counter data
2025-05-10 14:34:54 [pool-2-thread-1] INFO  c.g.y.a.jni.SystemMonitorManagerJNI - SystemMonitorManager - Collected new counter data
2025-05-10 14:34:55 [pool-2-thread-1] INFO  c.g.y.a.jni.SystemMonitorManagerJNI - SystemMonitorManager - Collected new counter data
2025-05-10 14:34:56 [pool-2-thread-1] INFO  c.g.y.a.jni.SystemMonitorManagerJNI - SystemMonitorManager - Collected new counter data
2025-05-10 14:34:57 [pool-2-thread-1] INFO  c.g.y.a.jni.SystemMonitorManagerJNI - SystemMonitorManager - Collected new counter data
2025-05-10 14:34:58 [pool-2-thread-1] INFO  c.g.y.a.jni.SystemMonitorManagerJNI - SystemMonitorManager - Collected new counter data
2025-05-10 14:34:59 [pool-2-thread-1] INFO  c.g.y.a.jni.SystemMonitorManagerJNI - SystemMonitorManager - Collected new counter data
2025-05-10 14:35:00 [pool-2-thread-1] INFO  c.g.y.a.jni.SystemMonitorManagerJNI - SystemMonitorManager - Collected new counter data
2025-05-10 14:35:01 [pool-2-thread-1] INFO  c.g.y.a.jni.SystemMonitorManagerJNI - SystemMonitorManager - Collected new counter data
2025-05-10 14:35:02 [pool-2-thread-1] INFO  c.g.y.a.jni.SystemMonitorManagerJNI - SystemMonitorManager - Collected new counter data
2025-05-10 14:35:03 [pool-2-thread-1] INFO  c.g.y.a.jni.SystemMonitorManagerJNI - SystemMonitorManager - Collected new counter data
2025-05-10 14:35:04 [pool-2-thread-1] INFO  c.g.y.a.jni.SystemMonitorManagerJNI - SystemMonitorManager - Collected new counter data
2025-05-10 14:35:05 [pool-2-thread-1] INFO  c.g.y.a.jni.SystemMonitorManagerJNI - SystemMonitorManager - Collected new counter data
2025-05-10 14:35:06 [pool-2-thread-1] INFO  c.g.y.a.jni.SystemMonitorManagerJNI - SystemMonitorManager - Collected new counter data
2025-05-10 14:35:07 [pool-2-thread-1] INFO  c.g.y.a.jni.SystemMonitorManagerJNI - SystemMonitorManager - Collected new counter data
2025-05-10 14:35:08 [pool-2-thread-1] INFO  c.g.y.a.jni.SystemMonitorManagerJNI - SystemMonitorManager - Collected new counter data
2025-05-10 14:35:09 [pool-2-thread-1] INFO  c.g.y.a.jni.SystemMonitorManagerJNI - SystemMonitorManager - Collected new counter data
2025-05-10 14:35:10 [pool-2-thread-1] INFO  c.g.y.a.jni.SystemMonitorManagerJNI - SystemMonitorManager - Collected new counter data
2025-05-10 14:35:11 [pool-2-thread-1] INFO  c.g.y.a.jni.SystemMonitorManagerJNI - SystemMonitorManager - Collected new counter data
2025-05-10 14:35:12 [pool-2-thread-1] INFO  c.g.y.a.jni.SystemMonitorManagerJNI - SystemMonitorManager - Collected new counter data
2025-05-10 14:35:13 [pool-2-thread-1] INFO  c.g.y.a.jni.SystemMonitorManagerJNI - SystemMonitorManager - Collected new counter data
2025-05-10 14:35:14 [pool-2-thread-1] INFO  c.g.y.a.jni.SystemMonitorManagerJNI - SystemMonitorManager - Collected new counter data
2025-05-10 14:35:15 [pool-2-thread-1] INFO  c.g.y.a.jni.SystemMonitorManagerJNI - SystemMonitorManager - Collected new counter data
2025-05-10 14:35:16 [pool-2-thread-1] INFO  c.g.y.a.jni.SystemMonitorManagerJNI - SystemMonitorManager - Collected new counter data
2025-05-10 14:35:17 [pool-2-thread-1] INFO  c.g.y.a.jni.SystemMonitorManagerJNI - SystemMonitorManager - Collected new counter data
2025-05-10 14:35:18 [pool-2-thread-1] INFO  c.g.y.a.jni.SystemMonitorManagerJNI - SystemMonitorManager - Collected new counter data
2025-05-10 14:35:19 [pool-2-thread-1] INFO  c.g.y.a.jni.SystemMonitorManagerJNI - SystemMonitorManager - Collected new counter data
2025-05-10 14:35:20 [pool-2-thread-1] INFO  c.g.y.a.jni.SystemMonitorManagerJNI - SystemMonitorManager - Collected new counter data
2025-05-10 14:35:21 [pool-2-thread-1] INFO  c.g.y.a.jni.SystemMonitorManagerJNI - SystemMonitorManager - Collected new counter data
2025-05-10 14:35:22 [pool-2-thread-1] INFO  c.g.y.a.jni.SystemMonitorManagerJNI - SystemMonitorManager - Collected new counter data
2025-05-10 14:35:23 [pool-2-thread-1] INFO  c.g.y.a.jni.SystemMonitorManagerJNI - SystemMonitorManager - Collected new counter data
2025-05-10 14:35:24 [pool-2-thread-1] INFO  c.g.y.a.jni.SystemMonitorManagerJNI - SystemMonitorManager - Collected new counter data
2025-05-10 14:35:25 [pool-2-thread-1] INFO  c.g.y.a.jni.SystemMonitorManagerJNI - SystemMonitorManager - Collected new counter data
2025-05-10 14:35:26 [pool-2-thread-1] INFO  c.g.y.a.jni.SystemMonitorManagerJNI - SystemMonitorManager - Collected new counter data
2025-05-10 14:35:27 [pool-2-thread-1] INFO  c.g.y.a.jni.SystemMonitorManagerJNI - SystemMonitorManager - Collected new counter data
2025-05-10 14:35:28 [pool-2-thread-1] INFO  c.g.y.a.jni.SystemMonitorManagerJNI - SystemMonitorManager - Collected new counter data
2025-05-10 14:35:29 [pool-2-thread-1] INFO  c.g.y.a.jni.SystemMonitorManagerJNI - SystemMonitorManager - Collected new counter data
2025-05-10 14:35:30 [pool-2-thread-1] INFO  c.g.y.a.jni.SystemMonitorManagerJNI - SystemMonitorManager - Collected new counter data
2025-05-10 14:35:31 [pool-2-thread-1] INFO  c.g.y.a.jni.SystemMonitorManagerJNI - SystemMonitorManager - Collected new counter data
2025-05-10 14:35:32 [pool-2-thread-1] INFO  c.g.y.a.jni.SystemMonitorManagerJNI - SystemMonitorManager - Collected new counter data
2025-05-10 14:35:33 [pool-2-thread-1] INFO  c.g.y.a.jni.SystemMonitorManagerJNI - SystemMonitorManager - Collected new counter data
2025-05-10 14:35:34 [pool-2-thread-1] INFO  c.g.y.a.jni.SystemMonitorManagerJNI - SystemMonitorManager - Collected new counter data
2025-05-10 14:35:35 [pool-2-thread-1] INFO  c.g.y.a.jni.SystemMonitorManagerJNI - SystemMonitorManager - Collected new counter data
2025-05-10 14:35:36 [pool-2-thread-1] INFO  c.g.y.a.jni.SystemMonitorManagerJNI - SystemMonitorManager - Collected new counter data
2025-05-10 14:35:37 [pool-2-thread-1] INFO  c.g.y.a.jni.SystemMonitorManagerJNI - SystemMonitorManager - Collected new counter data
2025-05-10 14:35:38 [pool-2-thread-1] INFO  c.g.y.a.jni.SystemMonitorManagerJNI - SystemMonitorManager - Collected new counter data
2025-05-10 14:35:39 [pool-2-thread-1] INFO  c.g.y.a.jni.SystemMonitorManagerJNI - SystemMonitorManager - Collected new counter data
2025-05-10 14:35:40 [pool-2-thread-1] INFO  c.g.y.a.jni.SystemMonitorManagerJNI - SystemMonitorManager - Collected new counter data
2025-05-10 14:35:41 [pool-2-thread-1] INFO  c.g.y.a.jni.SystemMonitorManagerJNI - SystemMonitorManager - Collected new counter data
2025-05-10 14:35:42 [pool-2-thread-1] INFO  c.g.y.a.jni.SystemMonitorManagerJNI - SystemMonitorManager - Collected new counter data
2025-05-10 14:35:43 [pool-2-thread-1] INFO  c.g.y.a.jni.SystemMonitorManagerJNI - SystemMonitorManager - Collected new counter data
2025-05-10 14:35:44 [pool-2-thread-1] INFO  c.g.y.a.jni.SystemMonitorManagerJNI - SystemMonitorManager - Collected new counter data
2025-05-10 14:35:45 [pool-2-thread-1] INFO  c.g.y.a.jni.SystemMonitorManagerJNI - SystemMonitorManager - Collected new counter data
2025-05-10 14:35:46 [pool-2-thread-1] INFO  c.g.y.a.jni.SystemMonitorManagerJNI - SystemMonitorManager - Collected new counter data
2025-05-10 14:35:47 [pool-2-thread-1] INFO  c.g.y.a.jni.SystemMonitorManagerJNI - SystemMonitorManager - Collected new counter data
2025-05-10 14:35:48 [pool-2-thread-1] INFO  c.g.y.a.jni.SystemMonitorManagerJNI - SystemMonitorManager - Collected new counter data
2025-05-10 14:35:49 [pool-2-thread-1] INFO  c.g.y.a.jni.SystemMonitorManagerJNI - SystemMonitorManager - Collected new counter data
2025-05-10 14:35:50 [pool-2-thread-1] INFO  c.g.y.a.jni.SystemMonitorManagerJNI - SystemMonitorManager - Collected new counter data
2025-05-10 14:35:51 [pool-2-thread-1] INFO  c.g.y.a.jni.SystemMonitorManagerJNI - SystemMonitorManager - Collected new counter data
2025-05-10 14:35:52 [pool-2-thread-1] INFO  c.g.y.a.jni.SystemMonitorManagerJNI - SystemMonitorManager - Collected new counter data
2025-05-10 14:35:53 [pool-2-thread-1] INFO  c.g.y.a.jni.SystemMonitorManagerJNI - SystemMonitorManager - Collected new counter data
2025-05-10 14:35:54 [pool-2-thread-1] INFO  c.g.y.a.jni.SystemMonitorManagerJNI - SystemMonitorManager - Collected new counter data
2025-05-10 14:35:55 [pool-2-thread-1] INFO  c.g.y.a.jni.SystemMonitorManagerJNI - SystemMonitorManager - Collected new counter data
2025-05-10 14:35:56 [pool-2-thread-1] INFO  c.g.y.a.jni.SystemMonitorManagerJNI - SystemMonitorManager - Collected new counter data
2025-05-10 14:35:57 [pool-2-thread-1] INFO  c.g.y.a.jni.SystemMonitorManagerJNI - SystemMonitorManager - Collected new counter data
2025-05-10 14:35:58 [pool-2-thread-1] INFO  c.g.y.a.jni.SystemMonitorManagerJNI - SystemMonitorManager - Collected new counter data
2025-05-10 14:35:59 [pool-2-thread-1] INFO  c.g.y.a.jni.SystemMonitorManagerJNI - SystemMonitorManager - Collected new counter data
2025-05-10 14:36:00 [pool-2-thread-1] INFO  c.g.y.a.jni.SystemMonitorManagerJNI - SystemMonitorManager - Collected new counter data
2025-05-10 14:36:01 [pool-2-thread-1] INFO  c.g.y.a.jni.SystemMonitorManagerJNI - SystemMonitorManager - Collected new counter data
2025-05-10 14:36:02 [pool-2-thread-1] INFO  c.g.y.a.jni.SystemMonitorManagerJNI - SystemMonitorManager - Collected new counter data
2025-05-10 14:36:03 [pool-2-thread-1] INFO  c.g.y.a.jni.SystemMonitorManagerJNI - SystemMonitorManager - Collected new counter data
2025-05-10 14:36:04 [pool-2-thread-1] INFO  c.g.y.a.jni.SystemMonitorManagerJNI - SystemMonitorManager - Collected new counter data
2025-05-10 14:36:05 [pool-2-thread-1] INFO  c.g.y.a.jni.SystemMonitorManagerJNI - SystemMonitorManager - Collected new counter data
2025-05-10 14:36:06 [pool-2-thread-1] INFO  c.g.y.a.jni.SystemMonitorManagerJNI - SystemMonitorManager - Collected new counter data
2025-05-10 14:36:07 [pool-2-thread-1] INFO  c.g.y.a.jni.SystemMonitorManagerJNI - SystemMonitorManager - Collected new counter data
2025-05-10 14:36:08 [pool-2-thread-1] INFO  c.g.y.a.jni.SystemMonitorManagerJNI - SystemMonitorManager - Collected new counter data
2025-05-10 14:36:09 [pool-2-thread-1] INFO  c.g.y.a.jni.SystemMonitorManagerJNI - SystemMonitorManager - Collected new counter data
2025-05-10 14:36:10 [pool-2-thread-1] INFO  c.g.y.a.jni.SystemMonitorManagerJNI - SystemMonitorManager - Collected new counter data
2025-05-10 14:36:11 [pool-2-thread-1] INFO  c.g.y.a.jni.SystemMonitorManagerJNI - SystemMonitorManager - Collected new counter data
2025-05-10 14:36:12 [pool-2-thread-1] INFO  c.g.y.a.jni.SystemMonitorManagerJNI - SystemMonitorManager - Collected new counter data
2025-05-10 14:36:13 [pool-2-thread-1] INFO  c.g.y.a.jni.SystemMonitorManagerJNI - SystemMonitorManager - Collected new counter data
2025-05-10 14:36:14 [pool-2-thread-1] INFO  c.g.y.a.jni.SystemMonitorManagerJNI - SystemMonitorManager - Collected new counter data
2025-05-10 14:36:15 [pool-2-thread-1] INFO  c.g.y.a.jni.SystemMonitorManagerJNI - SystemMonitorManager - Collected new counter data
2025-05-10 14:36:16 [pool-2-thread-1] INFO  c.g.y.a.jni.SystemMonitorManagerJNI - SystemMonitorManager - Collected new counter data
2025-05-10 14:36:17 [pool-2-thread-1] INFO  c.g.y.a.jni.SystemMonitorManagerJNI - SystemMonitorManager - Collected new counter data
2025-05-10 14:36:18 [pool-2-thread-1] INFO  c.g.y.a.jni.SystemMonitorManagerJNI - SystemMonitorManager - Collected new counter data
2025-05-10 14:36:19 [pool-2-thread-1] INFO  c.g.y.a.jni.SystemMonitorManagerJNI - SystemMonitorManager - Collected new counter data
2025-05-10 14:36:20 [pool-2-thread-1] INFO  c.g.y.a.jni.SystemMonitorManagerJNI - SystemMonitorManager - Collected new counter data
2025-05-10 14:36:21 [pool-2-thread-1] INFO  c.g.y.a.jni.SystemMonitorManagerJNI - SystemMonitorManager - Collected new counter data
2025-05-10 14:36:22 [pool-2-thread-1] INFO  c.g.y.a.jni.SystemMonitorManagerJNI - SystemMonitorManager - Collected new counter data
2025-05-10 14:36:23 [pool-2-thread-1] INFO  c.g.y.a.jni.SystemMonitorManagerJNI - SystemMonitorManager - Collected new counter data
2025-05-10 14:36:24 [pool-2-thread-1] INFO  c.g.y.a.jni.SystemMonitorManagerJNI - SystemMonitorManager - Collected new counter data
2025-05-10 14:36:25 [pool-2-thread-1] INFO  c.g.y.a.jni.SystemMonitorManagerJNI - SystemMonitorManager - Collected new counter data
2025-05-10 14:36:26 [pool-2-thread-1] INFO  c.g.y.a.jni.SystemMonitorManagerJNI - SystemMonitorManager - Collected new counter data
2025-05-10 14:36:27 [pool-2-thread-1] INFO  c.g.y.a.jni.SystemMonitorManagerJNI - SystemMonitorManager - Collected new counter data
2025-05-10 14:36:28 [pool-2-thread-1] INFO  c.g.y.a.jni.SystemMonitorManagerJNI - SystemMonitorManager - Collected new counter data
2025-05-10 14:36:29 [pool-2-thread-1] INFO  c.g.y.a.jni.SystemMonitorManagerJNI - SystemMonitorManager - Collected new counter data
2025-05-10 14:36:30 [pool-2-thread-1] INFO  c.g.y.a.jni.SystemMonitorManagerJNI - SystemMonitorManager - Collected new counter data
2025-05-10 14:36:31 [pool-2-thread-1] INFO  c.g.y.a.jni.SystemMonitorManagerJNI - SystemMonitorManager - Collected new counter data
2025-05-10 14:36:32 [pool-2-thread-1] INFO  c.g.y.a.jni.SystemMonitorManagerJNI - SystemMonitorManager - Collected new counter data
2025-05-10 14:36:33 [pool-2-thread-1] INFO  c.g.y.a.jni.SystemMonitorManagerJNI - SystemMonitorManager - Collected new counter data
2025-05-10 14:36:34 [pool-2-thread-1] INFO  c.g.y.a.jni.SystemMonitorManagerJNI - SystemMonitorManager - Collected new counter data
2025-05-10 14:36:35 [pool-2-thread-1] INFO  c.g.y.a.jni.SystemMonitorManagerJNI - SystemMonitorManager - Collected new counter data
2025-05-10 14:36:36 [pool-2-thread-1] INFO  c.g.y.a.jni.SystemMonitorManagerJNI - SystemMonitorManager - Collected new counter data
2025-05-10 14:36:37 [pool-2-thread-1] INFO  c.g.y.a.jni.SystemMonitorManagerJNI - SystemMonitorManager - Collected new counter data
2025-05-10 14:36:38 [pool-2-thread-1] INFO  c.g.y.a.jni.SystemMonitorManagerJNI - SystemMonitorManager - Collected new counter data
2025-05-10 14:36:39 [pool-2-thread-1] INFO  c.g.y.a.jni.SystemMonitorManagerJNI - SystemMonitorManager - Collected new counter data
2025-05-10 14:36:40 [pool-2-thread-1] INFO  c.g.y.a.jni.SystemMonitorManagerJNI - SystemMonitorManager - Collected new counter data
2025-05-10 14:36:41 [pool-2-thread-1] INFO  c.g.y.a.jni.SystemMonitorManagerJNI - SystemMonitorManager - Collected new counter data
2025-05-10 14:36:42 [pool-2-thread-1] INFO  c.g.y.a.jni.SystemMonitorManagerJNI - SystemMonitorManager - Collected new counter data
2025-05-10 14:36:43 [pool-2-thread-1] INFO  c.g.y.a.jni.SystemMonitorManagerJNI - SystemMonitorManager - Collected new counter data
2025-05-10 14:36:44 [pool-2-thread-1] INFO  c.g.y.a.jni.SystemMonitorManagerJNI - SystemMonitorManager - Collected new counter data
2025-05-10 14:36:45 [pool-2-thread-1] INFO  c.g.y.a.jni.SystemMonitorManagerJNI - SystemMonitorManager - Collected new counter data
2025-05-10 14:36:46 [pool-2-thread-1] INFO  c.g.y.a.jni.SystemMonitorManagerJNI - SystemMonitorManager - Collected new counter data
2025-05-10 14:36:47 [pool-2-thread-1] INFO  c.g.y.a.jni.SystemMonitorManagerJNI - SystemMonitorManager - Collected new counter data
2025-05-10 14:36:48 [pool-2-thread-1] INFO  c.g.y.a.jni.SystemMonitorManagerJNI - SystemMonitorManager - Collected new counter data
2025-05-10 14:36:49 [pool-2-thread-1] INFO  c.g.y.a.jni.SystemMonitorManagerJNI - SystemMonitorManager - Collected new counter data
2025-05-10 14:36:50 [pool-2-thread-1] INFO  c.g.y.a.jni.SystemMonitorManagerJNI - SystemMonitorManager - Collected new counter data
2025-05-10 14:36:51 [pool-2-thread-1] INFO  c.g.y.a.jni.SystemMonitorManagerJNI - SystemMonitorManager - Collected new counter data
2025-05-10 14:36:52 [pool-2-thread-1] INFO  c.g.y.a.jni.SystemMonitorManagerJNI - SystemMonitorManager - Collected new counter data
2025-05-10 14:36:53 [pool-2-thread-1] INFO  c.g.y.a.jni.SystemMonitorManagerJNI - SystemMonitorManager - Collected new counter data
2025-05-10 14:36:54 [pool-2-thread-1] INFO  c.g.y.a.jni.SystemMonitorManagerJNI - SystemMonitorManager - Collected new counter data
2025-05-10 14:36:55 [pool-2-thread-1] INFO  c.g.y.a.jni.SystemMonitorManagerJNI - SystemMonitorManager - Collected new counter data
2025-05-10 14:36:56 [pool-2-thread-1] INFO  c.g.y.a.jni.SystemMonitorManagerJNI - SystemMonitorManager - Collected new counter data
2025-05-10 14:36:57 [pool-2-thread-1] INFO  c.g.y.a.jni.SystemMonitorManagerJNI - SystemMonitorManager - Collected new counter data
2025-05-10 14:36:58 [pool-2-thread-1] INFO  c.g.y.a.jni.SystemMonitorManagerJNI - SystemMonitorManager - Collected new counter data
2025-05-10 14:36:59 [pool-2-thread-1] INFO  c.g.y.a.jni.SystemMonitorManagerJNI - SystemMonitorManager - Collected new counter data
2025-05-10 14:37:00 [pool-2-thread-1] INFO  c.g.y.a.jni.SystemMonitorManagerJNI - SystemMonitorManager - Collected new counter data
2025-05-10 14:37:01 [pool-2-thread-1] INFO  c.g.y.a.jni.SystemMonitorManagerJNI - SystemMonitorManager - Collected new counter data
2025-05-10 14:37:02 [pool-2-thread-1] INFO  c.g.y.a.jni.SystemMonitorManagerJNI - SystemMonitorManager - Collected new counter data
2025-05-10 14:37:03 [pool-2-thread-1] INFO  c.g.y.a.jni.SystemMonitorManagerJNI - SystemMonitorManager - Collected new counter data
2025-05-10 14:37:04 [pool-2-thread-1] INFO  c.g.y.a.jni.SystemMonitorManagerJNI - SystemMonitorManager - Collected new counter data
2025-05-10 14:37:05 [pool-2-thread-1] INFO  c.g.y.a.jni.SystemMonitorManagerJNI - SystemMonitorManager - Collected new counter data
2025-05-10 14:37:06 [pool-2-thread-1] INFO  c.g.y.a.jni.SystemMonitorManagerJNI - SystemMonitorManager - Collected new counter data
2025-05-10 14:37:07 [pool-2-thread-1] INFO  c.g.y.a.jni.SystemMonitorManagerJNI - SystemMonitorManager - Collected new counter data
2025-05-10 14:37:08 [pool-2-thread-1] INFO  c.g.y.a.jni.SystemMonitorManagerJNI - SystemMonitorManager - Collected new counter data
2025-05-10 14:37:09 [pool-2-thread-1] INFO  c.g.y.a.jni.SystemMonitorManagerJNI - SystemMonitorManager - Collected new counter data
2025-05-10 14:37:10 [pool-2-thread-1] INFO  c.g.y.a.jni.SystemMonitorManagerJNI - SystemMonitorManager - Collected new counter data
2025-05-10 14:37:11 [pool-2-thread-1] INFO  c.g.y.a.jni.SystemMonitorManagerJNI - SystemMonitorManager - Collected new counter data
2025-05-10 14:37:12 [pool-2-thread-1] INFO  c.g.y.a.jni.SystemMonitorManagerJNI - SystemMonitorManager - Collected new counter data
2025-05-10 14:37:13 [pool-2-thread-1] INFO  c.g.y.a.jni.SystemMonitorManagerJNI - SystemMonitorManager - Collected new counter data
2025-05-10 14:37:14 [pool-2-thread-1] INFO  c.g.y.a.jni.SystemMonitorManagerJNI - SystemMonitorManager - Collected new counter data
2025-05-10 14:37:15 [pool-2-thread-1] INFO  c.g.y.a.jni.SystemMonitorManagerJNI - SystemMonitorManager - Collected new counter data
2025-05-10 14:37:16 [pool-2-thread-1] INFO  c.g.y.a.jni.SystemMonitorManagerJNI - SystemMonitorManager - Collected new counter data
2025-05-10 14:37:17 [pool-2-thread-1] INFO  c.g.y.a.jni.SystemMonitorManagerJNI - SystemMonitorManager - Collected new counter data
2025-05-10 14:37:18 [pool-2-thread-1] INFO  c.g.y.a.jni.SystemMonitorManagerJNI - SystemMonitorManager - Collected new counter data
2025-05-10 14:37:19 [pool-2-thread-1] INFO  c.g.y.a.jni.SystemMonitorManagerJNI - SystemMonitorManager - Collected new counter data
2025-05-10 14:37:20 [pool-2-thread-1] INFO  c.g.y.a.jni.SystemMonitorManagerJNI - SystemMonitorManager - Collected new counter data
2025-05-10 14:37:21 [pool-2-thread-1] INFO  c.g.y.a.jni.SystemMonitorManagerJNI - SystemMonitorManager - Collected new counter data
2025-05-10 14:37:22 [pool-2-thread-1] INFO  c.g.y.a.jni.SystemMonitorManagerJNI - SystemMonitorManager - Collected new counter data
2025-05-10 14:37:23 [pool-2-thread-1] INFO  c.g.y.a.jni.SystemMonitorManagerJNI - SystemMonitorManager - Collected new counter data
2025-05-10 14:37:24 [pool-2-thread-1] INFO  c.g.y.a.jni.SystemMonitorManagerJNI - SystemMonitorManager - Collected new counter data
2025-05-10 14:37:25 [pool-2-thread-1] INFO  c.g.y.a.jni.SystemMonitorManagerJNI - SystemMonitorManager - Collected new counter data
2025-05-10 14:37:26 [pool-2-thread-1] INFO  c.g.y.a.jni.SystemMonitorManagerJNI - SystemMonitorManager - Collected new counter data
2025-05-10 14:37:27 [pool-2-thread-1] INFO  c.g.y.a.jni.SystemMonitorManagerJNI - SystemMonitorManager - Collected new counter data
2025-05-10 14:37:28 [pool-2-thread-1] INFO  c.g.y.a.jni.SystemMonitorManagerJNI - SystemMonitorManager - Collected new counter data
2025-05-10 14:37:29 [pool-2-thread-1] INFO  c.g.y.a.jni.SystemMonitorManagerJNI - SystemMonitorManager - Collected new counter data
2025-05-10 14:37:30 [pool-2-thread-1] INFO  c.g.y.a.jni.SystemMonitorManagerJNI - SystemMonitorManager - Collected new counter data
2025-05-10 14:37:31 [pool-2-thread-1] INFO  c.g.y.a.jni.SystemMonitorManagerJNI - SystemMonitorManager - Collected new counter data
2025-05-10 14:37:32 [pool-2-thread-1] INFO  c.g.y.a.jni.SystemMonitorManagerJNI - SystemMonitorManager - Collected new counter data
2025-05-10 14:37:33 [pool-2-thread-1] INFO  c.g.y.a.jni.SystemMonitorManagerJNI - SystemMonitorManager - Collected new counter data
2025-05-10 14:37:34 [pool-2-thread-1] INFO  c.g.y.a.jni.SystemMonitorManagerJNI - SystemMonitorManager - Collected new counter data
2025-05-10 14:37:35 [pool-2-thread-1] INFO  c.g.y.a.jni.SystemMonitorManagerJNI - SystemMonitorManager - Collected new counter data
2025-05-10 14:37:36 [pool-2-thread-1] INFO  c.g.y.a.jni.SystemMonitorManagerJNI - SystemMonitorManager - Collected new counter data
2025-05-10 14:37:37 [pool-2-thread-1] INFO  c.g.y.a.jni.SystemMonitorManagerJNI - SystemMonitorManager - Collected new counter data
2025-05-10 14:37:38 [pool-2-thread-1] INFO  c.g.y.a.jni.SystemMonitorManagerJNI - SystemMonitorManager - Collected new counter data
2025-05-10 14:37:39 [pool-2-thread-1] INFO  c.g.y.a.jni.SystemMonitorManagerJNI - SystemMonitorManager - Collected new counter data
2025-05-10 14:37:40 [pool-2-thread-1] INFO  c.g.y.a.jni.SystemMonitorManagerJNI - SystemMonitorManager - Collected new counter data
2025-05-10 14:37:41 [pool-2-thread-1] INFO  c.g.y.a.jni.SystemMonitorManagerJNI - SystemMonitorManager - Collected new counter data
2025-05-10 14:37:42 [pool-2-thread-1] INFO  c.g.y.a.jni.SystemMonitorManagerJNI - SystemMonitorManager - Collected new counter data
2025-05-10 14:37:43 [pool-2-thread-1] INFO  c.g.y.a.jni.SystemMonitorManagerJNI - SystemMonitorManager - Collected new counter data
2025-05-10 14:37:44 [pool-2-thread-1] INFO  c.g.y.a.jni.SystemMonitorManagerJNI - SystemMonitorManager - Collected new counter data
2025-05-10 14:37:45 [pool-2-thread-1] INFO  c.g.y.a.jni.SystemMonitorManagerJNI - SystemMonitorManager - Collected new counter data
2025-05-10 14:37:46 [pool-2-thread-1] INFO  c.g.y.a.jni.SystemMonitorManagerJNI - SystemMonitorManager - Collected new counter data
2025-05-10 14:37:47 [pool-2-thread-1] INFO  c.g.y.a.jni.SystemMonitorManagerJNI - SystemMonitorManager - Collected new counter data
2025-05-10 14:37:48 [pool-2-thread-1] INFO  c.g.y.a.jni.SystemMonitorManagerJNI - SystemMonitorManager - Collected new counter data
2025-05-10 14:37:49 [pool-2-thread-1] INFO  c.g.y.a.jni.SystemMonitorManagerJNI - SystemMonitorManager - Collected new counter data
2025-05-10 14:37:50 [pool-2-thread-1] INFO  c.g.y.a.jni.SystemMonitorManagerJNI - SystemMonitorManager - Collected new counter data
2025-05-10 14:37:51 [pool-2-thread-1] INFO  c.g.y.a.jni.SystemMonitorManagerJNI - SystemMonitorManager - Collected new counter data
2025-05-10 14:37:52 [pool-2-thread-1] INFO  c.g.y.a.jni.SystemMonitorManagerJNI - SystemMonitorManager - Collected new counter data
2025-05-10 14:37:53 [pool-2-thread-1] INFO  c.g.y.a.jni.SystemMonitorManagerJNI - SystemMonitorManager - Collected new counter data
2025-05-10 14:37:54 [pool-2-thread-1] INFO  c.g.y.a.jni.SystemMonitorManagerJNI - SystemMonitorManager - Collected new counter data
2025-05-10 14:37:55 [pool-2-thread-1] INFO  c.g.y.a.jni.SystemMonitorManagerJNI - SystemMonitorManager - Collected new counter data
2025-05-10 14:37:56 [pool-2-thread-1] INFO  c.g.y.a.jni.SystemMonitorManagerJNI - SystemMonitorManager - Collected new counter data
2025-05-10 14:37:57 [pool-2-thread-1] INFO  c.g.y.a.jni.SystemMonitorManagerJNI - SystemMonitorManager - Collected new counter data
2025-05-10 14:37:58 [pool-2-thread-1] INFO  c.g.y.a.jni.SystemMonitorManagerJNI - SystemMonitorManager - Collected new counter data
2025-05-10 14:37:59 [pool-2-thread-1] INFO  c.g.y.a.jni.SystemMonitorManagerJNI - SystemMonitorManager - Collected new counter data
2025-05-10 14:38:00 [pool-2-thread-1] INFO  c.g.y.a.jni.SystemMonitorManagerJNI - SystemMonitorManager - Collected new counter data
2025-05-10 14:38:01 [pool-2-thread-1] INFO  c.g.y.a.jni.SystemMonitorManagerJNI - SystemMonitorManager - Collected new counter data
2025-05-10 14:38:02 [pool-2-thread-1] INFO  c.g.y.a.jni.SystemMonitorManagerJNI - SystemMonitorManager - Collected new counter data
2025-05-10 14:38:03 [pool-2-thread-1] INFO  c.g.y.a.jni.SystemMonitorManagerJNI - SystemMonitorManager - Collected new counter data
2025-05-10 14:38:04 [pool-2-thread-1] INFO  c.g.y.a.jni.SystemMonitorManagerJNI - SystemMonitorManager - Collected new counter data
2025-05-10 14:38:05 [pool-2-thread-1] INFO  c.g.y.a.jni.SystemMonitorManagerJNI - SystemMonitorManager - Collected new counter data
2025-05-10 14:38:06 [pool-2-thread-1] INFO  c.g.y.a.jni.SystemMonitorManagerJNI - SystemMonitorManager - Collected new counter data
2025-05-10 14:38:07 [pool-2-thread-1] INFO  c.g.y.a.jni.SystemMonitorManagerJNI - SystemMonitorManager - Collected new counter data
2025-05-10 14:38:08 [pool-2-thread-1] INFO  c.g.y.a.jni.SystemMonitorManagerJNI - SystemMonitorManager - Collected new counter data
2025-05-10 14:38:09 [pool-2-thread-1] INFO  c.g.y.a.jni.SystemMonitorManagerJNI - SystemMonitorManager - Collected new counter data
2025-05-10 14:38:10 [pool-2-thread-1] INFO  c.g.y.a.jni.SystemMonitorManagerJNI - SystemMonitorManager - Collected new counter data
2025-05-10 14:38:11 [pool-2-thread-1] INFO  c.g.y.a.jni.SystemMonitorManagerJNI - SystemMonitorManager - Collected new counter data
2025-05-10 14:38:12 [pool-2-thread-1] INFO  c.g.y.a.jni.SystemMonitorManagerJNI - SystemMonitorManager - Collected new counter data
2025-05-10 14:38:13 [pool-2-thread-1] INFO  c.g.y.a.jni.SystemMonitorManagerJNI - SystemMonitorManager - Collected new counter data
2025-05-10 14:38:14 [pool-2-thread-1] INFO  c.g.y.a.jni.SystemMonitorManagerJNI - SystemMonitorManager - Collected new counter data
2025-05-10 14:38:15 [pool-2-thread-1] INFO  c.g.y.a.jni.SystemMonitorManagerJNI - SystemMonitorManager - Collected new counter data
2025-05-10 14:38:16 [pool-2-thread-1] INFO  c.g.y.a.jni.SystemMonitorManagerJNI - SystemMonitorManager - Collected new counter data
2025-05-10 14:38:17 [pool-2-thread-1] INFO  c.g.y.a.jni.SystemMonitorManagerJNI - SystemMonitorManager - Collected new counter data
2025-05-10 14:38:18 [pool-2-thread-1] INFO  c.g.y.a.jni.SystemMonitorManagerJNI - SystemMonitorManager - Collected new counter data
2025-05-10 14:38:19 [pool-2-thread-1] INFO  c.g.y.a.jni.SystemMonitorManagerJNI - SystemMonitorManager - Collected new counter data
2025-05-10 14:38:20 [pool-2-thread-1] INFO  c.g.y.a.jni.SystemMonitorManagerJNI - SystemMonitorManager - Collected new counter data
2025-05-10 14:38:21 [pool-2-thread-1] INFO  c.g.y.a.jni.SystemMonitorManagerJNI - SystemMonitorManager - Collected new counter data
2025-05-10 14:38:22 [pool-2-thread-1] INFO  c.g.y.a.jni.SystemMonitorManagerJNI - SystemMonitorManager - Collected new counter data
2025-05-10 14:38:23 [pool-2-thread-1] INFO  c.g.y.a.jni.SystemMonitorManagerJNI - SystemMonitorManager - Collected new counter data
2025-05-10 14:38:24 [pool-2-thread-1] INFO  c.g.y.a.jni.SystemMonitorManagerJNI - SystemMonitorManager - Collected new counter data
2025-05-10 14:38:25 [pool-2-thread-1] INFO  c.g.y.a.jni.SystemMonitorManagerJNI - SystemMonitorManager - Collected new counter data
2025-05-10 14:38:26 [pool-2-thread-1] INFO  c.g.y.a.jni.SystemMonitorManagerJNI - SystemMonitorManager - Collected new counter data
2025-05-10 14:38:27 [pool-2-thread-1] INFO  c.g.y.a.jni.SystemMonitorManagerJNI - SystemMonitorManager - Collected new counter data
2025-05-10 14:38:28 [pool-2-thread-1] INFO  c.g.y.a.jni.SystemMonitorManagerJNI - SystemMonitorManager - Collected new counter data
2025-05-10 14:38:29 [pool-2-thread-1] INFO  c.g.y.a.jni.SystemMonitorManagerJNI - SystemMonitorManager - Collected new counter data
2025-05-10 14:38:30 [pool-2-thread-1] INFO  c.g.y.a.jni.SystemMonitorManagerJNI - SystemMonitorManager - Collected new counter data
2025-05-10 14:38:31 [pool-2-thread-1] INFO  c.g.y.a.jni.SystemMonitorManagerJNI - SystemMonitorManager - Collected new counter data
2025-05-10 14:38:32 [pool-2-thread-1] INFO  c.g.y.a.jni.SystemMonitorManagerJNI - SystemMonitorManager - Collected new counter data
2025-05-10 14:38:33 [pool-2-thread-1] INFO  c.g.y.a.jni.SystemMonitorManagerJNI - SystemMonitorManager - Collected new counter data
2025-05-10 14:38:34 [pool-2-thread-1] INFO  c.g.y.a.jni.SystemMonitorManagerJNI - SystemMonitorManager - Collected new counter data
2025-05-10 14:38:35 [pool-2-thread-1] INFO  c.g.y.a.jni.SystemMonitorManagerJNI - SystemMonitorManager - Collected new counter data
2025-05-10 14:38:36 [pool-2-thread-1] INFO  c.g.y.a.jni.SystemMonitorManagerJNI - SystemMonitorManager - Collected new counter data
2025-05-10 14:38:37 [pool-2-thread-1] INFO  c.g.y.a.jni.SystemMonitorManagerJNI - SystemMonitorManager - Collected new counter data
2025-05-10 14:38:38 [pool-2-thread-1] INFO  c.g.y.a.jni.SystemMonitorManagerJNI - SystemMonitorManager - Collected new counter data
2025-05-10 14:38:39 [pool-2-thread-1] INFO  c.g.y.a.jni.SystemMonitorManagerJNI - SystemMonitorManager - Collected new counter data
2025-05-10 14:38:40 [pool-2-thread-1] INFO  c.g.y.a.jni.SystemMonitorManagerJNI - SystemMonitorManager - Collected new counter data
2025-05-10 14:38:41 [pool-2-thread-1] INFO  c.g.y.a.jni.SystemMonitorManagerJNI - SystemMonitorManager - Collected new counter data
2025-05-10 14:38:42 [pool-2-thread-1] INFO  c.g.y.a.jni.SystemMonitorManagerJNI - SystemMonitorManager - Collected new counter data
2025-05-10 14:38:43 [pool-2-thread-1] INFO  c.g.y.a.jni.SystemMonitorManagerJNI - SystemMonitorManager - Collected new counter data
2025-05-10 14:38:44 [pool-2-thread-1] INFO  c.g.y.a.jni.SystemMonitorManagerJNI - SystemMonitorManager - Collected new counter data
2025-05-10 14:38:45 [pool-2-thread-1] INFO  c.g.y.a.jni.SystemMonitorManagerJNI - SystemMonitorManager - Collected new counter data
2025-05-10 14:38:46 [pool-2-thread-1] INFO  c.g.y.a.jni.SystemMonitorManagerJNI - SystemMonitorManager - Collected new counter data
2025-05-10 14:38:47 [pool-2-thread-1] INFO  c.g.y.a.jni.SystemMonitorManagerJNI - SystemMonitorManager - Collected new counter data
2025-05-10 14:38:48 [pool-2-thread-1] INFO  c.g.y.a.jni.SystemMonitorManagerJNI - SystemMonitorManager - Collected new counter data
2025-05-10 14:38:49 [pool-2-thread-1] INFO  c.g.y.a.jni.SystemMonitorManagerJNI - SystemMonitorManager - Collected new counter data
2025-05-10 14:38:50 [pool-2-thread-1] INFO  c.g.y.a.jni.SystemMonitorManagerJNI - SystemMonitorManager - Collected new counter data
2025-05-10 14:38:51 [pool-2-thread-1] INFO  c.g.y.a.jni.SystemMonitorManagerJNI - SystemMonitorManager - Collected new counter data
2025-05-10 14:38:52 [pool-2-thread-1] INFO  c.g.y.a.jni.SystemMonitorManagerJNI - SystemMonitorManager - Collected new counter data
2025-05-10 14:38:53 [pool-2-thread-1] INFO  c.g.y.a.jni.SystemMonitorManagerJNI - SystemMonitorManager - Collected new counter data
2025-05-10 14:38:54 [pool-2-thread-1] INFO  c.g.y.a.jni.SystemMonitorManagerJNI - SystemMonitorManager - Collected new counter data
2025-05-10 14:38:55 [pool-2-thread-1] INFO  c.g.y.a.jni.SystemMonitorManagerJNI - SystemMonitorManager - Collected new counter data
2025-05-10 14:38:56 [pool-2-thread-1] INFO  c.g.y.a.jni.SystemMonitorManagerJNI - SystemMonitorManager - Collected new counter data
2025-05-10 14:38:57 [pool-2-thread-1] INFO  c.g.y.a.jni.SystemMonitorManagerJNI - SystemMonitorManager - Collected new counter data
2025-05-10 14:38:58 [pool-2-thread-1] INFO  c.g.y.a.jni.SystemMonitorManagerJNI - SystemMonitorManager - Collected new counter data
2025-05-10 14:38:59 [pool-2-thread-1] INFO  c.g.y.a.jni.SystemMonitorManagerJNI - SystemMonitorManager - Collected new counter data
2025-05-10 14:39:00 [pool-2-thread-1] INFO  c.g.y.a.jni.SystemMonitorManagerJNI - SystemMonitorManager - Collected new counter data
2025-05-10 14:39:01 [pool-2-thread-1] INFO  c.g.y.a.jni.SystemMonitorManagerJNI - SystemMonitorManager - Collected new counter data
2025-05-10 14:39:02 [pool-2-thread-1] INFO  c.g.y.a.jni.SystemMonitorManagerJNI - SystemMonitorManager - Collected new counter data
2025-05-10 14:39:03 [pool-2-thread-1] INFO  c.g.y.a.jni.SystemMonitorManagerJNI - SystemMonitorManager - Collected new counter data
2025-05-10 14:39:04 [pool-2-thread-1] INFO  c.g.y.a.jni.SystemMonitorManagerJNI - SystemMonitorManager - Collected new counter data
2025-05-10 14:39:05 [pool-2-thread-1] INFO  c.g.y.a.jni.SystemMonitorManagerJNI - SystemMonitorManager - Collected new counter data
2025-05-10 14:39:06 [pool-2-thread-1] INFO  c.g.y.a.jni.SystemMonitorManagerJNI - SystemMonitorManager - Collected new counter data
2025-05-10 14:39:07 [pool-2-thread-1] INFO  c.g.y.a.jni.SystemMonitorManagerJNI - SystemMonitorManager - Collected new counter data
2025-05-10 14:39:08 [pool-2-thread-1] INFO  c.g.y.a.jni.SystemMonitorManagerJNI - SystemMonitorManager - Collected new counter data
2025-05-10 14:39:09 [pool-2-thread-1] INFO  c.g.y.a.jni.SystemMonitorManagerJNI - SystemMonitorManager - Collected new counter data
2025-05-10 14:39:10 [pool-2-thread-1] INFO  c.g.y.a.jni.SystemMonitorManagerJNI - SystemMonitorManager - Collected new counter data
2025-05-10 14:39:11 [pool-2-thread-1] INFO  c.g.y.a.jni.SystemMonitorManagerJNI - SystemMonitorManager - Collected new counter data
2025-05-10 14:39:12 [pool-2-thread-1] INFO  c.g.y.a.jni.SystemMonitorManagerJNI - SystemMonitorManager - Collected new counter data
2025-05-10 14:39:13 [pool-2-thread-1] INFO  c.g.y.a.jni.SystemMonitorManagerJNI - SystemMonitorManager - Collected new counter data
2025-05-10 14:39:14 [pool-2-thread-1] INFO  c.g.y.a.jni.SystemMonitorManagerJNI - SystemMonitorManager - Collected new counter data
2025-05-10 14:39:15 [pool-2-thread-1] INFO  c.g.y.a.jni.SystemMonitorManagerJNI - SystemMonitorManager - Collected new counter data
2025-05-10 14:39:16 [pool-2-thread-1] INFO  c.g.y.a.jni.SystemMonitorManagerJNI - SystemMonitorManager - Collected new counter data
2025-05-10 14:39:17 [pool-2-thread-1] INFO  c.g.y.a.jni.SystemMonitorManagerJNI - SystemMonitorManager - Collected new counter data
2025-05-10 14:39:18 [pool-2-thread-1] INFO  c.g.y.a.jni.SystemMonitorManagerJNI - SystemMonitorManager - Collected new counter data
2025-05-10 14:39:19 [pool-2-thread-1] INFO  c.g.y.a.jni.SystemMonitorManagerJNI - SystemMonitorManager - Collected new counter data
2025-05-10 14:39:20 [pool-2-thread-1] INFO  c.g.y.a.jni.SystemMonitorManagerJNI - SystemMonitorManager - Collected new counter data
2025-05-10 14:39:21 [pool-2-thread-1] INFO  c.g.y.a.jni.SystemMonitorManagerJNI - SystemMonitorManager - Collected new counter data
2025-05-10 14:39:22 [pool-2-thread-1] INFO  c.g.y.a.jni.SystemMonitorManagerJNI - SystemMonitorManager - Collected new counter data
2025-05-10 14:39:23 [pool-2-thread-1] INFO  c.g.y.a.jni.SystemMonitorManagerJNI - SystemMonitorManager - Collected new counter data
2025-05-10 14:39:24 [pool-2-thread-1] INFO  c.g.y.a.jni.SystemMonitorManagerJNI - SystemMonitorManager - Collected new counter data
2025-05-10 14:39:25 [pool-2-thread-1] INFO  c.g.y.a.jni.SystemMonitorManagerJNI - SystemMonitorManager - Collected new counter data
2025-05-10 14:39:26 [pool-2-thread-1] INFO  c.g.y.a.jni.SystemMonitorManagerJNI - SystemMonitorManager - Collected new counter data
2025-05-10 14:39:27 [pool-2-thread-1] INFO  c.g.y.a.jni.SystemMonitorManagerJNI - SystemMonitorManager - Collected new counter data
2025-05-10 14:39:28 [pool-2-thread-1] INFO  c.g.y.a.jni.SystemMonitorManagerJNI - SystemMonitorManager - Collected new counter data
2025-05-10 14:39:29 [pool-2-thread-1] INFO  c.g.y.a.jni.SystemMonitorManagerJNI - SystemMonitorManager - Collected new counter data
2025-05-10 14:39:30 [pool-2-thread-1] INFO  c.g.y.a.jni.SystemMonitorManagerJNI - SystemMonitorManager - Collected new counter data
2025-05-10 14:39:31 [pool-2-thread-1] INFO  c.g.y.a.jni.SystemMonitorManagerJNI - SystemMonitorManager - Collected new counter data
2025-05-10 14:39:32 [pool-2-thread-1] INFO  c.g.y.a.jni.SystemMonitorManagerJNI - SystemMonitorManager - Collected new counter data
2025-05-10 14:39:33 [pool-2-thread-1] INFO  c.g.y.a.jni.SystemMonitorManagerJNI - SystemMonitorManager - Collected new counter data
2025-05-10 14:39:34 [pool-2-thread-1] INFO  c.g.y.a.jni.SystemMonitorManagerJNI - SystemMonitorManager - Collected new counter data
2025-05-10 14:39:35 [pool-2-thread-1] INFO  c.g.y.a.jni.SystemMonitorManagerJNI - SystemMonitorManager - Collected new counter data
2025-05-10 14:39:36 [pool-2-thread-1] INFO  c.g.y.a.jni.SystemMonitorManagerJNI - SystemMonitorManager - Collected new counter data
2025-05-10 14:39:37 [pool-2-thread-1] INFO  c.g.y.a.jni.SystemMonitorManagerJNI - SystemMonitorManager - Collected new counter data
2025-05-10 14:39:38 [pool-2-thread-1] INFO  c.g.y.a.jni.SystemMonitorManagerJNI - SystemMonitorManager - Collected new counter data
2025-05-10 14:39:39 [pool-2-thread-1] INFO  c.g.y.a.jni.SystemMonitorManagerJNI - SystemMonitorManager - Collected new counter data
2025-05-10 14:39:40 [pool-2-thread-1] INFO  c.g.y.a.jni.SystemMonitorManagerJNI - SystemMonitorManager - Collected new counter data
2025-05-10 14:39:41 [pool-2-thread-1] INFO  c.g.y.a.jni.SystemMonitorManagerJNI - SystemMonitorManager - Collected new counter data
2025-05-10 14:39:42 [pool-2-thread-1] INFO  c.g.y.a.jni.SystemMonitorManagerJNI - SystemMonitorManager - Collected new counter data
2025-05-10 14:39:43 [pool-2-thread-1] INFO  c.g.y.a.jni.SystemMonitorManagerJNI - SystemMonitorManager - Collected new counter data
2025-05-10 14:39:44 [pool-2-thread-1] INFO  c.g.y.a.jni.SystemMonitorManagerJNI - SystemMonitorManager - Collected new counter data
2025-05-10 14:39:45 [pool-2-thread-1] INFO  c.g.y.a.jni.SystemMonitorManagerJNI - SystemMonitorManager - Collected new counter data
2025-05-10 14:39:46 [pool-2-thread-1] INFO  c.g.y.a.jni.SystemMonitorManagerJNI - SystemMonitorManager - Collected new counter data
2025-05-10 14:39:47 [pool-2-thread-1] INFO  c.g.y.a.jni.SystemMonitorManagerJNI - SystemMonitorManager - Collected new counter data
2025-05-10 14:39:48 [pool-2-thread-1] INFO  c.g.y.a.jni.SystemMonitorManagerJNI - SystemMonitorManager - Collected new counter data
2025-05-10 14:39:49 [SpringApplicationShutdownHook] INFO  o.s.b.w.e.tomcat.GracefulShutdown - Commencing graceful shutdown. Waiting for active requests to complete
2025-05-10 14:39:49 [tomcat-shutdown] INFO  o.s.b.w.e.tomcat.GracefulShutdown - Graceful shutdown complete
2025-05-10 14:39:49 [SpringApplicationShutdownHook] INFO  c.g.y.a.s.SystemMetricsCollector - SystemMetricsCollector cleanup - monitor will be closed by Spring context
2025-05-10 14:39:49 [SpringApplicationShutdownHook] INFO  c.g.y.a.jni.SystemMonitorManagerJNI - Successfully released native resources
2025-05-10 14:39:49 [SpringApplicationShutdownHook] INFO  c.g.yamec.app.YamecApplication - CLEANUP - YamecApplication is shutting down...
2025-05-10 14:39:49 [SpringApplicationShutdownHook] INFO  o.s.o.j.LocalContainerEntityManagerFactoryBean - Closing JPA EntityManagerFactory for persistence unit 'default'
2025-05-10 14:39:49 [SpringApplicationShutdownHook] INFO  com.zaxxer.hikari.HikariDataSource - HikariPool-1 - Shutdown initiated...
2025-05-10 14:39:49 [SpringApplicationShutdownHook] INFO  com.zaxxer.hikari.HikariDataSource - HikariPool-1 - Shutdown completed.
2025-05-10 14:46:30 [main] INFO  c.g.yamec.app.YamecApplication - Starting YamecApplication using Java 23.0.2 with PID 39480 (C:\Users\cmarc\IdeaProjects\yamec\yamec\yamec-app\target\yamec-app-0.0.1-SNAPSHOT.jar started by cmarc in C:\Users\cmarc\IdeaProjects\yamec\yamec)
2025-05-10 14:46:30 [main] INFO  c.g.yamec.app.YamecApplication - No active profile set, falling back to 1 default profile: "default"
2025-05-10 14:46:31 [main] INFO  o.s.d.r.c.RepositoryConfigurationDelegate - Bootstrapping Spring Data JPA repositories in DEFAULT mode.
2025-05-10 14:46:31 [main] INFO  o.s.d.r.c.RepositoryConfigurationDelegate - Finished Spring Data repository scanning in 64 ms. Found 13 JPA repository interfaces.
2025-05-10 14:46:31 [main] INFO  o.s.b.w.e.tomcat.TomcatWebServer - Tomcat initialized with port 8084 (http)
2025-05-10 14:46:31 [main] INFO  o.a.catalina.core.StandardService - Starting service [Tomcat]
2025-05-10 14:46:31 [main] INFO  o.a.catalina.core.StandardEngine - Starting Servlet engine: [Apache Tomcat/10.1.36]
2025-05-10 14:46:31 [main] INFO  o.a.c.c.C.[Tomcat].[localhost].[/] - Initializing Spring embedded WebApplicationContext
2025-05-10 14:46:31 [main] INFO  o.s.b.w.s.c.ServletWebServerApplicationContext - Root WebApplicationContext: initialization completed in 1419 ms
2025-05-10 14:46:32 [main] INFO  o.h.jpa.internal.util.LogHelper - HHH000204: Processing PersistenceUnitInfo [name: default]
2025-05-10 14:46:32 [main] INFO  org.hibernate.Version - HHH000412: Hibernate ORM core version 6.6.8.Final
2025-05-10 14:46:32 [main] INFO  o.h.c.i.RegionFactoryInitiator - HHH000026: Second-level cache disabled
2025-05-10 14:46:32 [main] INFO  o.s.o.j.p.SpringPersistenceUnitInfo - No LoadTimeWeaver setup: ignoring JPA class transformer
2025-05-10 14:46:32 [main] INFO  com.zaxxer.hikari.HikariDataSource - HikariPool-1 - Starting...
2025-05-10 14:46:32 [main] INFO  com.zaxxer.hikari.pool.HikariPool - HikariPool-1 - Added connection org.sqlite.jdbc4.JDBC4Connection@71b26880
2025-05-10 14:46:32 [main] INFO  com.zaxxer.hikari.HikariDataSource - HikariPool-1 - Start completed.
2025-05-10 14:46:32 [main] INFO  o.hibernate.orm.connections.pooling - HHH10001005: Database info:
	Database JDBC URL [Connecting through datasource 'HikariDataSource (HikariPool-1)']
	Database driver: undefined/unknown
	Database version: 3.49.1
	Autocommit mode: undefined/unknown
	Isolation level: undefined/unknown
	Minimum pool size: undefined/unknown
	Maximum pool size: undefined/unknown
2025-05-10 14:46:33 [main] INFO  o.h.e.t.j.p.i.JtaPlatformInitiator - HHH000489: No JTA platform available (set 'hibernate.transaction.jta.platform' to enable JTA platform integration)
2025-05-10 14:46:33 [main] INFO  o.s.o.j.LocalContainerEntityManagerFactoryBean - Initialized JPA EntityManagerFactory for persistence unit 'default'
2025-05-10 14:46:33 [main] INFO  o.s.d.j.r.query.QueryEnhancerFactory - Hibernate is in classpath; If applicable, HQL parser will be used.
2025-05-10 14:46:35 [main] INFO  c.g.y.app.config.SystemMonitorConfig - Creating singleton instance of SystemMonitorManagerJNI
2025-05-10 14:46:35 [pool-2-thread-1] INFO  com.github.fommil.jni.JniLoader - successfully loaded C:\Users\cmarc\AppData\Local\Temp\jniloader17993414401924853314yamecjni.dll
2025-05-10 14:46:35 [pool-2-thread-1] INFO  c.g.y.a.jni.SystemMonitorManagerJNI - SystemMonitorManager - Initialized
2025-05-10 14:46:35 [pool-2-thread-1] INFO  c.g.y.a.jni.SystemMonitorManagerJNI - SystemMonitorManager - Collected new counter data
2025-05-10 14:46:36 [main] INFO  c.g.y.a.s.SystemMetricsCollector - Initializing SystemMetricsCollector
2025-05-10 14:46:36 [main] INFO  c.g.y.a.s.SystemMetricsCollector - CPU Hardware Information: Cpu[id=null, friendlyName='AMD Ryzen 9 5950X 16-Core Processor            ', coreCount='16', logicalProcessorCount='32', l1CacheSize='1048576', l2CacheSize='8388608', l3CacheSize='67108864', virtualizationEnabled='true']
2025-05-10 14:46:36 [main] INFO  c.g.y.a.s.SystemMetricsCollector - Memory Hardware Information: MemoryHardwareInformation{id=null, capacity=103079215104, speed=2133, slotsUsed=4, slotsTotal=4, capacityIsUnsigned=true, speedIsUnsigned=true}
2025-05-10 14:46:36 [main] INFO  c.g.y.a.s.SystemMetricsCollector - Disk Hardware Information:
2025-05-10 14:46:36 [main] INFO  c.g.y.a.s.SystemMetricsCollector - com.gibbonsdimarco.yamec.app.data.DiskHardwareInformation@5b2e7293
2025-05-10 14:46:36 [main] INFO  c.g.y.a.s.SystemMetricsCollector - com.gibbonsdimarco.yamec.app.data.DiskHardwareInformation@472d3c57
2025-05-10 14:46:36 [main] INFO  c.g.y.a.s.SystemMetricsCollector - NIC Hardware Information:
2025-05-10 14:46:36 [main] INFO  c.g.y.a.s.SystemMetricsCollector - com.gibbonsdimarco.yamec.app.data.NicHardwareInformation@8a5e71b
2025-05-10 14:46:36 [main] INFO  c.g.y.a.s.SystemMetricsCollector - com.gibbonsdimarco.yamec.app.data.NicHardwareInformation@214d2aa6
2025-05-10 14:46:36 [main] INFO  o.s.b.a.w.s.WelcomePageHandlerMapping - Adding welcome page template: index
2025-05-10 14:46:37 [main] INFO  o.s.b.w.e.tomcat.TomcatWebServer - Tomcat started on port 8084 (http) with context path '/'
2025-05-10 14:46:37 [main] INFO  c.g.yamec.app.YamecApplication - Started YamecApplication in 7.234 seconds (process running for 7.944)
2025-05-10 14:46:37 [pool-2-thread-1] INFO  c.g.y.a.jni.SystemMonitorManagerJNI - SystemMonitorManager - Collected new counter data
2025-05-10 14:46:38 [pool-2-thread-1] INFO  c.g.y.a.jni.SystemMonitorManagerJNI - SystemMonitorManager - Collected new counter data
2025-05-10 14:46:38 [pool-2-thread-1] INFO  c.g.y.a.jni.SystemMonitorManagerJNI - SystemMonitorManager - Collected new counter data
2025-05-10 14:46:38 [main] INFO  c.g.yamec.app.YamecApplication - User home directory: C:\Users\cmarc
2025-05-10 14:46:38 [main] INFO  c.g.yamec.app.YamecApplication - Yamec Application Started
2025-05-10 14:46:38 [http-nio-8084-exec-1] INFO  o.a.c.c.C.[Tomcat].[localhost].[/] - Initializing Spring DispatcherServlet 'dispatcherServlet'
2025-05-10 14:46:38 [http-nio-8084-exec-1] INFO  o.s.web.servlet.DispatcherServlet - Initializing Servlet 'dispatcherServlet'
2025-05-10 14:46:38 [http-nio-8084-exec-1] INFO  o.s.web.servlet.DispatcherServlet - Completed initialization in 1 ms
2025-05-10 14:46:39 [pool-2-thread-1] INFO  c.g.y.a.jni.SystemMonitorManagerJNI - SystemMonitorManager - Collected new counter data
2025-05-10 14:46:40 [pool-2-thread-1] INFO  c.g.y.a.jni.SystemMonitorManagerJNI - SystemMonitorManager - Collected new counter data
2025-05-10 14:46:41 [pool-2-thread-1] INFO  c.g.y.a.jni.SystemMonitorManagerJNI - SystemMonitorManager - Collected new counter data
2025-05-10 14:46:42 [pool-2-thread-1] INFO  c.g.y.a.jni.SystemMonitorManagerJNI - SystemMonitorManager - Collected new counter data
2025-05-10 14:46:43 [pool-2-thread-1] INFO  c.g.y.a.jni.SystemMonitorManagerJNI - SystemMonitorManager - Collected new counter data
2025-05-10 14:46:44 [pool-2-thread-1] INFO  c.g.y.a.jni.SystemMonitorManagerJNI - SystemMonitorManager - Collected new counter data
2025-05-10 14:46:45 [pool-2-thread-1] INFO  c.g.y.a.jni.SystemMonitorManagerJNI - SystemMonitorManager - Collected new counter data
2025-05-10 14:46:46 [pool-2-thread-1] INFO  c.g.y.a.jni.SystemMonitorManagerJNI - SystemMonitorManager - Collected new counter data
2025-05-10 14:46:47 [pool-2-thread-1] INFO  c.g.y.a.jni.SystemMonitorManagerJNI - SystemMonitorManager - Collected new counter data
2025-05-10 14:46:48 [pool-2-thread-1] INFO  c.g.y.a.jni.SystemMonitorManagerJNI - SystemMonitorManager - Collected new counter data
2025-05-10 14:46:49 [pool-2-thread-1] INFO  c.g.y.a.jni.SystemMonitorManagerJNI - SystemMonitorManager - Collected new counter data
2025-05-10 14:46:50 [pool-2-thread-1] INFO  c.g.y.a.jni.SystemMonitorManagerJNI - SystemMonitorManager - Collected new counter data
2025-05-10 14:46:51 [pool-2-thread-1] INFO  c.g.y.a.jni.SystemMonitorManagerJNI - SystemMonitorManager - Collected new counter data
2025-05-10 14:46:52 [pool-2-thread-1] INFO  c.g.y.a.jni.SystemMonitorManagerJNI - SystemMonitorManager - Collected new counter data
2025-05-10 14:46:53 [pool-2-thread-1] INFO  c.g.y.a.jni.SystemMonitorManagerJNI - SystemMonitorManager - Collected new counter data
2025-05-10 14:46:54 [pool-2-thread-1] INFO  c.g.y.a.jni.SystemMonitorManagerJNI - SystemMonitorManager - Collected new counter data
2025-05-10 14:46:55 [pool-2-thread-1] INFO  c.g.y.a.jni.SystemMonitorManagerJNI - SystemMonitorManager - Collected new counter data
2025-05-10 14:46:56 [pool-2-thread-1] INFO  c.g.y.a.jni.SystemMonitorManagerJNI - SystemMonitorManager - Collected new counter data
2025-05-10 14:46:57 [pool-2-thread-1] INFO  c.g.y.a.jni.SystemMonitorManagerJNI - SystemMonitorManager - Collected new counter data
2025-05-10 14:46:58 [pool-2-thread-1] INFO  c.g.y.a.jni.SystemMonitorManagerJNI - SystemMonitorManager - Collected new counter data
2025-05-10 14:46:59 [pool-2-thread-1] INFO  c.g.y.a.jni.SystemMonitorManagerJNI - SystemMonitorManager - Collected new counter data
2025-05-10 14:47:00 [pool-2-thread-1] INFO  c.g.y.a.jni.SystemMonitorManagerJNI - SystemMonitorManager - Collected new counter data
2025-05-10 14:47:01 [pool-2-thread-1] INFO  c.g.y.a.jni.SystemMonitorManagerJNI - SystemMonitorManager - Collected new counter data
2025-05-10 14:47:02 [pool-2-thread-1] INFO  c.g.y.a.jni.SystemMonitorManagerJNI - SystemMonitorManager - Collected new counter data
2025-05-10 14:47:03 [pool-2-thread-1] INFO  c.g.y.a.jni.SystemMonitorManagerJNI - SystemMonitorManager - Collected new counter data
2025-05-10 14:47:04 [pool-2-thread-1] INFO  c.g.y.a.jni.SystemMonitorManagerJNI - SystemMonitorManager - Collected new counter data
2025-05-10 14:47:05 [pool-2-thread-1] INFO  c.g.y.a.jni.SystemMonitorManagerJNI - SystemMonitorManager - Collected new counter data
2025-05-10 14:47:06 [pool-2-thread-1] INFO  c.g.y.a.jni.SystemMonitorManagerJNI - SystemMonitorManager - Collected new counter data
2025-05-10 14:47:07 [pool-2-thread-1] INFO  c.g.y.a.jni.SystemMonitorManagerJNI - SystemMonitorManager - Collected new counter data
2025-05-10 14:47:08 [pool-2-thread-1] INFO  c.g.y.a.jni.SystemMonitorManagerJNI - SystemMonitorManager - Collected new counter data
2025-05-10 14:47:09 [pool-2-thread-1] INFO  c.g.y.a.jni.SystemMonitorManagerJNI - SystemMonitorManager - Collected new counter data
2025-05-10 14:47:10 [pool-2-thread-1] INFO  c.g.y.a.jni.SystemMonitorManagerJNI - SystemMonitorManager - Collected new counter data
2025-05-10 14:47:11 [pool-2-thread-1] INFO  c.g.y.a.jni.SystemMonitorManagerJNI - SystemMonitorManager - Collected new counter data
2025-05-10 14:47:12 [pool-2-thread-1] INFO  c.g.y.a.jni.SystemMonitorManagerJNI - SystemMonitorManager - Collected new counter data
2025-05-10 14:47:13 [pool-2-thread-1] INFO  c.g.y.a.jni.SystemMonitorManagerJNI - SystemMonitorManager - Collected new counter data
2025-05-10 14:47:14 [pool-2-thread-1] INFO  c.g.y.a.jni.SystemMonitorManagerJNI - SystemMonitorManager - Collected new counter data
2025-05-10 14:47:15 [pool-2-thread-1] INFO  c.g.y.a.jni.SystemMonitorManagerJNI - SystemMonitorManager - Collected new counter data
2025-05-10 14:47:16 [pool-2-thread-1] INFO  c.g.y.a.jni.SystemMonitorManagerJNI - SystemMonitorManager - Collected new counter data
2025-05-10 14:47:17 [pool-2-thread-1] INFO  c.g.y.a.jni.SystemMonitorManagerJNI - SystemMonitorManager - Collected new counter data
2025-05-10 14:47:18 [pool-2-thread-1] INFO  c.g.y.a.jni.SystemMonitorManagerJNI - SystemMonitorManager - Collected new counter data
2025-05-10 14:47:19 [pool-2-thread-1] INFO  c.g.y.a.jni.SystemMonitorManagerJNI - SystemMonitorManager - Collected new counter data
2025-05-10 14:47:20 [pool-2-thread-1] INFO  c.g.y.a.jni.SystemMonitorManagerJNI - SystemMonitorManager - Collected new counter data
2025-05-10 14:47:21 [pool-2-thread-1] INFO  c.g.y.a.jni.SystemMonitorManagerJNI - SystemMonitorManager - Collected new counter data
2025-05-10 14:47:22 [pool-2-thread-1] INFO  c.g.y.a.jni.SystemMonitorManagerJNI - SystemMonitorManager - Collected new counter data
2025-05-10 14:47:23 [pool-2-thread-1] INFO  c.g.y.a.jni.SystemMonitorManagerJNI - SystemMonitorManager - Collected new counter data
2025-05-10 14:47:24 [pool-2-thread-1] INFO  c.g.y.a.jni.SystemMonitorManagerJNI - SystemMonitorManager - Collected new counter data
2025-05-10 14:47:25 [pool-2-thread-1] INFO  c.g.y.a.jni.SystemMonitorManagerJNI - SystemMonitorManager - Collected new counter data
2025-05-10 14:47:26 [pool-2-thread-1] INFO  c.g.y.a.jni.SystemMonitorManagerJNI - SystemMonitorManager - Collected new counter data
2025-05-10 14:47:27 [pool-2-thread-1] INFO  c.g.y.a.jni.SystemMonitorManagerJNI - SystemMonitorManager - Collected new counter data
2025-05-10 14:47:28 [pool-2-thread-1] INFO  c.g.y.a.jni.SystemMonitorManagerJNI - SystemMonitorManager - Collected new counter data
2025-05-10 14:47:29 [pool-2-thread-1] INFO  c.g.y.a.jni.SystemMonitorManagerJNI - SystemMonitorManager - Collected new counter data
2025-05-10 14:47:30 [pool-2-thread-1] INFO  c.g.y.a.jni.SystemMonitorManagerJNI - SystemMonitorManager - Collected new counter data
2025-05-10 14:47:31 [pool-2-thread-1] INFO  c.g.y.a.jni.SystemMonitorManagerJNI - SystemMonitorManager - Collected new counter data
2025-05-10 14:47:32 [pool-2-thread-1] INFO  c.g.y.a.jni.SystemMonitorManagerJNI - SystemMonitorManager - Collected new counter data
2025-05-10 14:47:33 [pool-2-thread-1] INFO  c.g.y.a.jni.SystemMonitorManagerJNI - SystemMonitorManager - Collected new counter data
2025-05-10 14:47:34 [pool-2-thread-1] INFO  c.g.y.a.jni.SystemMonitorManagerJNI - SystemMonitorManager - Collected new counter data
2025-05-10 14:47:35 [pool-2-thread-1] INFO  c.g.y.a.jni.SystemMonitorManagerJNI - SystemMonitorManager - Collected new counter data
2025-05-10 14:47:36 [pool-2-thread-1] INFO  c.g.y.a.jni.SystemMonitorManagerJNI - SystemMonitorManager - Collected new counter data
2025-05-10 14:47:37 [pool-2-thread-1] INFO  c.g.y.a.jni.SystemMonitorManagerJNI - SystemMonitorManager - Collected new counter data
2025-05-10 14:47:38 [pool-2-thread-1] INFO  c.g.y.a.jni.SystemMonitorManagerJNI - SystemMonitorManager - Collected new counter data
2025-05-10 14:47:39 [pool-2-thread-1] INFO  c.g.y.a.jni.SystemMonitorManagerJNI - SystemMonitorManager - Collected new counter data
2025-05-10 14:47:40 [pool-2-thread-1] INFO  c.g.y.a.jni.SystemMonitorManagerJNI - SystemMonitorManager - Collected new counter data
2025-05-10 14:47:41 [pool-2-thread-1] INFO  c.g.y.a.jni.SystemMonitorManagerJNI - SystemMonitorManager - Collected new counter data
2025-05-10 14:47:42 [pool-2-thread-1] INFO  c.g.y.a.jni.SystemMonitorManagerJNI - SystemMonitorManager - Collected new counter data
2025-05-10 14:47:43 [pool-2-thread-1] INFO  c.g.y.a.jni.SystemMonitorManagerJNI - SystemMonitorManager - Collected new counter data
2025-05-10 14:47:44 [pool-2-thread-1] INFO  c.g.y.a.jni.SystemMonitorManagerJNI - SystemMonitorManager - Collected new counter data
2025-05-10 14:47:45 [pool-2-thread-1] INFO  c.g.y.a.jni.SystemMonitorManagerJNI - SystemMonitorManager - Collected new counter data
2025-05-10 14:47:46 [pool-2-thread-1] INFO  c.g.y.a.jni.SystemMonitorManagerJNI - SystemMonitorManager - Collected new counter data
2025-05-10 14:47:47 [pool-2-thread-1] INFO  c.g.y.a.jni.SystemMonitorManagerJNI - SystemMonitorManager - Collected new counter data
2025-05-10 14:47:48 [pool-2-thread-1] INFO  c.g.y.a.jni.SystemMonitorManagerJNI - SystemMonitorManager - Collected new counter data
2025-05-10 14:47:49 [pool-2-thread-1] INFO  c.g.y.a.jni.SystemMonitorManagerJNI - SystemMonitorManager - Collected new counter data
2025-05-10 14:47:50 [pool-2-thread-1] INFO  c.g.y.a.jni.SystemMonitorManagerJNI - SystemMonitorManager - Collected new counter data
2025-05-10 14:47:51 [pool-2-thread-1] INFO  c.g.y.a.jni.SystemMonitorManagerJNI - SystemMonitorManager - Collected new counter data
2025-05-10 14:47:52 [pool-2-thread-1] INFO  c.g.y.a.jni.SystemMonitorManagerJNI - SystemMonitorManager - Collected new counter data
2025-05-10 14:47:53 [pool-2-thread-1] INFO  c.g.y.a.jni.SystemMonitorManagerJNI - SystemMonitorManager - Collected new counter data
2025-05-10 14:47:54 [pool-2-thread-1] INFO  c.g.y.a.jni.SystemMonitorManagerJNI - SystemMonitorManager - Collected new counter data
2025-05-10 14:47:55 [pool-2-thread-1] INFO  c.g.y.a.jni.SystemMonitorManagerJNI - SystemMonitorManager - Collected new counter data
2025-05-10 14:47:56 [pool-2-thread-1] INFO  c.g.y.a.jni.SystemMonitorManagerJNI - SystemMonitorManager - Collected new counter data
2025-05-10 14:47:57 [pool-2-thread-1] INFO  c.g.y.a.jni.SystemMonitorManagerJNI - SystemMonitorManager - Collected new counter data
2025-05-10 14:47:58 [pool-2-thread-1] INFO  c.g.y.a.jni.SystemMonitorManagerJNI - SystemMonitorManager - Collected new counter data
2025-05-10 14:47:59 [pool-2-thread-1] INFO  c.g.y.a.jni.SystemMonitorManagerJNI - SystemMonitorManager - Collected new counter data
2025-05-10 14:48:00 [pool-2-thread-1] INFO  c.g.y.a.jni.SystemMonitorManagerJNI - SystemMonitorManager - Collected new counter data
2025-05-10 14:48:01 [pool-2-thread-1] INFO  c.g.y.a.jni.SystemMonitorManagerJNI - SystemMonitorManager - Collected new counter data
2025-05-10 14:48:02 [pool-2-thread-1] INFO  c.g.y.a.jni.SystemMonitorManagerJNI - SystemMonitorManager - Collected new counter data
2025-05-10 14:48:03 [pool-2-thread-1] INFO  c.g.y.a.jni.SystemMonitorManagerJNI - SystemMonitorManager - Collected new counter data
2025-05-10 14:48:04 [pool-2-thread-1] INFO  c.g.y.a.jni.SystemMonitorManagerJNI - SystemMonitorManager - Collected new counter data
2025-05-10 14:48:05 [pool-2-thread-1] INFO  c.g.y.a.jni.SystemMonitorManagerJNI - SystemMonitorManager - Collected new counter data
2025-05-10 14:48:06 [pool-2-thread-1] INFO  c.g.y.a.jni.SystemMonitorManagerJNI - SystemMonitorManager - Collected new counter data
2025-05-10 14:48:07 [pool-2-thread-1] INFO  c.g.y.a.jni.SystemMonitorManagerJNI - SystemMonitorManager - Collected new counter data
2025-05-10 14:48:08 [pool-2-thread-1] INFO  c.g.y.a.jni.SystemMonitorManagerJNI - SystemMonitorManager - Collected new counter data
2025-05-10 14:48:09 [pool-2-thread-1] INFO  c.g.y.a.jni.SystemMonitorManagerJNI - SystemMonitorManager - Collected new counter data
2025-05-10 14:48:10 [pool-2-thread-1] INFO  c.g.y.a.jni.SystemMonitorManagerJNI - SystemMonitorManager - Collected new counter data
2025-05-10 14:48:11 [pool-2-thread-1] INFO  c.g.y.a.jni.SystemMonitorManagerJNI - SystemMonitorManager - Collected new counter data
2025-05-10 14:48:12 [pool-2-thread-1] INFO  c.g.y.a.jni.SystemMonitorManagerJNI - SystemMonitorManager - Collected new counter data
2025-05-10 14:48:13 [pool-2-thread-1] INFO  c.g.y.a.jni.SystemMonitorManagerJNI - SystemMonitorManager - Collected new counter data
2025-05-10 14:48:14 [pool-2-thread-1] INFO  c.g.y.a.jni.SystemMonitorManagerJNI - SystemMonitorManager - Collected new counter data
2025-05-10 14:48:15 [pool-2-thread-1] INFO  c.g.y.a.jni.SystemMonitorManagerJNI - SystemMonitorManager - Collected new counter data
2025-05-10 14:48:16 [pool-2-thread-1] INFO  c.g.y.a.jni.SystemMonitorManagerJNI - SystemMonitorManager - Collected new counter data
2025-05-10 14:48:17 [pool-2-thread-1] INFO  c.g.y.a.jni.SystemMonitorManagerJNI - SystemMonitorManager - Collected new counter data
2025-05-10 14:48:18 [pool-2-thread-1] INFO  c.g.y.a.jni.SystemMonitorManagerJNI - SystemMonitorManager - Collected new counter data
2025-05-10 14:48:19 [pool-2-thread-1] INFO  c.g.y.a.jni.SystemMonitorManagerJNI - SystemMonitorManager - Collected new counter data
2025-05-10 14:48:20 [pool-2-thread-1] INFO  c.g.y.a.jni.SystemMonitorManagerJNI - SystemMonitorManager - Collected new counter data
2025-05-10 14:48:21 [pool-2-thread-1] INFO  c.g.y.a.jni.SystemMonitorManagerJNI - SystemMonitorManager - Collected new counter data
2025-05-10 14:48:22 [pool-2-thread-1] INFO  c.g.y.a.jni.SystemMonitorManagerJNI - SystemMonitorManager - Collected new counter data
2025-05-10 14:48:23 [pool-2-thread-1] INFO  c.g.y.a.jni.SystemMonitorManagerJNI - SystemMonitorManager - Collected new counter data
2025-05-10 14:48:24 [pool-2-thread-1] INFO  c.g.y.a.jni.SystemMonitorManagerJNI - SystemMonitorManager - Collected new counter data
2025-05-10 14:48:25 [pool-2-thread-1] INFO  c.g.y.a.jni.SystemMonitorManagerJNI - SystemMonitorManager - Collected new counter data
2025-05-10 14:48:26 [pool-2-thread-1] INFO  c.g.y.a.jni.SystemMonitorManagerJNI - SystemMonitorManager - Collected new counter data
2025-05-10 14:48:27 [pool-2-thread-1] INFO  c.g.y.a.jni.SystemMonitorManagerJNI - SystemMonitorManager - Collected new counter data
2025-05-10 14:48:28 [pool-2-thread-1] INFO  c.g.y.a.jni.SystemMonitorManagerJNI - SystemMonitorManager - Collected new counter data
2025-05-10 14:48:29 [pool-2-thread-1] INFO  c.g.y.a.jni.SystemMonitorManagerJNI - SystemMonitorManager - Collected new counter data
2025-05-10 14:48:30 [pool-2-thread-1] INFO  c.g.y.a.jni.SystemMonitorManagerJNI - SystemMonitorManager - Collected new counter data
2025-05-10 14:48:31 [pool-2-thread-1] INFO  c.g.y.a.jni.SystemMonitorManagerJNI - SystemMonitorManager - Collected new counter data
2025-05-10 14:48:32 [pool-2-thread-1] INFO  c.g.y.a.jni.SystemMonitorManagerJNI - SystemMonitorManager - Collected new counter data
2025-05-10 14:48:33 [pool-2-thread-1] INFO  c.g.y.a.jni.SystemMonitorManagerJNI - SystemMonitorManager - Collected new counter data
2025-05-10 14:48:34 [pool-2-thread-1] INFO  c.g.y.a.jni.SystemMonitorManagerJNI - SystemMonitorManager - Collected new counter data
2025-05-10 14:48:35 [pool-2-thread-1] INFO  c.g.y.a.jni.SystemMonitorManagerJNI - SystemMonitorManager - Collected new counter data
2025-05-10 14:48:36 [pool-2-thread-1] INFO  c.g.y.a.jni.SystemMonitorManagerJNI - SystemMonitorManager - Collected new counter data
2025-05-10 14:48:37 [pool-2-thread-1] INFO  c.g.y.a.jni.SystemMonitorManagerJNI - SystemMonitorManager - Collected new counter data
2025-05-10 14:48:38 [pool-2-thread-1] INFO  c.g.y.a.jni.SystemMonitorManagerJNI - SystemMonitorManager - Collected new counter data
2025-05-10 14:48:39 [pool-2-thread-1] INFO  c.g.y.a.jni.SystemMonitorManagerJNI - SystemMonitorManager - Collected new counter data
2025-05-10 14:48:40 [pool-2-thread-1] INFO  c.g.y.a.jni.SystemMonitorManagerJNI - SystemMonitorManager - Collected new counter data
2025-05-10 14:48:41 [pool-2-thread-1] INFO  c.g.y.a.jni.SystemMonitorManagerJNI - SystemMonitorManager - Collected new counter data
2025-05-10 14:48:42 [pool-2-thread-1] INFO  c.g.y.a.jni.SystemMonitorManagerJNI - SystemMonitorManager - Collected new counter data
2025-05-10 14:48:43 [pool-2-thread-1] INFO  c.g.y.a.jni.SystemMonitorManagerJNI - SystemMonitorManager - Collected new counter data
2025-05-10 14:48:44 [pool-2-thread-1] INFO  c.g.y.a.jni.SystemMonitorManagerJNI - SystemMonitorManager - Collected new counter data
2025-05-10 14:48:45 [pool-2-thread-1] INFO  c.g.y.a.jni.SystemMonitorManagerJNI - SystemMonitorManager - Collected new counter data
2025-05-10 14:48:46 [pool-2-thread-1] INFO  c.g.y.a.jni.SystemMonitorManagerJNI - SystemMonitorManager - Collected new counter data
2025-05-10 14:48:47 [pool-2-thread-1] INFO  c.g.y.a.jni.SystemMonitorManagerJNI - SystemMonitorManager - Collected new counter data
2025-05-10 14:48:48 [pool-2-thread-1] INFO  c.g.y.a.jni.SystemMonitorManagerJNI - SystemMonitorManager - Collected new counter data
2025-05-10 14:48:49 [pool-2-thread-1] INFO  c.g.y.a.jni.SystemMonitorManagerJNI - SystemMonitorManager - Collected new counter data
2025-05-10 14:48:50 [pool-2-thread-1] INFO  c.g.y.a.jni.SystemMonitorManagerJNI - SystemMonitorManager - Collected new counter data
2025-05-10 14:48:51 [pool-2-thread-1] INFO  c.g.y.a.jni.SystemMonitorManagerJNI - SystemMonitorManager - Collected new counter data
2025-05-10 14:48:52 [pool-2-thread-1] INFO  c.g.y.a.jni.SystemMonitorManagerJNI - SystemMonitorManager - Collected new counter data
2025-05-10 14:48:53 [pool-2-thread-1] INFO  c.g.y.a.jni.SystemMonitorManagerJNI - SystemMonitorManager - Collected new counter data
2025-05-10 14:48:54 [pool-2-thread-1] INFO  c.g.y.a.jni.SystemMonitorManagerJNI - SystemMonitorManager - Collected new counter data
2025-05-10 14:48:55 [pool-2-thread-1] INFO  c.g.y.a.jni.SystemMonitorManagerJNI - SystemMonitorManager - Collected new counter data
2025-05-10 14:48:56 [pool-2-thread-1] INFO  c.g.y.a.jni.SystemMonitorManagerJNI - SystemMonitorManager - Collected new counter data
2025-05-10 14:48:57 [pool-2-thread-1] INFO  c.g.y.a.jni.SystemMonitorManagerJNI - SystemMonitorManager - Collected new counter data
2025-05-10 14:48:58 [pool-2-thread-1] INFO  c.g.y.a.jni.SystemMonitorManagerJNI - SystemMonitorManager - Collected new counter data
2025-05-10 14:48:59 [pool-2-thread-1] INFO  c.g.y.a.jni.SystemMonitorManagerJNI - SystemMonitorManager - Collected new counter data
2025-05-10 14:49:00 [pool-2-thread-1] INFO  c.g.y.a.jni.SystemMonitorManagerJNI - SystemMonitorManager - Collected new counter data
2025-05-10 14:49:01 [pool-2-thread-1] INFO  c.g.y.a.jni.SystemMonitorManagerJNI - SystemMonitorManager - Collected new counter data
2025-05-10 14:49:02 [pool-2-thread-1] INFO  c.g.y.a.jni.SystemMonitorManagerJNI - SystemMonitorManager - Collected new counter data
2025-05-10 14:49:03 [pool-2-thread-1] INFO  c.g.y.a.jni.SystemMonitorManagerJNI - SystemMonitorManager - Collected new counter data
2025-05-10 14:49:04 [pool-2-thread-1] INFO  c.g.y.a.jni.SystemMonitorManagerJNI - SystemMonitorManager - Collected new counter data
2025-05-10 14:49:05 [pool-2-thread-1] INFO  c.g.y.a.jni.SystemMonitorManagerJNI - SystemMonitorManager - Collected new counter data
2025-05-10 14:49:06 [pool-2-thread-1] INFO  c.g.y.a.jni.SystemMonitorManagerJNI - SystemMonitorManager - Collected new counter data
2025-05-10 14:49:07 [pool-2-thread-1] INFO  c.g.y.a.jni.SystemMonitorManagerJNI - SystemMonitorManager - Collected new counter data
2025-05-10 14:49:08 [pool-2-thread-1] INFO  c.g.y.a.jni.SystemMonitorManagerJNI - SystemMonitorManager - Collected new counter data
2025-05-10 14:49:09 [pool-2-thread-1] INFO  c.g.y.a.jni.SystemMonitorManagerJNI - SystemMonitorManager - Collected new counter data
2025-05-10 14:49:10 [pool-2-thread-1] INFO  c.g.y.a.jni.SystemMonitorManagerJNI - SystemMonitorManager - Collected new counter data
2025-05-10 14:49:11 [pool-2-thread-1] INFO  c.g.y.a.jni.SystemMonitorManagerJNI - SystemMonitorManager - Collected new counter data
2025-05-10 14:49:12 [pool-2-thread-1] INFO  c.g.y.a.jni.SystemMonitorManagerJNI - SystemMonitorManager - Collected new counter data
2025-05-10 14:49:13 [pool-2-thread-1] INFO  c.g.y.a.jni.SystemMonitorManagerJNI - SystemMonitorManager - Collected new counter data
2025-05-10 14:49:14 [pool-2-thread-1] INFO  c.g.y.a.jni.SystemMonitorManagerJNI - SystemMonitorManager - Collected new counter data
2025-05-10 14:49:15 [pool-2-thread-1] INFO  c.g.y.a.jni.SystemMonitorManagerJNI - SystemMonitorManager - Collected new counter data
2025-05-10 14:49:16 [pool-2-thread-1] INFO  c.g.y.a.jni.SystemMonitorManagerJNI - SystemMonitorManager - Collected new counter data
2025-05-10 14:49:17 [pool-2-thread-1] INFO  c.g.y.a.jni.SystemMonitorManagerJNI - SystemMonitorManager - Collected new counter data
2025-05-10 14:49:18 [pool-2-thread-1] INFO  c.g.y.a.jni.SystemMonitorManagerJNI - SystemMonitorManager - Collected new counter data
2025-05-10 14:49:19 [pool-2-thread-1] INFO  c.g.y.a.jni.SystemMonitorManagerJNI - SystemMonitorManager - Collected new counter data
2025-05-10 14:49:20 [pool-2-thread-1] INFO  c.g.y.a.jni.SystemMonitorManagerJNI - SystemMonitorManager - Collected new counter data
2025-05-10 14:49:21 [pool-2-thread-1] INFO  c.g.y.a.jni.SystemMonitorManagerJNI - SystemMonitorManager - Collected new counter data
2025-05-10 14:49:22 [pool-2-thread-1] INFO  c.g.y.a.jni.SystemMonitorManagerJNI - SystemMonitorManager - Collected new counter data
2025-05-10 14:49:23 [pool-2-thread-1] INFO  c.g.y.a.jni.SystemMonitorManagerJNI - SystemMonitorManager - Collected new counter data
2025-05-10 14:49:24 [pool-2-thread-1] INFO  c.g.y.a.jni.SystemMonitorManagerJNI - SystemMonitorManager - Collected new counter data
2025-05-10 14:49:25 [pool-2-thread-1] INFO  c.g.y.a.jni.SystemMonitorManagerJNI - SystemMonitorManager - Collected new counter data
2025-05-10 14:49:26 [pool-2-thread-1] INFO  c.g.y.a.jni.SystemMonitorManagerJNI - SystemMonitorManager - Collected new counter data
2025-05-10 14:49:27 [pool-2-thread-1] INFO  c.g.y.a.jni.SystemMonitorManagerJNI - SystemMonitorManager - Collected new counter data
2025-05-10 14:49:28 [pool-2-thread-1] INFO  c.g.y.a.jni.SystemMonitorManagerJNI - SystemMonitorManager - Collected new counter data
2025-05-10 14:49:29 [pool-2-thread-1] INFO  c.g.y.a.jni.SystemMonitorManagerJNI - SystemMonitorManager - Collected new counter data
2025-05-10 14:49:30 [pool-2-thread-1] INFO  c.g.y.a.jni.SystemMonitorManagerJNI - SystemMonitorManager - Collected new counter data
2025-05-10 14:49:31 [pool-2-thread-1] INFO  c.g.y.a.jni.SystemMonitorManagerJNI - SystemMonitorManager - Collected new counter data
2025-05-10 14:49:32 [pool-2-thread-1] INFO  c.g.y.a.jni.SystemMonitorManagerJNI - SystemMonitorManager - Collected new counter data
2025-05-10 14:49:33 [pool-2-thread-1] INFO  c.g.y.a.jni.SystemMonitorManagerJNI - SystemMonitorManager - Collected new counter data
2025-05-10 14:49:34 [pool-2-thread-1] INFO  c.g.y.a.jni.SystemMonitorManagerJNI - SystemMonitorManager - Collected new counter data
2025-05-10 14:49:35 [pool-2-thread-1] INFO  c.g.y.a.jni.SystemMonitorManagerJNI - SystemMonitorManager - Collected new counter data
2025-05-10 14:49:36 [pool-2-thread-1] INFO  c.g.y.a.jni.SystemMonitorManagerJNI - SystemMonitorManager - Collected new counter data
2025-05-10 14:49:37 [pool-2-thread-1] INFO  c.g.y.a.jni.SystemMonitorManagerJNI - SystemMonitorManager - Collected new counter data
2025-05-10 14:49:38 [pool-2-thread-1] INFO  c.g.y.a.jni.SystemMonitorManagerJNI - SystemMonitorManager - Collected new counter data
2025-05-10 14:49:39 [pool-2-thread-1] INFO  c.g.y.a.jni.SystemMonitorManagerJNI - SystemMonitorManager - Collected new counter data
2025-05-10 14:49:40 [pool-2-thread-1] INFO  c.g.y.a.jni.SystemMonitorManagerJNI - SystemMonitorManager - Collected new counter data
2025-05-10 14:49:41 [pool-2-thread-1] INFO  c.g.y.a.jni.SystemMonitorManagerJNI - SystemMonitorManager - Collected new counter data
2025-05-10 14:49:42 [pool-2-thread-1] INFO  c.g.y.a.jni.SystemMonitorManagerJNI - SystemMonitorManager - Collected new counter data
2025-05-10 14:49:43 [pool-2-thread-1] INFO  c.g.y.a.jni.SystemMonitorManagerJNI - SystemMonitorManager - Collected new counter data
2025-05-10 14:49:44 [pool-2-thread-1] INFO  c.g.y.a.jni.SystemMonitorManagerJNI - SystemMonitorManager - Collected new counter data
2025-05-10 14:49:45 [pool-2-thread-1] INFO  c.g.y.a.jni.SystemMonitorManagerJNI - SystemMonitorManager - Collected new counter data
2025-05-10 14:49:46 [pool-2-thread-1] INFO  c.g.y.a.jni.SystemMonitorManagerJNI - SystemMonitorManager - Collected new counter data
2025-05-10 14:49:47 [pool-2-thread-1] INFO  c.g.y.a.jni.SystemMonitorManagerJNI - SystemMonitorManager - Collected new counter data
2025-05-10 14:49:48 [pool-2-thread-1] INFO  c.g.y.a.jni.SystemMonitorManagerJNI - SystemMonitorManager - Collected new counter data
2025-05-10 14:49:49 [pool-2-thread-1] INFO  c.g.y.a.jni.SystemMonitorManagerJNI - SystemMonitorManager - Collected new counter data
2025-05-10 14:49:50 [pool-2-thread-1] INFO  c.g.y.a.jni.SystemMonitorManagerJNI - SystemMonitorManager - Collected new counter data
2025-05-10 14:49:51 [pool-2-thread-1] INFO  c.g.y.a.jni.SystemMonitorManagerJNI - SystemMonitorManager - Collected new counter data
2025-05-10 14:49:52 [pool-2-thread-1] INFO  c.g.y.a.jni.SystemMonitorManagerJNI - SystemMonitorManager - Collected new counter data
2025-05-10 14:49:53 [pool-2-thread-1] INFO  c.g.y.a.jni.SystemMonitorManagerJNI - SystemMonitorManager - Collected new counter data
2025-05-10 14:49:54 [pool-2-thread-1] INFO  c.g.y.a.jni.SystemMonitorManagerJNI - SystemMonitorManager - Collected new counter data
2025-05-10 14:49:55 [pool-2-thread-1] INFO  c.g.y.a.jni.SystemMonitorManagerJNI - SystemMonitorManager - Collected new counter data
2025-05-10 14:49:56 [pool-2-thread-1] INFO  c.g.y.a.jni.SystemMonitorManagerJNI - SystemMonitorManager - Collected new counter data
2025-05-10 14:49:57 [pool-2-thread-1] INFO  c.g.y.a.jni.SystemMonitorManagerJNI - SystemMonitorManager - Collected new counter data
2025-05-10 14:49:58 [pool-2-thread-1] INFO  c.g.y.a.jni.SystemMonitorManagerJNI - SystemMonitorManager - Collected new counter data
2025-05-10 14:49:59 [pool-2-thread-1] INFO  c.g.y.a.jni.SystemMonitorManagerJNI - SystemMonitorManager - Collected new counter data
2025-05-10 14:50:00 [pool-2-thread-1] INFO  c.g.y.a.jni.SystemMonitorManagerJNI - SystemMonitorManager - Collected new counter data
2025-05-10 14:50:01 [pool-2-thread-1] INFO  c.g.y.a.jni.SystemMonitorManagerJNI - SystemMonitorManager - Collected new counter data
2025-05-10 14:50:02 [pool-2-thread-1] INFO  c.g.y.a.jni.SystemMonitorManagerJNI - SystemMonitorManager - Collected new counter data
2025-05-10 14:50:03 [pool-2-thread-1] INFO  c.g.y.a.jni.SystemMonitorManagerJNI - SystemMonitorManager - Collected new counter data
2025-05-10 14:50:04 [pool-2-thread-1] INFO  c.g.y.a.jni.SystemMonitorManagerJNI - SystemMonitorManager - Collected new counter data
2025-05-10 14:50:05 [pool-2-thread-1] INFO  c.g.y.a.jni.SystemMonitorManagerJNI - SystemMonitorManager - Collected new counter data
2025-05-10 14:50:06 [pool-2-thread-1] INFO  c.g.y.a.jni.SystemMonitorManagerJNI - SystemMonitorManager - Collected new counter data
2025-05-10 14:50:07 [pool-2-thread-1] INFO  c.g.y.a.jni.SystemMonitorManagerJNI - SystemMonitorManager - Collected new counter data
2025-05-10 14:50:08 [pool-2-thread-1] INFO  c.g.y.a.jni.SystemMonitorManagerJNI - SystemMonitorManager - Collected new counter data
2025-05-10 14:50:09 [pool-2-thread-1] INFO  c.g.y.a.jni.SystemMonitorManagerJNI - SystemMonitorManager - Collected new counter data
2025-05-10 14:50:10 [pool-2-thread-1] INFO  c.g.y.a.jni.SystemMonitorManagerJNI - SystemMonitorManager - Collected new counter data
2025-05-10 14:50:11 [pool-2-thread-1] INFO  c.g.y.a.jni.SystemMonitorManagerJNI - SystemMonitorManager - Collected new counter data
2025-05-10 14:50:12 [pool-2-thread-1] INFO  c.g.y.a.jni.SystemMonitorManagerJNI - SystemMonitorManager - Collected new counter data
2025-05-10 14:50:13 [pool-2-thread-1] INFO  c.g.y.a.jni.SystemMonitorManagerJNI - SystemMonitorManager - Collected new counter data
2025-05-10 14:50:14 [pool-2-thread-1] INFO  c.g.y.a.jni.SystemMonitorManagerJNI - SystemMonitorManager - Collected new counter data
2025-05-10 14:50:15 [pool-2-thread-1] INFO  c.g.y.a.jni.SystemMonitorManagerJNI - SystemMonitorManager - Collected new counter data
2025-05-10 14:50:16 [pool-2-thread-1] INFO  c.g.y.a.jni.SystemMonitorManagerJNI - SystemMonitorManager - Collected new counter data
2025-05-10 14:50:17 [pool-2-thread-1] INFO  c.g.y.a.jni.SystemMonitorManagerJNI - SystemMonitorManager - Collected new counter data
2025-05-10 14:50:18 [pool-2-thread-1] INFO  c.g.y.a.jni.SystemMonitorManagerJNI - SystemMonitorManager - Collected new counter data
2025-05-10 14:50:19 [pool-2-thread-1] INFO  c.g.y.a.jni.SystemMonitorManagerJNI - SystemMonitorManager - Collected new counter data
2025-05-10 14:50:20 [pool-2-thread-1] INFO  c.g.y.a.jni.SystemMonitorManagerJNI - SystemMonitorManager - Collected new counter data
2025-05-10 14:50:21 [pool-2-thread-1] INFO  c.g.y.a.jni.SystemMonitorManagerJNI - SystemMonitorManager - Collected new counter data
2025-05-10 14:50:22 [pool-2-thread-1] INFO  c.g.y.a.jni.SystemMonitorManagerJNI - SystemMonitorManager - Collected new counter data
2025-05-10 14:50:23 [pool-2-thread-1] INFO  c.g.y.a.jni.SystemMonitorManagerJNI - SystemMonitorManager - Collected new counter data
2025-05-10 14:50:24 [pool-2-thread-1] INFO  c.g.y.a.jni.SystemMonitorManagerJNI - SystemMonitorManager - Collected new counter data
2025-05-10 14:50:25 [pool-2-thread-1] INFO  c.g.y.a.jni.SystemMonitorManagerJNI - SystemMonitorManager - Collected new counter data
2025-05-10 14:50:26 [pool-2-thread-1] INFO  c.g.y.a.jni.SystemMonitorManagerJNI - SystemMonitorManager - Collected new counter data
2025-05-10 14:50:27 [pool-2-thread-1] INFO  c.g.y.a.jni.SystemMonitorManagerJNI - SystemMonitorManager - Collected new counter data
2025-05-10 14:50:28 [pool-2-thread-1] INFO  c.g.y.a.jni.SystemMonitorManagerJNI - SystemMonitorManager - Collected new counter data
2025-05-10 14:50:29 [pool-2-thread-1] INFO  c.g.y.a.jni.SystemMonitorManagerJNI - SystemMonitorManager - Collected new counter data
2025-05-10 14:50:30 [pool-2-thread-1] INFO  c.g.y.a.jni.SystemMonitorManagerJNI - SystemMonitorManager - Collected new counter data
2025-05-10 14:50:31 [pool-2-thread-1] INFO  c.g.y.a.jni.SystemMonitorManagerJNI - SystemMonitorManager - Collected new counter data
2025-05-10 14:50:32 [pool-2-thread-1] INFO  c.g.y.a.jni.SystemMonitorManagerJNI - SystemMonitorManager - Collected new counter data
2025-05-10 14:50:33 [pool-2-thread-1] INFO  c.g.y.a.jni.SystemMonitorManagerJNI - SystemMonitorManager - Collected new counter data
2025-05-10 14:50:34 [pool-2-thread-1] INFO  c.g.y.a.jni.SystemMonitorManagerJNI - SystemMonitorManager - Collected new counter data
2025-05-10 14:50:35 [pool-2-thread-1] INFO  c.g.y.a.jni.SystemMonitorManagerJNI - SystemMonitorManager - Collected new counter data
2025-05-10 14:50:36 [pool-2-thread-1] INFO  c.g.y.a.jni.SystemMonitorManagerJNI - SystemMonitorManager - Collected new counter data
2025-05-10 14:50:37 [pool-2-thread-1] INFO  c.g.y.a.jni.SystemMonitorManagerJNI - SystemMonitorManager - Collected new counter data
2025-05-10 14:50:38 [pool-2-thread-1] INFO  c.g.y.a.jni.SystemMonitorManagerJNI - SystemMonitorManager - Collected new counter data
2025-05-10 14:50:39 [pool-2-thread-1] INFO  c.g.y.a.jni.SystemMonitorManagerJNI - SystemMonitorManager - Collected new counter data
2025-05-10 14:50:40 [pool-2-thread-1] INFO  c.g.y.a.jni.SystemMonitorManagerJNI - SystemMonitorManager - Collected new counter data
2025-05-10 14:50:41 [pool-2-thread-1] INFO  c.g.y.a.jni.SystemMonitorManagerJNI - SystemMonitorManager - Collected new counter data
2025-05-10 14:50:42 [pool-2-thread-1] INFO  c.g.y.a.jni.SystemMonitorManagerJNI - SystemMonitorManager - Collected new counter data
2025-05-10 14:50:43 [pool-2-thread-1] INFO  c.g.y.a.jni.SystemMonitorManagerJNI - SystemMonitorManager - Collected new counter data
2025-05-10 14:50:44 [pool-2-thread-1] INFO  c.g.y.a.jni.SystemMonitorManagerJNI - SystemMonitorManager - Collected new counter data
2025-05-10 14:50:45 [pool-2-thread-1] INFO  c.g.y.a.jni.SystemMonitorManagerJNI - SystemMonitorManager - Collected new counter data
2025-05-10 14:50:46 [pool-2-thread-1] INFO  c.g.y.a.jni.SystemMonitorManagerJNI - SystemMonitorManager - Collected new counter data
2025-05-10 14:50:47 [pool-2-thread-1] INFO  c.g.y.a.jni.SystemMonitorManagerJNI - SystemMonitorManager - Collected new counter data
2025-05-10 14:50:48 [pool-2-thread-1] INFO  c.g.y.a.jni.SystemMonitorManagerJNI - SystemMonitorManager - Collected new counter data
2025-05-10 14:50:49 [pool-2-thread-1] INFO  c.g.y.a.jni.SystemMonitorManagerJNI - SystemMonitorManager - Collected new counter data
2025-05-10 14:50:50 [pool-2-thread-1] INFO  c.g.y.a.jni.SystemMonitorManagerJNI - SystemMonitorManager - Collected new counter data
2025-05-10 14:50:51 [pool-2-thread-1] INFO  c.g.y.a.jni.SystemMonitorManagerJNI - SystemMonitorManager - Collected new counter data
2025-05-10 14:50:52 [pool-2-thread-1] INFO  c.g.y.a.jni.SystemMonitorManagerJNI - SystemMonitorManager - Collected new counter data
2025-05-10 14:50:53 [pool-2-thread-1] INFO  c.g.y.a.jni.SystemMonitorManagerJNI - SystemMonitorManager - Collected new counter data
2025-05-10 14:50:54 [pool-2-thread-1] INFO  c.g.y.a.jni.SystemMonitorManagerJNI - SystemMonitorManager - Collected new counter data
2025-05-10 14:50:55 [pool-2-thread-1] INFO  c.g.y.a.jni.SystemMonitorManagerJNI - SystemMonitorManager - Collected new counter data
2025-05-10 14:50:56 [pool-2-thread-1] INFO  c.g.y.a.jni.SystemMonitorManagerJNI - SystemMonitorManager - Collected new counter data
2025-05-10 14:50:57 [pool-2-thread-1] INFO  c.g.y.a.jni.SystemMonitorManagerJNI - SystemMonitorManager - Collected new counter data
2025-05-10 14:50:58 [pool-2-thread-1] INFO  c.g.y.a.jni.SystemMonitorManagerJNI - SystemMonitorManager - Collected new counter data
2025-05-10 14:50:59 [pool-2-thread-1] INFO  c.g.y.a.jni.SystemMonitorManagerJNI - SystemMonitorManager - Collected new counter data
2025-05-10 14:51:00 [pool-2-thread-1] INFO  c.g.y.a.jni.SystemMonitorManagerJNI - SystemMonitorManager - Collected new counter data
2025-05-10 14:51:01 [pool-2-thread-1] INFO  c.g.y.a.jni.SystemMonitorManagerJNI - SystemMonitorManager - Collected new counter data
2025-05-10 14:51:02 [pool-2-thread-1] INFO  c.g.y.a.jni.SystemMonitorManagerJNI - SystemMonitorManager - Collected new counter data
2025-05-10 14:51:03 [pool-2-thread-1] INFO  c.g.y.a.jni.SystemMonitorManagerJNI - SystemMonitorManager - Collected new counter data
2025-05-10 14:51:04 [pool-2-thread-1] INFO  c.g.y.a.jni.SystemMonitorManagerJNI - SystemMonitorManager - Collected new counter data
2025-05-10 14:51:05 [pool-2-thread-1] INFO  c.g.y.a.jni.SystemMonitorManagerJNI - SystemMonitorManager - Collected new counter data
2025-05-10 14:51:06 [pool-2-thread-1] INFO  c.g.y.a.jni.SystemMonitorManagerJNI - SystemMonitorManager - Collected new counter data
2025-05-10 14:51:07 [pool-2-thread-1] INFO  c.g.y.a.jni.SystemMonitorManagerJNI - SystemMonitorManager - Collected new counter data
2025-05-10 14:51:08 [pool-2-thread-1] INFO  c.g.y.a.jni.SystemMonitorManagerJNI - SystemMonitorManager - Collected new counter data
2025-05-10 14:51:09 [pool-2-thread-1] INFO  c.g.y.a.jni.SystemMonitorManagerJNI - SystemMonitorManager - Collected new counter data
2025-05-10 14:51:10 [pool-2-thread-1] INFO  c.g.y.a.jni.SystemMonitorManagerJNI - SystemMonitorManager - Collected new counter data
2025-05-10 14:51:11 [pool-2-thread-1] INFO  c.g.y.a.jni.SystemMonitorManagerJNI - SystemMonitorManager - Collected new counter data
2025-05-10 14:51:12 [pool-2-thread-1] INFO  c.g.y.a.jni.SystemMonitorManagerJNI - SystemMonitorManager - Collected new counter data
2025-05-10 14:51:13 [pool-2-thread-1] INFO  c.g.y.a.jni.SystemMonitorManagerJNI - SystemMonitorManager - Collected new counter data
2025-05-10 14:51:14 [pool-2-thread-1] INFO  c.g.y.a.jni.SystemMonitorManagerJNI - SystemMonitorManager - Collected new counter data
2025-05-10 14:51:15 [pool-2-thread-1] INFO  c.g.y.a.jni.SystemMonitorManagerJNI - SystemMonitorManager - Collected new counter data
2025-05-10 14:51:16 [pool-2-thread-1] INFO  c.g.y.a.jni.SystemMonitorManagerJNI - SystemMonitorManager - Collected new counter data
2025-05-10 14:51:17 [pool-2-thread-1] INFO  c.g.y.a.jni.SystemMonitorManagerJNI - SystemMonitorManager - Collected new counter data
2025-05-10 14:51:18 [pool-2-thread-1] INFO  c.g.y.a.jni.SystemMonitorManagerJNI - SystemMonitorManager - Collected new counter data
2025-05-10 14:51:19 [pool-2-thread-1] INFO  c.g.y.a.jni.SystemMonitorManagerJNI - SystemMonitorManager - Collected new counter data
2025-05-10 14:51:20 [pool-2-thread-1] INFO  c.g.y.a.jni.SystemMonitorManagerJNI - SystemMonitorManager - Collected new counter data
2025-05-10 14:51:21 [pool-2-thread-1] INFO  c.g.y.a.jni.SystemMonitorManagerJNI - SystemMonitorManager - Collected new counter data
2025-05-10 14:51:22 [pool-2-thread-1] INFO  c.g.y.a.jni.SystemMonitorManagerJNI - SystemMonitorManager - Collected new counter data
2025-05-10 14:51:23 [pool-2-thread-1] INFO  c.g.y.a.jni.SystemMonitorManagerJNI - SystemMonitorManager - Collected new counter data
2025-05-10 14:51:24 [pool-2-thread-1] INFO  c.g.y.a.jni.SystemMonitorManagerJNI - SystemMonitorManager - Collected new counter data
2025-05-10 14:51:25 [pool-2-thread-1] INFO  c.g.y.a.jni.SystemMonitorManagerJNI - SystemMonitorManager - Collected new counter data
2025-05-10 14:51:26 [pool-2-thread-1] INFO  c.g.y.a.jni.SystemMonitorManagerJNI - SystemMonitorManager - Collected new counter data
2025-05-10 14:51:27 [pool-2-thread-1] INFO  c.g.y.a.jni.SystemMonitorManagerJNI - SystemMonitorManager - Collected new counter data
2025-05-10 14:51:28 [pool-2-thread-1] INFO  c.g.y.a.jni.SystemMonitorManagerJNI - SystemMonitorManager - Collected new counter data
2025-05-10 14:51:29 [pool-2-thread-1] INFO  c.g.y.a.jni.SystemMonitorManagerJNI - SystemMonitorManager - Collected new counter data
2025-05-10 14:51:30 [pool-2-thread-1] INFO  c.g.y.a.jni.SystemMonitorManagerJNI - SystemMonitorManager - Collected new counter data
2025-05-10 14:51:31 [pool-2-thread-1] INFO  c.g.y.a.jni.SystemMonitorManagerJNI - SystemMonitorManager - Collected new counter data
2025-05-10 14:51:32 [pool-2-thread-1] INFO  c.g.y.a.jni.SystemMonitorManagerJNI - SystemMonitorManager - Collected new counter data
2025-05-10 14:51:33 [pool-2-thread-1] INFO  c.g.y.a.jni.SystemMonitorManagerJNI - SystemMonitorManager - Collected new counter data
2025-05-10 14:51:34 [pool-2-thread-1] INFO  c.g.y.a.jni.SystemMonitorManagerJNI - SystemMonitorManager - Collected new counter data
2025-05-10 14:51:35 [pool-2-thread-1] INFO  c.g.y.a.jni.SystemMonitorManagerJNI - SystemMonitorManager - Collected new counter data
2025-05-10 14:51:36 [pool-2-thread-1] INFO  c.g.y.a.jni.SystemMonitorManagerJNI - SystemMonitorManager - Collected new counter data
2025-05-10 14:51:37 [pool-2-thread-1] INFO  c.g.y.a.jni.SystemMonitorManagerJNI - SystemMonitorManager - Collected new counter data
2025-05-10 14:51:38 [pool-2-thread-1] INFO  c.g.y.a.jni.SystemMonitorManagerJNI - SystemMonitorManager - Collected new counter data
2025-05-10 14:51:39 [pool-2-thread-1] INFO  c.g.y.a.jni.SystemMonitorManagerJNI - SystemMonitorManager - Collected new counter data
2025-05-10 14:51:40 [pool-2-thread-1] INFO  c.g.y.a.jni.SystemMonitorManagerJNI - SystemMonitorManager - Collected new counter data
2025-05-10 14:51:41 [pool-2-thread-1] INFO  c.g.y.a.jni.SystemMonitorManagerJNI - SystemMonitorManager - Collected new counter data
2025-05-10 14:51:42 [pool-2-thread-1] INFO  c.g.y.a.jni.SystemMonitorManagerJNI - SystemMonitorManager - Collected new counter data
2025-05-10 14:51:43 [pool-2-thread-1] INFO  c.g.y.a.jni.SystemMonitorManagerJNI - SystemMonitorManager - Collected new counter data
2025-05-10 14:51:44 [pool-2-thread-1] INFO  c.g.y.a.jni.SystemMonitorManagerJNI - SystemMonitorManager - Collected new counter data
2025-05-10 14:51:45 [pool-2-thread-1] INFO  c.g.y.a.jni.SystemMonitorManagerJNI - SystemMonitorManager - Collected new counter data
2025-05-10 14:51:46 [pool-2-thread-1] INFO  c.g.y.a.jni.SystemMonitorManagerJNI - SystemMonitorManager - Collected new counter data
2025-05-10 14:51:47 [pool-2-thread-1] INFO  c.g.y.a.jni.SystemMonitorManagerJNI - SystemMonitorManager - Collected new counter data
2025-05-10 14:51:48 [pool-2-thread-1] INFO  c.g.y.a.jni.SystemMonitorManagerJNI - SystemMonitorManager - Collected new counter data
2025-05-10 14:51:49 [pool-2-thread-1] INFO  c.g.y.a.jni.SystemMonitorManagerJNI - SystemMonitorManager - Collected new counter data
2025-05-10 14:51:50 [pool-2-thread-1] INFO  c.g.y.a.jni.SystemMonitorManagerJNI - SystemMonitorManager - Collected new counter data
2025-05-10 14:51:51 [pool-2-thread-1] INFO  c.g.y.a.jni.SystemMonitorManagerJNI - SystemMonitorManager - Collected new counter data
2025-05-10 14:51:52 [pool-2-thread-1] INFO  c.g.y.a.jni.SystemMonitorManagerJNI - SystemMonitorManager - Collected new counter data
2025-05-10 14:51:53 [pool-2-thread-1] INFO  c.g.y.a.jni.SystemMonitorManagerJNI - SystemMonitorManager - Collected new counter data
2025-05-10 14:51:54 [pool-2-thread-1] INFO  c.g.y.a.jni.SystemMonitorManagerJNI - SystemMonitorManager - Collected new counter data
2025-05-10 14:51:55 [pool-2-thread-1] INFO  c.g.y.a.jni.SystemMonitorManagerJNI - SystemMonitorManager - Collected new counter data
2025-05-10 14:51:56 [pool-2-thread-1] INFO  c.g.y.a.jni.SystemMonitorManagerJNI - SystemMonitorManager - Collected new counter data
2025-05-10 14:51:57 [pool-2-thread-1] INFO  c.g.y.a.jni.SystemMonitorManagerJNI - SystemMonitorManager - Collected new counter data
2025-05-10 14:51:58 [pool-2-thread-1] INFO  c.g.y.a.jni.SystemMonitorManagerJNI - SystemMonitorManager - Collected new counter data
2025-05-10 14:51:59 [pool-2-thread-1] INFO  c.g.y.a.jni.SystemMonitorManagerJNI - SystemMonitorManager - Collected new counter data
2025-05-10 14:52:00 [pool-2-thread-1] INFO  c.g.y.a.jni.SystemMonitorManagerJNI - SystemMonitorManager - Collected new counter data
2025-05-10 14:52:01 [pool-2-thread-1] INFO  c.g.y.a.jni.SystemMonitorManagerJNI - SystemMonitorManager - Collected new counter data
2025-05-10 14:52:02 [pool-2-thread-1] INFO  c.g.y.a.jni.SystemMonitorManagerJNI - SystemMonitorManager - Collected new counter data
2025-05-10 14:52:03 [pool-2-thread-1] INFO  c.g.y.a.jni.SystemMonitorManagerJNI - SystemMonitorManager - Collected new counter data
2025-05-10 14:52:04 [pool-2-thread-1] INFO  c.g.y.a.jni.SystemMonitorManagerJNI - SystemMonitorManager - Collected new counter data
2025-05-10 14:52:05 [pool-2-thread-1] INFO  c.g.y.a.jni.SystemMonitorManagerJNI - SystemMonitorManager - Collected new counter data
2025-05-10 14:52:06 [pool-2-thread-1] INFO  c.g.y.a.jni.SystemMonitorManagerJNI - SystemMonitorManager - Collected new counter data
2025-05-10 14:52:07 [pool-2-thread-1] INFO  c.g.y.a.jni.SystemMonitorManagerJNI - SystemMonitorManager - Collected new counter data
2025-05-10 14:52:08 [pool-2-thread-1] INFO  c.g.y.a.jni.SystemMonitorManagerJNI - SystemMonitorManager - Collected new counter data
2025-05-10 14:52:09 [pool-2-thread-1] INFO  c.g.y.a.jni.SystemMonitorManagerJNI - SystemMonitorManager - Collected new counter data
2025-05-10 14:52:10 [pool-2-thread-1] INFO  c.g.y.a.jni.SystemMonitorManagerJNI - SystemMonitorManager - Collected new counter data
2025-05-10 14:52:11 [pool-2-thread-1] INFO  c.g.y.a.jni.SystemMonitorManagerJNI - SystemMonitorManager - Collected new counter data
2025-05-10 14:52:12 [pool-2-thread-1] INFO  c.g.y.a.jni.SystemMonitorManagerJNI - SystemMonitorManager - Collected new counter data
2025-05-10 14:52:13 [pool-2-thread-1] INFO  c.g.y.a.jni.SystemMonitorManagerJNI - SystemMonitorManager - Collected new counter data
2025-05-10 14:52:14 [pool-2-thread-1] INFO  c.g.y.a.jni.SystemMonitorManagerJNI - SystemMonitorManager - Collected new counter data
2025-05-10 14:52:15 [pool-2-thread-1] INFO  c.g.y.a.jni.SystemMonitorManagerJNI - SystemMonitorManager - Collected new counter data
2025-05-10 14:52:16 [pool-2-thread-1] INFO  c.g.y.a.jni.SystemMonitorManagerJNI - SystemMonitorManager - Collected new counter data
2025-05-10 14:52:17 [pool-2-thread-1] INFO  c.g.y.a.jni.SystemMonitorManagerJNI - SystemMonitorManager - Collected new counter data
2025-05-10 14:52:18 [pool-2-thread-1] INFO  c.g.y.a.jni.SystemMonitorManagerJNI - SystemMonitorManager - Collected new counter data
2025-05-10 14:52:19 [pool-2-thread-1] INFO  c.g.y.a.jni.SystemMonitorManagerJNI - SystemMonitorManager - Collected new counter data
2025-05-10 14:52:20 [pool-2-thread-1] INFO  c.g.y.a.jni.SystemMonitorManagerJNI - SystemMonitorManager - Collected new counter data
2025-05-10 14:52:21 [pool-2-thread-1] INFO  c.g.y.a.jni.SystemMonitorManagerJNI - SystemMonitorManager - Collected new counter data
2025-05-10 14:52:22 [pool-2-thread-1] INFO  c.g.y.a.jni.SystemMonitorManagerJNI - SystemMonitorManager - Collected new counter data
2025-05-10 14:52:23 [pool-2-thread-1] INFO  c.g.y.a.jni.SystemMonitorManagerJNI - SystemMonitorManager - Collected new counter data
2025-05-10 14:52:24 [pool-2-thread-1] INFO  c.g.y.a.jni.SystemMonitorManagerJNI - SystemMonitorManager - Collected new counter data
2025-05-10 14:52:25 [pool-2-thread-1] INFO  c.g.y.a.jni.SystemMonitorManagerJNI - SystemMonitorManager - Collected new counter data
2025-05-10 14:52:26 [pool-2-thread-1] INFO  c.g.y.a.jni.SystemMonitorManagerJNI - SystemMonitorManager - Collected new counter data
2025-05-10 14:52:27 [SpringApplicationShutdownHook] INFO  o.s.b.w.e.tomcat.GracefulShutdown - Commencing graceful shutdown. Waiting for active requests to complete
2025-05-10 14:52:27 [tomcat-shutdown] INFO  o.s.b.w.e.tomcat.GracefulShutdown - Graceful shutdown complete
2025-05-10 14:52:27 [SpringApplicationShutdownHook] INFO  c.g.y.a.s.SystemMetricsCollector - SystemMetricsCollector cleanup - monitor will be closed by Spring context
2025-05-10 14:52:27 [SpringApplicationShutdownHook] INFO  c.g.y.a.jni.SystemMonitorManagerJNI - Successfully released native resources
2025-05-10 14:52:27 [SpringApplicationShutdownHook] INFO  c.g.yamec.app.YamecApplication - CLEANUP - YamecApplication is shutting down...
2025-05-10 14:52:27 [SpringApplicationShutdownHook] INFO  o.s.o.j.LocalContainerEntityManagerFactoryBean - Closing JPA EntityManagerFactory for persistence unit 'default'
2025-05-10 14:52:27 [SpringApplicationShutdownHook] INFO  com.zaxxer.hikari.HikariDataSource - HikariPool-1 - Shutdown initiated...
2025-05-10 14:52:27 [SpringApplicationShutdownHook] INFO  com.zaxxer.hikari.HikariDataSource - HikariPool-1 - Shutdown completed.
2025-05-10 14:58:14 [main] INFO  c.g.yamec.app.YamecApplication - Starting YamecApplication using Java 23.0.2 with PID 30244 (C:\Users\cmarc\IdeaProjects\yamec\yamec\yamec-app\target\yamec-app-0.0.1-SNAPSHOT.jar started by cmarc in C:\Users\cmarc\IdeaProjects\yamec\yamec)
2025-05-10 14:58:14 [main] INFO  c.g.yamec.app.YamecApplication - No active profile set, falling back to 1 default profile: "default"
2025-05-10 14:58:15 [main] INFO  o.s.d.r.c.RepositoryConfigurationDelegate - Bootstrapping Spring Data JPA repositories in DEFAULT mode.
2025-05-10 14:58:15 [main] INFO  o.s.d.r.c.RepositoryConfigurationDelegate - Finished Spring Data repository scanning in 63 ms. Found 13 JPA repository interfaces.
2025-05-10 14:58:16 [main] INFO  o.s.b.w.e.tomcat.TomcatWebServer - Tomcat initialized with port 8084 (http)
2025-05-10 14:58:16 [main] INFO  o.a.catalina.core.StandardService - Starting service [Tomcat]
2025-05-10 14:58:16 [main] INFO  o.a.catalina.core.StandardEngine - Starting Servlet engine: [Apache Tomcat/10.1.36]
2025-05-10 14:58:16 [main] INFO  o.a.c.c.C.[Tomcat].[localhost].[/] - Initializing Spring embedded WebApplicationContext
2025-05-10 14:58:16 [main] INFO  o.s.b.w.s.c.ServletWebServerApplicationContext - Root WebApplicationContext: initialization completed in 1478 ms
2025-05-10 14:58:16 [main] INFO  o.h.jpa.internal.util.LogHelper - HHH000204: Processing PersistenceUnitInfo [name: default]
2025-05-10 14:58:16 [main] INFO  org.hibernate.Version - HHH000412: Hibernate ORM core version 6.6.8.Final
2025-05-10 14:58:16 [main] INFO  o.h.c.i.RegionFactoryInitiator - HHH000026: Second-level cache disabled
2025-05-10 14:58:16 [main] INFO  o.s.o.j.p.SpringPersistenceUnitInfo - No LoadTimeWeaver setup: ignoring JPA class transformer
2025-05-10 14:58:16 [main] INFO  com.zaxxer.hikari.HikariDataSource - HikariPool-1 - Starting...
2025-05-10 14:58:17 [main] INFO  com.zaxxer.hikari.pool.HikariPool - HikariPool-1 - Added connection org.sqlite.jdbc4.JDBC4Connection@3c28181b
2025-05-10 14:58:17 [main] INFO  com.zaxxer.hikari.HikariDataSource - HikariPool-1 - Start completed.
2025-05-10 14:58:17 [main] INFO  o.hibernate.orm.connections.pooling - HHH10001005: Database info:
	Database JDBC URL [Connecting through datasource 'HikariDataSource (HikariPool-1)']
	Database driver: undefined/unknown
	Database version: 3.49.1
	Autocommit mode: undefined/unknown
	Isolation level: undefined/unknown
	Minimum pool size: undefined/unknown
	Maximum pool size: undefined/unknown
2025-05-10 14:58:17 [main] INFO  o.h.e.t.j.p.i.JtaPlatformInitiator - HHH000489: No JTA platform available (set 'hibernate.transaction.jta.platform' to enable JTA platform integration)
2025-05-10 14:58:17 [main] INFO  o.s.o.j.LocalContainerEntityManagerFactoryBean - Initialized JPA EntityManagerFactory for persistence unit 'default'
2025-05-10 14:58:18 [main] INFO  o.s.d.j.r.query.QueryEnhancerFactory - Hibernate is in classpath; If applicable, HQL parser will be used.
2025-05-10 14:58:19 [main] INFO  c.g.y.app.config.SystemMonitorConfig - Creating singleton instance of SystemMonitorManagerJNI
2025-05-10 14:58:19 [pool-2-thread-1] INFO  com.github.fommil.jni.JniLoader - successfully loaded C:\Users\cmarc\AppData\Local\Temp\jniloader5400735313722817133yamecjni.dll
2025-05-10 14:58:19 [pool-2-thread-1] INFO  c.g.y.a.jni.SystemMonitorManagerJNI - SystemMonitorManager - Initialized
2025-05-10 14:58:19 [pool-2-thread-1] INFO  c.g.y.a.jni.SystemMonitorManagerJNI - SystemMonitorManager - Collected new counter data
2025-05-10 14:58:20 [main] INFO  c.g.y.a.s.SystemMetricsCollector - Initializing SystemMetricsCollector
2025-05-10 14:58:20 [main] INFO  c.g.y.a.s.SystemMetricsCollector - CPU Hardware Information: Cpu[id=null, friendlyName='AMD Ryzen 9 5950X 16-Core Processor            ', coreCount='16', logicalProcessorCount='32', l1CacheSize='1048576', l2CacheSize='8388608', l3CacheSize='67108864', virtualizationEnabled='true']
2025-05-10 14:58:20 [main] INFO  c.g.y.a.s.SystemMetricsCollector - Memory Hardware Information: MemoryHardwareInformation{id=null, capacity=103079215104, speed=2133, slotsUsed=4, slotsTotal=4, capacityIsUnsigned=true, speedIsUnsigned=true}
2025-05-10 14:58:20 [main] INFO  c.g.y.a.s.SystemMetricsCollector - Disk Hardware Information:
2025-05-10 14:58:20 [main] INFO  c.g.y.a.s.SystemMetricsCollector - com.gibbonsdimarco.yamec.app.data.DiskHardwareInformation@bbccb5f
2025-05-10 14:58:20 [main] INFO  c.g.y.a.s.SystemMetricsCollector - com.gibbonsdimarco.yamec.app.data.DiskHardwareInformation@498e9130
2025-05-10 14:58:21 [main] INFO  c.g.y.a.s.SystemMetricsCollector - NIC Hardware Information:
2025-05-10 14:58:21 [main] INFO  c.g.y.a.s.SystemMetricsCollector - com.gibbonsdimarco.yamec.app.data.NicHardwareInformation@3f570944
2025-05-10 14:58:21 [main] INFO  c.g.y.a.s.SystemMetricsCollector - com.gibbonsdimarco.yamec.app.data.NicHardwareInformation@3b900a81
2025-05-10 14:58:21 [main] INFO  o.s.b.a.w.s.WelcomePageHandlerMapping - Adding welcome page template: index
2025-05-10 14:58:21 [main] INFO  o.s.b.w.e.tomcat.TomcatWebServer - Tomcat started on port 8084 (http) with context path '/'
2025-05-10 14:58:21 [main] INFO  c.g.yamec.app.YamecApplication - Started YamecApplication in 7.586 seconds (process running for 8.311)
2025-05-10 14:58:21 [pool-2-thread-1] INFO  c.g.y.a.jni.SystemMonitorManagerJNI - SystemMonitorManager - Collected new counter data
2025-05-10 14:58:22 [pool-2-thread-1] INFO  c.g.y.a.jni.SystemMonitorManagerJNI - SystemMonitorManager - Collected new counter data
2025-05-10 14:58:22 [pool-2-thread-1] INFO  c.g.y.a.jni.SystemMonitorManagerJNI - SystemMonitorManager - Collected new counter data
2025-05-10 14:58:22 [main] INFO  c.g.yamec.app.YamecApplication - User home directory: C:\Users\cmarc
2025-05-10 14:58:22 [main] INFO  c.g.yamec.app.YamecApplication - Yamec Application Started
2025-05-10 14:58:23 [http-nio-8084-exec-1] INFO  o.a.c.c.C.[Tomcat].[localhost].[/] - Initializing Spring DispatcherServlet 'dispatcherServlet'
2025-05-10 14:58:23 [http-nio-8084-exec-1] INFO  o.s.web.servlet.DispatcherServlet - Initializing Servlet 'dispatcherServlet'
2025-05-10 14:58:23 [http-nio-8084-exec-1] INFO  o.s.web.servlet.DispatcherServlet - Completed initialization in 1 ms
2025-05-10 14:58:23 [pool-2-thread-1] INFO  c.g.y.a.jni.SystemMonitorManagerJNI - SystemMonitorManager - Collected new counter data
2025-05-10 14:58:24 [pool-2-thread-1] INFO  c.g.y.a.jni.SystemMonitorManagerJNI - SystemMonitorManager - Collected new counter data
2025-05-10 14:58:25 [pool-2-thread-1] INFO  c.g.y.a.jni.SystemMonitorManagerJNI - SystemMonitorManager - Collected new counter data
2025-05-10 14:58:26 [pool-2-thread-1] INFO  c.g.y.a.jni.SystemMonitorManagerJNI - SystemMonitorManager - Collected new counter data
2025-05-10 14:58:27 [pool-2-thread-1] INFO  c.g.y.a.jni.SystemMonitorManagerJNI - SystemMonitorManager - Collected new counter data
2025-05-10 14:58:28 [pool-2-thread-1] INFO  c.g.y.a.jni.SystemMonitorManagerJNI - SystemMonitorManager - Collected new counter data
2025-05-10 14:58:29 [pool-2-thread-1] INFO  c.g.y.a.jni.SystemMonitorManagerJNI - SystemMonitorManager - Collected new counter data
2025-05-10 14:58:30 [pool-2-thread-1] INFO  c.g.y.a.jni.SystemMonitorManagerJNI - SystemMonitorManager - Collected new counter data
2025-05-10 14:58:31 [pool-2-thread-1] INFO  c.g.y.a.jni.SystemMonitorManagerJNI - SystemMonitorManager - Collected new counter data
2025-05-10 14:58:32 [pool-2-thread-1] INFO  c.g.y.a.jni.SystemMonitorManagerJNI - SystemMonitorManager - Collected new counter data
2025-05-10 14:58:33 [pool-2-thread-1] INFO  c.g.y.a.jni.SystemMonitorManagerJNI - SystemMonitorManager - Collected new counter data
2025-05-10 14:58:34 [pool-2-thread-1] INFO  c.g.y.a.jni.SystemMonitorManagerJNI - SystemMonitorManager - Collected new counter data
2025-05-10 14:58:35 [pool-2-thread-1] INFO  c.g.y.a.jni.SystemMonitorManagerJNI - SystemMonitorManager - Collected new counter data
2025-05-10 14:58:36 [pool-2-thread-1] INFO  c.g.y.a.jni.SystemMonitorManagerJNI - SystemMonitorManager - Collected new counter data
2025-05-10 14:58:37 [pool-2-thread-1] INFO  c.g.y.a.jni.SystemMonitorManagerJNI - SystemMonitorManager - Collected new counter data
2025-05-10 14:58:38 [pool-2-thread-1] INFO  c.g.y.a.jni.SystemMonitorManagerJNI - SystemMonitorManager - Collected new counter data
2025-05-10 14:58:39 [pool-2-thread-1] INFO  c.g.y.a.jni.SystemMonitorManagerJNI - SystemMonitorManager - Collected new counter data
2025-05-10 14:58:40 [pool-2-thread-1] INFO  c.g.y.a.jni.SystemMonitorManagerJNI - SystemMonitorManager - Collected new counter data
2025-05-10 14:58:41 [pool-2-thread-1] INFO  c.g.y.a.jni.SystemMonitorManagerJNI - SystemMonitorManager - Collected new counter data
2025-05-10 14:58:42 [pool-2-thread-1] INFO  c.g.y.a.jni.SystemMonitorManagerJNI - SystemMonitorManager - Collected new counter data
2025-05-10 14:58:43 [pool-2-thread-1] INFO  c.g.y.a.jni.SystemMonitorManagerJNI - SystemMonitorManager - Collected new counter data
2025-05-10 14:58:44 [pool-2-thread-1] INFO  c.g.y.a.jni.SystemMonitorManagerJNI - SystemMonitorManager - Collected new counter data
2025-05-10 14:58:45 [pool-2-thread-1] INFO  c.g.y.a.jni.SystemMonitorManagerJNI - SystemMonitorManager - Collected new counter data
2025-05-10 14:58:46 [pool-2-thread-1] INFO  c.g.y.a.jni.SystemMonitorManagerJNI - SystemMonitorManager - Collected new counter data
2025-05-10 14:58:47 [pool-2-thread-1] INFO  c.g.y.a.jni.SystemMonitorManagerJNI - SystemMonitorManager - Collected new counter data
2025-05-10 14:58:48 [pool-2-thread-1] INFO  c.g.y.a.jni.SystemMonitorManagerJNI - SystemMonitorManager - Collected new counter data
2025-05-10 14:58:49 [pool-2-thread-1] INFO  c.g.y.a.jni.SystemMonitorManagerJNI - SystemMonitorManager - Collected new counter data
2025-05-10 14:58:50 [pool-2-thread-1] INFO  c.g.y.a.jni.SystemMonitorManagerJNI - SystemMonitorManager - Collected new counter data
2025-05-10 14:58:51 [pool-2-thread-1] INFO  c.g.y.a.jni.SystemMonitorManagerJNI - SystemMonitorManager - Collected new counter data
2025-05-10 14:58:52 [pool-2-thread-1] INFO  c.g.y.a.jni.SystemMonitorManagerJNI - SystemMonitorManager - Collected new counter data
2025-05-10 14:58:53 [pool-2-thread-1] INFO  c.g.y.a.jni.SystemMonitorManagerJNI - SystemMonitorManager - Collected new counter data
2025-05-10 14:58:54 [pool-2-thread-1] INFO  c.g.y.a.jni.SystemMonitorManagerJNI - SystemMonitorManager - Collected new counter data
2025-05-10 14:58:55 [pool-2-thread-1] INFO  c.g.y.a.jni.SystemMonitorManagerJNI - SystemMonitorManager - Collected new counter data
2025-05-10 14:58:56 [pool-2-thread-1] INFO  c.g.y.a.jni.SystemMonitorManagerJNI - SystemMonitorManager - Collected new counter data
2025-05-10 14:58:57 [pool-2-thread-1] INFO  c.g.y.a.jni.SystemMonitorManagerJNI - SystemMonitorManager - Collected new counter data
2025-05-10 14:58:58 [pool-2-thread-1] INFO  c.g.y.a.jni.SystemMonitorManagerJNI - SystemMonitorManager - Collected new counter data
2025-05-10 14:58:59 [pool-2-thread-1] INFO  c.g.y.a.jni.SystemMonitorManagerJNI - SystemMonitorManager - Collected new counter data
2025-05-10 14:59:00 [pool-2-thread-1] INFO  c.g.y.a.jni.SystemMonitorManagerJNI - SystemMonitorManager - Collected new counter data
2025-05-10 14:59:01 [pool-2-thread-1] INFO  c.g.y.a.jni.SystemMonitorManagerJNI - SystemMonitorManager - Collected new counter data
2025-05-10 14:59:02 [pool-2-thread-1] INFO  c.g.y.a.jni.SystemMonitorManagerJNI - SystemMonitorManager - Collected new counter data
2025-05-10 14:59:03 [pool-2-thread-1] INFO  c.g.y.a.jni.SystemMonitorManagerJNI - SystemMonitorManager - Collected new counter data
2025-05-10 14:59:04 [pool-2-thread-1] INFO  c.g.y.a.jni.SystemMonitorManagerJNI - SystemMonitorManager - Collected new counter data
2025-05-10 14:59:05 [pool-2-thread-1] INFO  c.g.y.a.jni.SystemMonitorManagerJNI - SystemMonitorManager - Collected new counter data
2025-05-10 14:59:06 [pool-2-thread-1] INFO  c.g.y.a.jni.SystemMonitorManagerJNI - SystemMonitorManager - Collected new counter data
2025-05-10 14:59:07 [pool-2-thread-1] INFO  c.g.y.a.jni.SystemMonitorManagerJNI - SystemMonitorManager - Collected new counter data
2025-05-10 14:59:08 [pool-2-thread-1] INFO  c.g.y.a.jni.SystemMonitorManagerJNI - SystemMonitorManager - Collected new counter data
2025-05-10 14:59:09 [pool-2-thread-1] INFO  c.g.y.a.jni.SystemMonitorManagerJNI - SystemMonitorManager - Collected new counter data
2025-05-10 14:59:10 [pool-2-thread-1] INFO  c.g.y.a.jni.SystemMonitorManagerJNI - SystemMonitorManager - Collected new counter data
2025-05-10 14:59:11 [pool-2-thread-1] INFO  c.g.y.a.jni.SystemMonitorManagerJNI - SystemMonitorManager - Collected new counter data
2025-05-10 14:59:12 [pool-2-thread-1] INFO  c.g.y.a.jni.SystemMonitorManagerJNI - SystemMonitorManager - Collected new counter data
2025-05-10 14:59:13 [pool-2-thread-1] INFO  c.g.y.a.jni.SystemMonitorManagerJNI - SystemMonitorManager - Collected new counter data
2025-05-10 14:59:14 [pool-2-thread-1] INFO  c.g.y.a.jni.SystemMonitorManagerJNI - SystemMonitorManager - Collected new counter data
2025-05-10 14:59:15 [pool-2-thread-1] INFO  c.g.y.a.jni.SystemMonitorManagerJNI - SystemMonitorManager - Collected new counter data
2025-05-10 14:59:16 [pool-2-thread-1] INFO  c.g.y.a.jni.SystemMonitorManagerJNI - SystemMonitorManager - Collected new counter data
2025-05-10 14:59:17 [pool-2-thread-1] INFO  c.g.y.a.jni.SystemMonitorManagerJNI - SystemMonitorManager - Collected new counter data
2025-05-10 14:59:18 [pool-2-thread-1] INFO  c.g.y.a.jni.SystemMonitorManagerJNI - SystemMonitorManager - Collected new counter data
2025-05-10 14:59:19 [pool-2-thread-1] INFO  c.g.y.a.jni.SystemMonitorManagerJNI - SystemMonitorManager - Collected new counter data
2025-05-10 14:59:20 [pool-2-thread-1] INFO  c.g.y.a.jni.SystemMonitorManagerJNI - SystemMonitorManager - Collected new counter data
2025-05-10 14:59:21 [pool-2-thread-1] INFO  c.g.y.a.jni.SystemMonitorManagerJNI - SystemMonitorManager - Collected new counter data
2025-05-10 14:59:22 [pool-2-thread-1] INFO  c.g.y.a.jni.SystemMonitorManagerJNI - SystemMonitorManager - Collected new counter data
2025-05-10 14:59:23 [pool-2-thread-1] INFO  c.g.y.a.jni.SystemMonitorManagerJNI - SystemMonitorManager - Collected new counter data
2025-05-10 14:59:24 [pool-2-thread-1] INFO  c.g.y.a.jni.SystemMonitorManagerJNI - SystemMonitorManager - Collected new counter data
2025-05-10 14:59:25 [pool-2-thread-1] INFO  c.g.y.a.jni.SystemMonitorManagerJNI - SystemMonitorManager - Collected new counter data
2025-05-10 14:59:26 [pool-2-thread-1] INFO  c.g.y.a.jni.SystemMonitorManagerJNI - SystemMonitorManager - Collected new counter data
2025-05-10 14:59:27 [pool-2-thread-1] INFO  c.g.y.a.jni.SystemMonitorManagerJNI - SystemMonitorManager - Collected new counter data
2025-05-10 14:59:28 [pool-2-thread-1] INFO  c.g.y.a.jni.SystemMonitorManagerJNI - SystemMonitorManager - Collected new counter data
2025-05-10 14:59:29 [pool-2-thread-1] INFO  c.g.y.a.jni.SystemMonitorManagerJNI - SystemMonitorManager - Collected new counter data
2025-05-10 14:59:30 [pool-2-thread-1] INFO  c.g.y.a.jni.SystemMonitorManagerJNI - SystemMonitorManager - Collected new counter data
2025-05-10 14:59:31 [pool-2-thread-1] INFO  c.g.y.a.jni.SystemMonitorManagerJNI - SystemMonitorManager - Collected new counter data
2025-05-10 14:59:32 [pool-2-thread-1] INFO  c.g.y.a.jni.SystemMonitorManagerJNI - SystemMonitorManager - Collected new counter data
2025-05-10 14:59:33 [pool-2-thread-1] INFO  c.g.y.a.jni.SystemMonitorManagerJNI - SystemMonitorManager - Collected new counter data
2025-05-10 14:59:34 [pool-2-thread-1] INFO  c.g.y.a.jni.SystemMonitorManagerJNI - SystemMonitorManager - Collected new counter data
2025-05-10 14:59:35 [pool-2-thread-1] INFO  c.g.y.a.jni.SystemMonitorManagerJNI - SystemMonitorManager - Collected new counter data
2025-05-10 14:59:36 [pool-2-thread-1] INFO  c.g.y.a.jni.SystemMonitorManagerJNI - SystemMonitorManager - Collected new counter data
2025-05-10 14:59:37 [pool-2-thread-1] INFO  c.g.y.a.jni.SystemMonitorManagerJNI - SystemMonitorManager - Collected new counter data
2025-05-10 14:59:38 [pool-2-thread-1] INFO  c.g.y.a.jni.SystemMonitorManagerJNI - SystemMonitorManager - Collected new counter data
2025-05-10 14:59:39 [pool-2-thread-1] INFO  c.g.y.a.jni.SystemMonitorManagerJNI - SystemMonitorManager - Collected new counter data
2025-05-10 14:59:40 [pool-2-thread-1] INFO  c.g.y.a.jni.SystemMonitorManagerJNI - SystemMonitorManager - Collected new counter data
2025-05-10 14:59:41 [pool-2-thread-1] INFO  c.g.y.a.jni.SystemMonitorManagerJNI - SystemMonitorManager - Collected new counter data
2025-05-10 14:59:42 [pool-2-thread-1] INFO  c.g.y.a.jni.SystemMonitorManagerJNI - SystemMonitorManager - Collected new counter data
2025-05-10 14:59:43 [pool-2-thread-1] INFO  c.g.y.a.jni.SystemMonitorManagerJNI - SystemMonitorManager - Collected new counter data
2025-05-10 14:59:44 [pool-2-thread-1] INFO  c.g.y.a.jni.SystemMonitorManagerJNI - SystemMonitorManager - Collected new counter data
2025-05-10 14:59:45 [pool-2-thread-1] INFO  c.g.y.a.jni.SystemMonitorManagerJNI - SystemMonitorManager - Collected new counter data
2025-05-10 14:59:46 [pool-2-thread-1] INFO  c.g.y.a.jni.SystemMonitorManagerJNI - SystemMonitorManager - Collected new counter data
2025-05-10 14:59:47 [pool-2-thread-1] INFO  c.g.y.a.jni.SystemMonitorManagerJNI - SystemMonitorManager - Collected new counter data
2025-05-10 14:59:48 [pool-2-thread-1] INFO  c.g.y.a.jni.SystemMonitorManagerJNI - SystemMonitorManager - Collected new counter data
2025-05-10 14:59:49 [pool-2-thread-1] INFO  c.g.y.a.jni.SystemMonitorManagerJNI - SystemMonitorManager - Collected new counter data
2025-05-10 14:59:50 [pool-2-thread-1] INFO  c.g.y.a.jni.SystemMonitorManagerJNI - SystemMonitorManager - Collected new counter data
2025-05-10 14:59:51 [pool-2-thread-1] INFO  c.g.y.a.jni.SystemMonitorManagerJNI - SystemMonitorManager - Collected new counter data
2025-05-10 14:59:52 [pool-2-thread-1] INFO  c.g.y.a.jni.SystemMonitorManagerJNI - SystemMonitorManager - Collected new counter data
2025-05-10 14:59:53 [pool-2-thread-1] INFO  c.g.y.a.jni.SystemMonitorManagerJNI - SystemMonitorManager - Collected new counter data
2025-05-10 14:59:54 [pool-2-thread-1] INFO  c.g.y.a.jni.SystemMonitorManagerJNI - SystemMonitorManager - Collected new counter data
2025-05-10 14:59:55 [pool-2-thread-1] INFO  c.g.y.a.jni.SystemMonitorManagerJNI - SystemMonitorManager - Collected new counter data
2025-05-10 14:59:56 [pool-2-thread-1] INFO  c.g.y.a.jni.SystemMonitorManagerJNI - SystemMonitorManager - Collected new counter data
2025-05-10 14:59:57 [pool-2-thread-1] INFO  c.g.y.a.jni.SystemMonitorManagerJNI - SystemMonitorManager - Collected new counter data
2025-05-10 14:59:58 [pool-2-thread-1] INFO  c.g.y.a.jni.SystemMonitorManagerJNI - SystemMonitorManager - Collected new counter data
2025-05-10 14:59:59 [pool-2-thread-1] INFO  c.g.y.a.jni.SystemMonitorManagerJNI - SystemMonitorManager - Collected new counter data
2025-05-10 15:00:00 [pool-2-thread-1] INFO  c.g.y.a.jni.SystemMonitorManagerJNI - SystemMonitorManager - Collected new counter data
2025-05-10 15:00:01 [pool-2-thread-1] INFO  c.g.y.a.jni.SystemMonitorManagerJNI - SystemMonitorManager - Collected new counter data
2025-05-10 15:00:02 [pool-2-thread-1] INFO  c.g.y.a.jni.SystemMonitorManagerJNI - SystemMonitorManager - Collected new counter data
2025-05-10 15:00:03 [pool-2-thread-1] INFO  c.g.y.a.jni.SystemMonitorManagerJNI - SystemMonitorManager - Collected new counter data
2025-05-10 15:00:04 [pool-2-thread-1] INFO  c.g.y.a.jni.SystemMonitorManagerJNI - SystemMonitorManager - Collected new counter data
2025-05-10 15:00:05 [pool-2-thread-1] INFO  c.g.y.a.jni.SystemMonitorManagerJNI - SystemMonitorManager - Collected new counter data
2025-05-10 15:00:06 [pool-2-thread-1] INFO  c.g.y.a.jni.SystemMonitorManagerJNI - SystemMonitorManager - Collected new counter data
2025-05-10 15:00:07 [pool-2-thread-1] INFO  c.g.y.a.jni.SystemMonitorManagerJNI - SystemMonitorManager - Collected new counter data
2025-05-10 15:00:08 [pool-2-thread-1] INFO  c.g.y.a.jni.SystemMonitorManagerJNI - SystemMonitorManager - Collected new counter data
2025-05-10 15:00:09 [pool-2-thread-1] INFO  c.g.y.a.jni.SystemMonitorManagerJNI - SystemMonitorManager - Collected new counter data
2025-05-10 15:00:10 [pool-2-thread-1] INFO  c.g.y.a.jni.SystemMonitorManagerJNI - SystemMonitorManager - Collected new counter data
2025-05-10 15:00:11 [pool-2-thread-1] INFO  c.g.y.a.jni.SystemMonitorManagerJNI - SystemMonitorManager - Collected new counter data
2025-05-10 15:00:12 [pool-2-thread-1] INFO  c.g.y.a.jni.SystemMonitorManagerJNI - SystemMonitorManager - Collected new counter data
2025-05-10 15:00:13 [pool-2-thread-1] INFO  c.g.y.a.jni.SystemMonitorManagerJNI - SystemMonitorManager - Collected new counter data
2025-05-10 15:00:14 [pool-2-thread-1] INFO  c.g.y.a.jni.SystemMonitorManagerJNI - SystemMonitorManager - Collected new counter data
2025-05-10 15:00:15 [pool-2-thread-1] INFO  c.g.y.a.jni.SystemMonitorManagerJNI - SystemMonitorManager - Collected new counter data
2025-05-10 15:00:16 [pool-2-thread-1] INFO  c.g.y.a.jni.SystemMonitorManagerJNI - SystemMonitorManager - Collected new counter data
2025-05-10 15:00:17 [pool-2-thread-1] INFO  c.g.y.a.jni.SystemMonitorManagerJNI - SystemMonitorManager - Collected new counter data
2025-05-10 15:00:18 [pool-2-thread-1] INFO  c.g.y.a.jni.SystemMonitorManagerJNI - SystemMonitorManager - Collected new counter data
2025-05-10 15:00:19 [pool-2-thread-1] INFO  c.g.y.a.jni.SystemMonitorManagerJNI - SystemMonitorManager - Collected new counter data
2025-05-10 15:00:20 [pool-2-thread-1] INFO  c.g.y.a.jni.SystemMonitorManagerJNI - SystemMonitorManager - Collected new counter data
2025-05-10 15:00:21 [pool-2-thread-1] INFO  c.g.y.a.jni.SystemMonitorManagerJNI - SystemMonitorManager - Collected new counter data
2025-05-10 15:00:22 [pool-2-thread-1] INFO  c.g.y.a.jni.SystemMonitorManagerJNI - SystemMonitorManager - Collected new counter data
2025-05-10 15:00:23 [pool-2-thread-1] INFO  c.g.y.a.jni.SystemMonitorManagerJNI - SystemMonitorManager - Collected new counter data
2025-05-10 15:00:24 [pool-2-thread-1] INFO  c.g.y.a.jni.SystemMonitorManagerJNI - SystemMonitorManager - Collected new counter data
2025-05-10 15:00:25 [pool-2-thread-1] INFO  c.g.y.a.jni.SystemMonitorManagerJNI - SystemMonitorManager - Collected new counter data
2025-05-10 15:00:26 [pool-2-thread-1] INFO  c.g.y.a.jni.SystemMonitorManagerJNI - SystemMonitorManager - Collected new counter data
2025-05-10 15:00:27 [pool-2-thread-1] INFO  c.g.y.a.jni.SystemMonitorManagerJNI - SystemMonitorManager - Collected new counter data
2025-05-10 15:00:28 [pool-2-thread-1] INFO  c.g.y.a.jni.SystemMonitorManagerJNI - SystemMonitorManager - Collected new counter data
2025-05-10 15:00:29 [pool-2-thread-1] INFO  c.g.y.a.jni.SystemMonitorManagerJNI - SystemMonitorManager - Collected new counter data
2025-05-10 15:00:30 [pool-2-thread-1] INFO  c.g.y.a.jni.SystemMonitorManagerJNI - SystemMonitorManager - Collected new counter data
2025-05-10 15:00:31 [pool-2-thread-1] INFO  c.g.y.a.jni.SystemMonitorManagerJNI - SystemMonitorManager - Collected new counter data
2025-05-10 15:00:32 [pool-2-thread-1] INFO  c.g.y.a.jni.SystemMonitorManagerJNI - SystemMonitorManager - Collected new counter data
2025-05-10 15:00:33 [pool-2-thread-1] INFO  c.g.y.a.jni.SystemMonitorManagerJNI - SystemMonitorManager - Collected new counter data
2025-05-10 15:00:34 [pool-2-thread-1] INFO  c.g.y.a.jni.SystemMonitorManagerJNI - SystemMonitorManager - Collected new counter data
2025-05-10 15:00:35 [pool-2-thread-1] INFO  c.g.y.a.jni.SystemMonitorManagerJNI - SystemMonitorManager - Collected new counter data
2025-05-10 15:00:36 [pool-2-thread-1] INFO  c.g.y.a.jni.SystemMonitorManagerJNI - SystemMonitorManager - Collected new counter data
2025-05-10 15:00:37 [pool-2-thread-1] INFO  c.g.y.a.jni.SystemMonitorManagerJNI - SystemMonitorManager - Collected new counter data
2025-05-10 15:00:38 [pool-2-thread-1] INFO  c.g.y.a.jni.SystemMonitorManagerJNI - SystemMonitorManager - Collected new counter data
2025-05-10 15:00:39 [pool-2-thread-1] INFO  c.g.y.a.jni.SystemMonitorManagerJNI - SystemMonitorManager - Collected new counter data
2025-05-10 15:00:40 [pool-2-thread-1] INFO  c.g.y.a.jni.SystemMonitorManagerJNI - SystemMonitorManager - Collected new counter data
2025-05-10 15:00:41 [pool-2-thread-1] INFO  c.g.y.a.jni.SystemMonitorManagerJNI - SystemMonitorManager - Collected new counter data
2025-05-10 15:00:42 [pool-2-thread-1] INFO  c.g.y.a.jni.SystemMonitorManagerJNI - SystemMonitorManager - Collected new counter data
2025-05-10 15:00:43 [pool-2-thread-1] INFO  c.g.y.a.jni.SystemMonitorManagerJNI - SystemMonitorManager - Collected new counter data
2025-05-10 15:00:44 [pool-2-thread-1] INFO  c.g.y.a.jni.SystemMonitorManagerJNI - SystemMonitorManager - Collected new counter data
2025-05-10 15:00:45 [pool-2-thread-1] INFO  c.g.y.a.jni.SystemMonitorManagerJNI - SystemMonitorManager - Collected new counter data
2025-05-10 15:00:46 [pool-2-thread-1] INFO  c.g.y.a.jni.SystemMonitorManagerJNI - SystemMonitorManager - Collected new counter data
2025-05-10 15:00:47 [pool-2-thread-1] INFO  c.g.y.a.jni.SystemMonitorManagerJNI - SystemMonitorManager - Collected new counter data
2025-05-10 15:00:48 [pool-2-thread-1] INFO  c.g.y.a.jni.SystemMonitorManagerJNI - SystemMonitorManager - Collected new counter data
2025-05-10 15:00:49 [pool-2-thread-1] INFO  c.g.y.a.jni.SystemMonitorManagerJNI - SystemMonitorManager - Collected new counter data
2025-05-10 15:00:50 [pool-2-thread-1] INFO  c.g.y.a.jni.SystemMonitorManagerJNI - SystemMonitorManager - Collected new counter data
2025-05-10 15:00:51 [pool-2-thread-1] INFO  c.g.y.a.jni.SystemMonitorManagerJNI - SystemMonitorManager - Collected new counter data
2025-05-10 15:00:52 [pool-2-thread-1] INFO  c.g.y.a.jni.SystemMonitorManagerJNI - SystemMonitorManager - Collected new counter data
2025-05-10 15:00:53 [pool-2-thread-1] INFO  c.g.y.a.jni.SystemMonitorManagerJNI - SystemMonitorManager - Collected new counter data
2025-05-10 15:00:54 [pool-2-thread-1] INFO  c.g.y.a.jni.SystemMonitorManagerJNI - SystemMonitorManager - Collected new counter data
2025-05-10 15:00:55 [pool-2-thread-1] INFO  c.g.y.a.jni.SystemMonitorManagerJNI - SystemMonitorManager - Collected new counter data
2025-05-10 15:00:56 [pool-2-thread-1] INFO  c.g.y.a.jni.SystemMonitorManagerJNI - SystemMonitorManager - Collected new counter data
2025-05-10 15:00:57 [pool-2-thread-1] INFO  c.g.y.a.jni.SystemMonitorManagerJNI - SystemMonitorManager - Collected new counter data
2025-05-10 15:00:58 [pool-2-thread-1] INFO  c.g.y.a.jni.SystemMonitorManagerJNI - SystemMonitorManager - Collected new counter data
2025-05-10 15:00:59 [pool-2-thread-1] INFO  c.g.y.a.jni.SystemMonitorManagerJNI - SystemMonitorManager - Collected new counter data
2025-05-10 15:01:00 [pool-2-thread-1] INFO  c.g.y.a.jni.SystemMonitorManagerJNI - SystemMonitorManager - Collected new counter data
2025-05-10 15:01:01 [pool-2-thread-1] INFO  c.g.y.a.jni.SystemMonitorManagerJNI - SystemMonitorManager - Collected new counter data
2025-05-10 15:01:02 [pool-2-thread-1] INFO  c.g.y.a.jni.SystemMonitorManagerJNI - SystemMonitorManager - Collected new counter data
2025-05-10 15:01:03 [pool-2-thread-1] INFO  c.g.y.a.jni.SystemMonitorManagerJNI - SystemMonitorManager - Collected new counter data
2025-05-10 15:01:04 [pool-2-thread-1] INFO  c.g.y.a.jni.SystemMonitorManagerJNI - SystemMonitorManager - Collected new counter data
2025-05-10 15:01:05 [pool-2-thread-1] INFO  c.g.y.a.jni.SystemMonitorManagerJNI - SystemMonitorManager - Collected new counter data
2025-05-10 15:01:06 [pool-2-thread-1] INFO  c.g.y.a.jni.SystemMonitorManagerJNI - SystemMonitorManager - Collected new counter data
2025-05-10 15:01:07 [pool-2-thread-1] INFO  c.g.y.a.jni.SystemMonitorManagerJNI - SystemMonitorManager - Collected new counter data
2025-05-10 15:01:08 [pool-2-thread-1] INFO  c.g.y.a.jni.SystemMonitorManagerJNI - SystemMonitorManager - Collected new counter data
2025-05-10 15:01:09 [pool-2-thread-1] INFO  c.g.y.a.jni.SystemMonitorManagerJNI - SystemMonitorManager - Collected new counter data
2025-05-10 15:01:10 [pool-2-thread-1] INFO  c.g.y.a.jni.SystemMonitorManagerJNI - SystemMonitorManager - Collected new counter data
2025-05-10 15:01:11 [pool-2-thread-1] INFO  c.g.y.a.jni.SystemMonitorManagerJNI - SystemMonitorManager - Collected new counter data
2025-05-10 15:01:12 [pool-2-thread-1] INFO  c.g.y.a.jni.SystemMonitorManagerJNI - SystemMonitorManager - Collected new counter data
2025-05-10 15:01:13 [pool-2-thread-1] INFO  c.g.y.a.jni.SystemMonitorManagerJNI - SystemMonitorManager - Collected new counter data
2025-05-10 15:01:14 [pool-2-thread-1] INFO  c.g.y.a.jni.SystemMonitorManagerJNI - SystemMonitorManager - Collected new counter data
2025-05-10 15:01:15 [pool-2-thread-1] INFO  c.g.y.a.jni.SystemMonitorManagerJNI - SystemMonitorManager - Collected new counter data
2025-05-10 15:01:16 [pool-2-thread-1] INFO  c.g.y.a.jni.SystemMonitorManagerJNI - SystemMonitorManager - Collected new counter data
2025-05-10 15:01:17 [pool-2-thread-1] INFO  c.g.y.a.jni.SystemMonitorManagerJNI - SystemMonitorManager - Collected new counter data
2025-05-10 15:01:18 [pool-2-thread-1] INFO  c.g.y.a.jni.SystemMonitorManagerJNI - SystemMonitorManager - Collected new counter data
2025-05-10 15:01:19 [pool-2-thread-1] INFO  c.g.y.a.jni.SystemMonitorManagerJNI - SystemMonitorManager - Collected new counter data
2025-05-10 15:01:20 [pool-2-thread-1] INFO  c.g.y.a.jni.SystemMonitorManagerJNI - SystemMonitorManager - Collected new counter data
2025-05-10 15:01:21 [pool-2-thread-1] INFO  c.g.y.a.jni.SystemMonitorManagerJNI - SystemMonitorManager - Collected new counter data
2025-05-10 15:01:22 [pool-2-thread-1] INFO  c.g.y.a.jni.SystemMonitorManagerJNI - SystemMonitorManager - Collected new counter data
2025-05-10 15:01:23 [pool-2-thread-1] INFO  c.g.y.a.jni.SystemMonitorManagerJNI - SystemMonitorManager - Collected new counter data
2025-05-10 15:01:24 [pool-2-thread-1] INFO  c.g.y.a.jni.SystemMonitorManagerJNI - SystemMonitorManager - Collected new counter data
2025-05-10 15:01:25 [pool-2-thread-1] INFO  c.g.y.a.jni.SystemMonitorManagerJNI - SystemMonitorManager - Collected new counter data
2025-05-10 15:01:26 [pool-2-thread-1] INFO  c.g.y.a.jni.SystemMonitorManagerJNI - SystemMonitorManager - Collected new counter data
2025-05-10 15:01:27 [pool-2-thread-1] INFO  c.g.y.a.jni.SystemMonitorManagerJNI - SystemMonitorManager - Collected new counter data
2025-05-10 15:01:28 [pool-2-thread-1] INFO  c.g.y.a.jni.SystemMonitorManagerJNI - SystemMonitorManager - Collected new counter data
2025-05-10 15:01:29 [pool-2-thread-1] INFO  c.g.y.a.jni.SystemMonitorManagerJNI - SystemMonitorManager - Collected new counter data
2025-05-10 15:01:30 [pool-2-thread-1] INFO  c.g.y.a.jni.SystemMonitorManagerJNI - SystemMonitorManager - Collected new counter data
2025-05-10 15:01:31 [pool-2-thread-1] INFO  c.g.y.a.jni.SystemMonitorManagerJNI - SystemMonitorManager - Collected new counter data
2025-05-10 15:01:32 [pool-2-thread-1] INFO  c.g.y.a.jni.SystemMonitorManagerJNI - SystemMonitorManager - Collected new counter data
2025-05-10 15:01:33 [pool-2-thread-1] INFO  c.g.y.a.jni.SystemMonitorManagerJNI - SystemMonitorManager - Collected new counter data
2025-05-10 15:01:34 [pool-2-thread-1] INFO  c.g.y.a.jni.SystemMonitorManagerJNI - SystemMonitorManager - Collected new counter data
2025-05-10 15:01:35 [pool-2-thread-1] INFO  c.g.y.a.jni.SystemMonitorManagerJNI - SystemMonitorManager - Collected new counter data
2025-05-10 15:01:36 [SpringApplicationShutdownHook] INFO  o.s.b.w.e.tomcat.GracefulShutdown - Commencing graceful shutdown. Waiting for active requests to complete
2025-05-10 15:01:36 [tomcat-shutdown] INFO  o.s.b.w.e.tomcat.GracefulShutdown - Graceful shutdown complete
2025-05-10 15:01:36 [SpringApplicationShutdownHook] INFO  c.g.y.a.s.SystemMetricsCollector - SystemMetricsCollector cleanup - monitor will be closed by Spring context
2025-05-10 15:01:36 [SpringApplicationShutdownHook] INFO  c.g.y.a.jni.SystemMonitorManagerJNI - Successfully released native resources
2025-05-10 15:01:36 [SpringApplicationShutdownHook] INFO  c.g.yamec.app.YamecApplication - CLEANUP - YamecApplication is shutting down...
2025-05-10 15:01:36 [SpringApplicationShutdownHook] INFO  o.s.o.j.LocalContainerEntityManagerFactoryBean - Closing JPA EntityManagerFactory for persistence unit 'default'
2025-05-10 15:01:36 [SpringApplicationShutdownHook] INFO  com.zaxxer.hikari.HikariDataSource - HikariPool-1 - Shutdown initiated...
2025-05-10 15:01:36 [SpringApplicationShutdownHook] INFO  com.zaxxer.hikari.HikariDataSource - HikariPool-1 - Shutdown completed.
2025-05-10 15:11:50 [main] INFO  c.g.yamec.app.YamecApplication - Starting YamecApplication using Java 23.0.2 with PID 20808 (C:\Users\cmarc\IdeaProjects\yamec\yamec\yamec-app\target\yamec-app-0.0.1-SNAPSHOT.jar started by cmarc in C:\Users\cmarc\IdeaProjects\yamec\yamec)
2025-05-10 15:11:50 [main] INFO  c.g.yamec.app.YamecApplication - No active profile set, falling back to 1 default profile: "default"
2025-05-10 15:11:51 [main] INFO  o.s.d.r.c.RepositoryConfigurationDelegate - Bootstrapping Spring Data JPA repositories in DEFAULT mode.
2025-05-10 15:11:51 [main] INFO  o.s.d.r.c.RepositoryConfigurationDelegate - Finished Spring Data repository scanning in 62 ms. Found 13 JPA repository interfaces.
2025-05-10 15:11:52 [main] INFO  o.s.b.w.e.tomcat.TomcatWebServer - Tomcat initialized with port 8084 (http)
2025-05-10 15:11:52 [main] INFO  o.a.catalina.core.StandardService - Starting service [Tomcat]
2025-05-10 15:11:52 [main] INFO  o.a.catalina.core.StandardEngine - Starting Servlet engine: [Apache Tomcat/10.1.36]
2025-05-10 15:11:52 [main] INFO  o.a.c.c.C.[Tomcat].[localhost].[/] - Initializing Spring embedded WebApplicationContext
2025-05-10 15:11:52 [main] INFO  o.s.b.w.s.c.ServletWebServerApplicationContext - Root WebApplicationContext: initialization completed in 1355 ms
2025-05-10 15:11:52 [main] INFO  o.h.jpa.internal.util.LogHelper - HHH000204: Processing PersistenceUnitInfo [name: default]
2025-05-10 15:11:52 [main] INFO  org.hibernate.Version - HHH000412: Hibernate ORM core version 6.6.8.Final
2025-05-10 15:11:52 [main] INFO  o.h.c.i.RegionFactoryInitiator - HHH000026: Second-level cache disabled
2025-05-10 15:11:52 [main] INFO  o.s.o.j.p.SpringPersistenceUnitInfo - No LoadTimeWeaver setup: ignoring JPA class transformer
2025-05-10 15:11:52 [main] INFO  com.zaxxer.hikari.HikariDataSource - HikariPool-1 - Starting...
2025-05-10 15:11:52 [main] INFO  com.zaxxer.hikari.pool.HikariPool - HikariPool-1 - Added connection org.sqlite.jdbc4.JDBC4Connection@36211bbc
2025-05-10 15:11:52 [main] INFO  com.zaxxer.hikari.HikariDataSource - HikariPool-1 - Start completed.
2025-05-10 15:11:53 [main] INFO  o.hibernate.orm.connections.pooling - HHH10001005: Database info:
	Database JDBC URL [Connecting through datasource 'HikariDataSource (HikariPool-1)']
	Database driver: undefined/unknown
	Database version: 3.49.1
	Autocommit mode: undefined/unknown
	Isolation level: undefined/unknown
	Minimum pool size: undefined/unknown
	Maximum pool size: undefined/unknown
2025-05-10 15:11:53 [main] INFO  o.h.e.t.j.p.i.JtaPlatformInitiator - HHH000489: No JTA platform available (set 'hibernate.transaction.jta.platform' to enable JTA platform integration)
2025-05-10 15:11:53 [main] INFO  o.s.o.j.LocalContainerEntityManagerFactoryBean - Initialized JPA EntityManagerFactory for persistence unit 'default'
2025-05-10 15:11:54 [main] INFO  o.s.d.j.r.query.QueryEnhancerFactory - Hibernate is in classpath; If applicable, HQL parser will be used.
2025-05-10 15:11:55 [main] INFO  c.g.y.app.config.SystemMonitorConfig - Creating singleton instance of SystemMonitorManagerJNI
2025-05-10 15:11:55 [pool-2-thread-1] INFO  com.github.fommil.jni.JniLoader - successfully loaded C:\Users\cmarc\AppData\Local\Temp\jniloader9261092267056151771yamecjni.dll
2025-05-10 15:11:55 [pool-2-thread-1] INFO  c.g.y.a.jni.SystemMonitorManagerJNI - SystemMonitorManager - Initialized
2025-05-10 15:11:55 [pool-2-thread-1] INFO  c.g.y.a.jni.SystemMonitorManagerJNI - SystemMonitorManager - Collected new counter data
2025-05-10 15:11:56 [main] INFO  c.g.y.a.s.SystemMetricsCollector - Initializing SystemMetricsCollector
2025-05-10 15:11:56 [main] INFO  c.g.y.a.s.SystemMetricsCollector - CPU Hardware Information: Cpu[id=null, friendlyName='AMD Ryzen 9 5950X 16-Core Processor            ', coreCount='16', logicalProcessorCount='32', l1CacheSize='1048576', l2CacheSize='8388608', l3CacheSize='67108864', virtualizationEnabled='true']
2025-05-10 15:11:56 [main] INFO  c.g.y.a.s.SystemMetricsCollector - Memory Hardware Information: MemoryHardwareInformation{id=null, capacity=103079215104, speed=2133, slotsUsed=4, slotsTotal=4, capacityIsUnsigned=true, speedIsUnsigned=true}
2025-05-10 15:11:56 [main] INFO  c.g.y.a.s.SystemMetricsCollector - Disk Hardware Information:
2025-05-10 15:11:56 [main] INFO  c.g.y.a.s.SystemMetricsCollector - com.gibbonsdimarco.yamec.app.data.DiskHardwareInformation@53f40ead
2025-05-10 15:11:56 [main] INFO  c.g.y.a.s.SystemMetricsCollector - com.gibbonsdimarco.yamec.app.data.DiskHardwareInformation@27cfc534
2025-05-10 15:11:56 [main] INFO  c.g.y.a.s.SystemMetricsCollector - NIC Hardware Information:
2025-05-10 15:11:56 [main] INFO  c.g.y.a.s.SystemMetricsCollector - com.gibbonsdimarco.yamec.app.data.NicHardwareInformation@4d548ae7
2025-05-10 15:11:56 [main] INFO  c.g.y.a.s.SystemMetricsCollector - com.gibbonsdimarco.yamec.app.data.NicHardwareInformation@2624dd2c
2025-05-10 15:11:56 [main] INFO  o.s.b.a.w.s.WelcomePageHandlerMapping - Adding welcome page template: index
2025-05-10 15:11:57 [main] INFO  o.s.b.w.e.tomcat.TomcatWebServer - Tomcat started on port 8084 (http) with context path '/'
2025-05-10 15:11:57 [main] INFO  c.g.yamec.app.YamecApplication - Started YamecApplication in 7.19 seconds (process running for 7.908)
2025-05-10 15:11:57 [pool-2-thread-1] INFO  c.g.y.a.jni.SystemMonitorManagerJNI - SystemMonitorManager - Collected new counter data
2025-05-10 15:11:58 [pool-2-thread-1] INFO  c.g.y.a.jni.SystemMonitorManagerJNI - SystemMonitorManager - Collected new counter data
2025-05-10 15:11:58 [pool-2-thread-1] INFO  c.g.y.a.jni.SystemMonitorManagerJNI - SystemMonitorManager - Collected new counter data
2025-05-10 15:11:58 [main] INFO  c.g.yamec.app.YamecApplication - User home directory: C:\Users\cmarc
2025-05-10 15:11:58 [main] INFO  c.g.yamec.app.YamecApplication - Yamec Application Started
2025-05-10 15:11:58 [http-nio-8084-exec-1] INFO  o.a.c.c.C.[Tomcat].[localhost].[/] - Initializing Spring DispatcherServlet 'dispatcherServlet'
2025-05-10 15:11:58 [http-nio-8084-exec-1] INFO  o.s.web.servlet.DispatcherServlet - Initializing Servlet 'dispatcherServlet'
2025-05-10 15:11:58 [http-nio-8084-exec-1] INFO  o.s.web.servlet.DispatcherServlet - Completed initialization in 2 ms
2025-05-10 15:11:59 [pool-2-thread-1] INFO  c.g.y.a.jni.SystemMonitorManagerJNI - SystemMonitorManager - Collected new counter data
2025-05-10 15:12:00 [pool-2-thread-1] INFO  c.g.y.a.jni.SystemMonitorManagerJNI - SystemMonitorManager - Collected new counter data
2025-05-10 15:12:01 [pool-2-thread-1] INFO  c.g.y.a.jni.SystemMonitorManagerJNI - SystemMonitorManager - Collected new counter data
2025-05-10 15:12:02 [pool-2-thread-1] INFO  c.g.y.a.jni.SystemMonitorManagerJNI - SystemMonitorManager - Collected new counter data
2025-05-10 15:12:03 [pool-2-thread-1] INFO  c.g.y.a.jni.SystemMonitorManagerJNI - SystemMonitorManager - Collected new counter data
2025-05-10 15:12:04 [pool-2-thread-1] INFO  c.g.y.a.jni.SystemMonitorManagerJNI - SystemMonitorManager - Collected new counter data
2025-05-10 15:12:05 [pool-2-thread-1] INFO  c.g.y.a.jni.SystemMonitorManagerJNI - SystemMonitorManager - Collected new counter data
2025-05-10 15:12:06 [pool-2-thread-1] INFO  c.g.y.a.jni.SystemMonitorManagerJNI - SystemMonitorManager - Collected new counter data
2025-05-10 15:12:07 [pool-2-thread-1] INFO  c.g.y.a.jni.SystemMonitorManagerJNI - SystemMonitorManager - Collected new counter data
2025-05-10 15:12:08 [pool-2-thread-1] INFO  c.g.y.a.jni.SystemMonitorManagerJNI - SystemMonitorManager - Collected new counter data
2025-05-10 15:12:09 [pool-2-thread-1] INFO  c.g.y.a.jni.SystemMonitorManagerJNI - SystemMonitorManager - Collected new counter data
2025-05-10 15:12:10 [pool-2-thread-1] INFO  c.g.y.a.jni.SystemMonitorManagerJNI - SystemMonitorManager - Collected new counter data
2025-05-10 15:12:11 [pool-2-thread-1] INFO  c.g.y.a.jni.SystemMonitorManagerJNI - SystemMonitorManager - Collected new counter data
2025-05-10 15:12:12 [pool-2-thread-1] INFO  c.g.y.a.jni.SystemMonitorManagerJNI - SystemMonitorManager - Collected new counter data
2025-05-10 15:12:13 [pool-2-thread-1] INFO  c.g.y.a.jni.SystemMonitorManagerJNI - SystemMonitorManager - Collected new counter data
2025-05-10 15:12:14 [pool-2-thread-1] INFO  c.g.y.a.jni.SystemMonitorManagerJNI - SystemMonitorManager - Collected new counter data
2025-05-10 15:12:15 [pool-2-thread-1] INFO  c.g.y.a.jni.SystemMonitorManagerJNI - SystemMonitorManager - Collected new counter data
2025-05-10 15:12:16 [pool-2-thread-1] INFO  c.g.y.a.jni.SystemMonitorManagerJNI - SystemMonitorManager - Collected new counter data
2025-05-10 15:12:17 [pool-2-thread-1] INFO  c.g.y.a.jni.SystemMonitorManagerJNI - SystemMonitorManager - Collected new counter data
2025-05-10 15:12:18 [pool-2-thread-1] INFO  c.g.y.a.jni.SystemMonitorManagerJNI - SystemMonitorManager - Collected new counter data
2025-05-10 15:12:19 [pool-2-thread-1] INFO  c.g.y.a.jni.SystemMonitorManagerJNI - SystemMonitorManager - Collected new counter data
2025-05-10 15:12:20 [pool-2-thread-1] INFO  c.g.y.a.jni.SystemMonitorManagerJNI - SystemMonitorManager - Collected new counter data
2025-05-10 15:12:21 [pool-2-thread-1] INFO  c.g.y.a.jni.SystemMonitorManagerJNI - SystemMonitorManager - Collected new counter data
2025-05-10 15:12:22 [pool-2-thread-1] INFO  c.g.y.a.jni.SystemMonitorManagerJNI - SystemMonitorManager - Collected new counter data
2025-05-10 15:12:23 [pool-2-thread-1] INFO  c.g.y.a.jni.SystemMonitorManagerJNI - SystemMonitorManager - Collected new counter data
2025-05-10 15:12:24 [pool-2-thread-1] INFO  c.g.y.a.jni.SystemMonitorManagerJNI - SystemMonitorManager - Collected new counter data
2025-05-10 15:12:25 [pool-2-thread-1] INFO  c.g.y.a.jni.SystemMonitorManagerJNI - SystemMonitorManager - Collected new counter data
2025-05-10 15:12:26 [pool-2-thread-1] INFO  c.g.y.a.jni.SystemMonitorManagerJNI - SystemMonitorManager - Collected new counter data
2025-05-10 15:12:27 [pool-2-thread-1] INFO  c.g.y.a.jni.SystemMonitorManagerJNI - SystemMonitorManager - Collected new counter data
2025-05-10 15:12:28 [pool-2-thread-1] INFO  c.g.y.a.jni.SystemMonitorManagerJNI - SystemMonitorManager - Collected new counter data
2025-05-10 15:12:29 [pool-2-thread-1] INFO  c.g.y.a.jni.SystemMonitorManagerJNI - SystemMonitorManager - Collected new counter data
2025-05-10 15:12:30 [pool-2-thread-1] INFO  c.g.y.a.jni.SystemMonitorManagerJNI - SystemMonitorManager - Collected new counter data
2025-05-10 15:12:31 [pool-2-thread-1] INFO  c.g.y.a.jni.SystemMonitorManagerJNI - SystemMonitorManager - Collected new counter data
2025-05-10 15:12:32 [pool-2-thread-1] INFO  c.g.y.a.jni.SystemMonitorManagerJNI - SystemMonitorManager - Collected new counter data
2025-05-10 15:12:33 [pool-2-thread-1] INFO  c.g.y.a.jni.SystemMonitorManagerJNI - SystemMonitorManager - Collected new counter data
2025-05-10 15:12:34 [pool-2-thread-1] INFO  c.g.y.a.jni.SystemMonitorManagerJNI - SystemMonitorManager - Collected new counter data
2025-05-10 15:12:35 [pool-2-thread-1] INFO  c.g.y.a.jni.SystemMonitorManagerJNI - SystemMonitorManager - Collected new counter data
2025-05-10 15:12:36 [pool-2-thread-1] INFO  c.g.y.a.jni.SystemMonitorManagerJNI - SystemMonitorManager - Collected new counter data
2025-05-10 15:12:37 [pool-2-thread-1] INFO  c.g.y.a.jni.SystemMonitorManagerJNI - SystemMonitorManager - Collected new counter data
2025-05-10 15:12:38 [pool-2-thread-1] INFO  c.g.y.a.jni.SystemMonitorManagerJNI - SystemMonitorManager - Collected new counter data
2025-05-10 15:12:39 [pool-2-thread-1] INFO  c.g.y.a.jni.SystemMonitorManagerJNI - SystemMonitorManager - Collected new counter data
2025-05-10 15:12:40 [pool-2-thread-1] INFO  c.g.y.a.jni.SystemMonitorManagerJNI - SystemMonitorManager - Collected new counter data
2025-05-10 15:12:41 [pool-2-thread-1] INFO  c.g.y.a.jni.SystemMonitorManagerJNI - SystemMonitorManager - Collected new counter data
2025-05-10 15:12:42 [pool-2-thread-1] INFO  c.g.y.a.jni.SystemMonitorManagerJNI - SystemMonitorManager - Collected new counter data
2025-05-10 15:12:43 [pool-2-thread-1] INFO  c.g.y.a.jni.SystemMonitorManagerJNI - SystemMonitorManager - Collected new counter data
2025-05-10 15:12:44 [pool-2-thread-1] INFO  c.g.y.a.jni.SystemMonitorManagerJNI - SystemMonitorManager - Collected new counter data
2025-05-10 15:12:45 [pool-2-thread-1] INFO  c.g.y.a.jni.SystemMonitorManagerJNI - SystemMonitorManager - Collected new counter data
2025-05-10 15:12:46 [pool-2-thread-1] INFO  c.g.y.a.jni.SystemMonitorManagerJNI - SystemMonitorManager - Collected new counter data
2025-05-10 15:12:47 [pool-2-thread-1] INFO  c.g.y.a.jni.SystemMonitorManagerJNI - SystemMonitorManager - Collected new counter data
2025-05-10 15:12:48 [pool-2-thread-1] INFO  c.g.y.a.jni.SystemMonitorManagerJNI - SystemMonitorManager - Collected new counter data
2025-05-10 15:12:49 [pool-2-thread-1] INFO  c.g.y.a.jni.SystemMonitorManagerJNI - SystemMonitorManager - Collected new counter data
2025-05-10 15:12:50 [pool-2-thread-1] INFO  c.g.y.a.jni.SystemMonitorManagerJNI - SystemMonitorManager - Collected new counter data
2025-05-10 15:12:51 [pool-2-thread-1] INFO  c.g.y.a.jni.SystemMonitorManagerJNI - SystemMonitorManager - Collected new counter data
2025-05-10 15:12:52 [pool-2-thread-1] INFO  c.g.y.a.jni.SystemMonitorManagerJNI - SystemMonitorManager - Collected new counter data
2025-05-10 15:12:53 [pool-2-thread-1] INFO  c.g.y.a.jni.SystemMonitorManagerJNI - SystemMonitorManager - Collected new counter data
2025-05-10 15:12:54 [pool-2-thread-1] INFO  c.g.y.a.jni.SystemMonitorManagerJNI - SystemMonitorManager - Collected new counter data
2025-05-10 15:12:55 [pool-2-thread-1] INFO  c.g.y.a.jni.SystemMonitorManagerJNI - SystemMonitorManager - Collected new counter data
2025-05-10 15:12:56 [pool-2-thread-1] INFO  c.g.y.a.jni.SystemMonitorManagerJNI - SystemMonitorManager - Collected new counter data
2025-05-10 15:12:57 [pool-2-thread-1] INFO  c.g.y.a.jni.SystemMonitorManagerJNI - SystemMonitorManager - Collected new counter data
2025-05-10 15:12:58 [pool-2-thread-1] INFO  c.g.y.a.jni.SystemMonitorManagerJNI - SystemMonitorManager - Collected new counter data
2025-05-10 15:12:59 [pool-2-thread-1] INFO  c.g.y.a.jni.SystemMonitorManagerJNI - SystemMonitorManager - Collected new counter data
2025-05-10 15:13:00 [pool-2-thread-1] INFO  c.g.y.a.jni.SystemMonitorManagerJNI - SystemMonitorManager - Collected new counter data
2025-05-10 15:13:01 [pool-2-thread-1] INFO  c.g.y.a.jni.SystemMonitorManagerJNI - SystemMonitorManager - Collected new counter data
2025-05-10 15:13:02 [pool-2-thread-1] INFO  c.g.y.a.jni.SystemMonitorManagerJNI - SystemMonitorManager - Collected new counter data
2025-05-10 15:13:03 [pool-2-thread-1] INFO  c.g.y.a.jni.SystemMonitorManagerJNI - SystemMonitorManager - Collected new counter data
2025-05-10 15:13:04 [pool-2-thread-1] INFO  c.g.y.a.jni.SystemMonitorManagerJNI - SystemMonitorManager - Collected new counter data
2025-05-10 15:13:05 [pool-2-thread-1] INFO  c.g.y.a.jni.SystemMonitorManagerJNI - SystemMonitorManager - Collected new counter data
2025-05-10 15:13:06 [pool-2-thread-1] INFO  c.g.y.a.jni.SystemMonitorManagerJNI - SystemMonitorManager - Collected new counter data
2025-05-10 15:13:07 [pool-2-thread-1] INFO  c.g.y.a.jni.SystemMonitorManagerJNI - SystemMonitorManager - Collected new counter data
2025-05-10 15:13:08 [pool-2-thread-1] INFO  c.g.y.a.jni.SystemMonitorManagerJNI - SystemMonitorManager - Collected new counter data
2025-05-10 15:13:09 [pool-2-thread-1] INFO  c.g.y.a.jni.SystemMonitorManagerJNI - SystemMonitorManager - Collected new counter data
2025-05-10 15:13:10 [pool-2-thread-1] INFO  c.g.y.a.jni.SystemMonitorManagerJNI - SystemMonitorManager - Collected new counter data
2025-05-10 15:13:11 [pool-2-thread-1] INFO  c.g.y.a.jni.SystemMonitorManagerJNI - SystemMonitorManager - Collected new counter data
2025-05-10 15:13:12 [pool-2-thread-1] INFO  c.g.y.a.jni.SystemMonitorManagerJNI - SystemMonitorManager - Collected new counter data
2025-05-10 15:13:13 [pool-2-thread-1] INFO  c.g.y.a.jni.SystemMonitorManagerJNI - SystemMonitorManager - Collected new counter data
2025-05-10 15:13:14 [pool-2-thread-1] INFO  c.g.y.a.jni.SystemMonitorManagerJNI - SystemMonitorManager - Collected new counter data
2025-05-10 15:13:15 [pool-2-thread-1] INFO  c.g.y.a.jni.SystemMonitorManagerJNI - SystemMonitorManager - Collected new counter data
2025-05-10 15:13:16 [pool-2-thread-1] INFO  c.g.y.a.jni.SystemMonitorManagerJNI - SystemMonitorManager - Collected new counter data
2025-05-10 15:13:17 [pool-2-thread-1] INFO  c.g.y.a.jni.SystemMonitorManagerJNI - SystemMonitorManager - Collected new counter data
2025-05-10 15:13:18 [pool-2-thread-1] INFO  c.g.y.a.jni.SystemMonitorManagerJNI - SystemMonitorManager - Collected new counter data
2025-05-10 15:13:19 [pool-2-thread-1] INFO  c.g.y.a.jni.SystemMonitorManagerJNI - SystemMonitorManager - Collected new counter data
2025-05-10 15:13:20 [pool-2-thread-1] INFO  c.g.y.a.jni.SystemMonitorManagerJNI - SystemMonitorManager - Collected new counter data
2025-05-10 15:13:21 [pool-2-thread-1] INFO  c.g.y.a.jni.SystemMonitorManagerJNI - SystemMonitorManager - Collected new counter data
2025-05-10 15:13:22 [pool-2-thread-1] INFO  c.g.y.a.jni.SystemMonitorManagerJNI - SystemMonitorManager - Collected new counter data
2025-05-10 15:13:23 [pool-2-thread-1] INFO  c.g.y.a.jni.SystemMonitorManagerJNI - SystemMonitorManager - Collected new counter data
2025-05-10 15:13:24 [pool-2-thread-1] INFO  c.g.y.a.jni.SystemMonitorManagerJNI - SystemMonitorManager - Collected new counter data
2025-05-10 15:13:25 [pool-2-thread-1] INFO  c.g.y.a.jni.SystemMonitorManagerJNI - SystemMonitorManager - Collected new counter data
2025-05-10 15:13:26 [pool-2-thread-1] INFO  c.g.y.a.jni.SystemMonitorManagerJNI - SystemMonitorManager - Collected new counter data
2025-05-10 15:13:27 [pool-2-thread-1] INFO  c.g.y.a.jni.SystemMonitorManagerJNI - SystemMonitorManager - Collected new counter data
2025-05-10 15:13:28 [pool-2-thread-1] INFO  c.g.y.a.jni.SystemMonitorManagerJNI - SystemMonitorManager - Collected new counter data
2025-05-10 15:13:29 [pool-2-thread-1] INFO  c.g.y.a.jni.SystemMonitorManagerJNI - SystemMonitorManager - Collected new counter data
2025-05-10 15:13:30 [pool-2-thread-1] INFO  c.g.y.a.jni.SystemMonitorManagerJNI - SystemMonitorManager - Collected new counter data
2025-05-10 15:13:31 [pool-2-thread-1] INFO  c.g.y.a.jni.SystemMonitorManagerJNI - SystemMonitorManager - Collected new counter data
2025-05-10 15:13:32 [pool-2-thread-1] INFO  c.g.y.a.jni.SystemMonitorManagerJNI - SystemMonitorManager - Collected new counter data
2025-05-10 15:13:33 [pool-2-thread-1] INFO  c.g.y.a.jni.SystemMonitorManagerJNI - SystemMonitorManager - Collected new counter data
2025-05-10 15:13:34 [pool-2-thread-1] INFO  c.g.y.a.jni.SystemMonitorManagerJNI - SystemMonitorManager - Collected new counter data
2025-05-10 15:13:35 [pool-2-thread-1] INFO  c.g.y.a.jni.SystemMonitorManagerJNI - SystemMonitorManager - Collected new counter data
2025-05-10 15:13:36 [pool-2-thread-1] INFO  c.g.y.a.jni.SystemMonitorManagerJNI - SystemMonitorManager - Collected new counter data
2025-05-10 15:13:37 [pool-2-thread-1] INFO  c.g.y.a.jni.SystemMonitorManagerJNI - SystemMonitorManager - Collected new counter data
2025-05-10 15:13:38 [pool-2-thread-1] INFO  c.g.y.a.jni.SystemMonitorManagerJNI - SystemMonitorManager - Collected new counter data
2025-05-10 15:13:39 [pool-2-thread-1] INFO  c.g.y.a.jni.SystemMonitorManagerJNI - SystemMonitorManager - Collected new counter data
2025-05-10 15:13:40 [pool-2-thread-1] INFO  c.g.y.a.jni.SystemMonitorManagerJNI - SystemMonitorManager - Collected new counter data
2025-05-10 15:13:41 [pool-2-thread-1] INFO  c.g.y.a.jni.SystemMonitorManagerJNI - SystemMonitorManager - Collected new counter data
2025-05-10 15:13:42 [pool-2-thread-1] INFO  c.g.y.a.jni.SystemMonitorManagerJNI - SystemMonitorManager - Collected new counter data
2025-05-10 15:13:43 [pool-2-thread-1] INFO  c.g.y.a.jni.SystemMonitorManagerJNI - SystemMonitorManager - Collected new counter data
2025-05-10 15:13:44 [pool-2-thread-1] INFO  c.g.y.a.jni.SystemMonitorManagerJNI - SystemMonitorManager - Collected new counter data
2025-05-10 15:13:45 [pool-2-thread-1] INFO  c.g.y.a.jni.SystemMonitorManagerJNI - SystemMonitorManager - Collected new counter data
2025-05-10 15:13:46 [pool-2-thread-1] INFO  c.g.y.a.jni.SystemMonitorManagerJNI - SystemMonitorManager - Collected new counter data
2025-05-10 15:13:47 [pool-2-thread-1] INFO  c.g.y.a.jni.SystemMonitorManagerJNI - SystemMonitorManager - Collected new counter data
2025-05-10 15:13:48 [pool-2-thread-1] INFO  c.g.y.a.jni.SystemMonitorManagerJNI - SystemMonitorManager - Collected new counter data
2025-05-10 15:13:49 [pool-2-thread-1] INFO  c.g.y.a.jni.SystemMonitorManagerJNI - SystemMonitorManager - Collected new counter data
2025-05-10 15:13:50 [pool-2-thread-1] INFO  c.g.y.a.jni.SystemMonitorManagerJNI - SystemMonitorManager - Collected new counter data
2025-05-10 15:13:51 [pool-2-thread-1] INFO  c.g.y.a.jni.SystemMonitorManagerJNI - SystemMonitorManager - Collected new counter data
2025-05-10 15:13:52 [pool-2-thread-1] INFO  c.g.y.a.jni.SystemMonitorManagerJNI - SystemMonitorManager - Collected new counter data
2025-05-10 15:13:53 [pool-2-thread-1] INFO  c.g.y.a.jni.SystemMonitorManagerJNI - SystemMonitorManager - Collected new counter data
2025-05-10 15:13:54 [pool-2-thread-1] INFO  c.g.y.a.jni.SystemMonitorManagerJNI - SystemMonitorManager - Collected new counter data
2025-05-10 15:13:55 [pool-2-thread-1] INFO  c.g.y.a.jni.SystemMonitorManagerJNI - SystemMonitorManager - Collected new counter data
2025-05-10 15:13:56 [pool-2-thread-1] INFO  c.g.y.a.jni.SystemMonitorManagerJNI - SystemMonitorManager - Collected new counter data
2025-05-10 15:13:57 [pool-2-thread-1] INFO  c.g.y.a.jni.SystemMonitorManagerJNI - SystemMonitorManager - Collected new counter data
2025-05-10 15:13:58 [pool-2-thread-1] INFO  c.g.y.a.jni.SystemMonitorManagerJNI - SystemMonitorManager - Collected new counter data
2025-05-10 15:13:59 [pool-2-thread-1] INFO  c.g.y.a.jni.SystemMonitorManagerJNI - SystemMonitorManager - Collected new counter data
2025-05-10 15:14:00 [pool-2-thread-1] INFO  c.g.y.a.jni.SystemMonitorManagerJNI - SystemMonitorManager - Collected new counter data
2025-05-10 15:14:01 [pool-2-thread-1] INFO  c.g.y.a.jni.SystemMonitorManagerJNI - SystemMonitorManager - Collected new counter data
2025-05-10 15:14:02 [pool-2-thread-1] INFO  c.g.y.a.jni.SystemMonitorManagerJNI - SystemMonitorManager - Collected new counter data
2025-05-10 15:14:03 [pool-2-thread-1] INFO  c.g.y.a.jni.SystemMonitorManagerJNI - SystemMonitorManager - Collected new counter data
2025-05-10 15:14:04 [pool-2-thread-1] INFO  c.g.y.a.jni.SystemMonitorManagerJNI - SystemMonitorManager - Collected new counter data
2025-05-10 15:14:05 [pool-2-thread-1] INFO  c.g.y.a.jni.SystemMonitorManagerJNI - SystemMonitorManager - Collected new counter data
2025-05-10 15:14:06 [pool-2-thread-1] INFO  c.g.y.a.jni.SystemMonitorManagerJNI - SystemMonitorManager - Collected new counter data
2025-05-10 15:14:07 [pool-2-thread-1] INFO  c.g.y.a.jni.SystemMonitorManagerJNI - SystemMonitorManager - Collected new counter data
2025-05-10 15:14:08 [pool-2-thread-1] INFO  c.g.y.a.jni.SystemMonitorManagerJNI - SystemMonitorManager - Collected new counter data
2025-05-10 15:14:09 [pool-2-thread-1] INFO  c.g.y.a.jni.SystemMonitorManagerJNI - SystemMonitorManager - Collected new counter data
2025-05-10 15:14:10 [pool-2-thread-1] INFO  c.g.y.a.jni.SystemMonitorManagerJNI - SystemMonitorManager - Collected new counter data
2025-05-10 15:14:11 [pool-2-thread-1] INFO  c.g.y.a.jni.SystemMonitorManagerJNI - SystemMonitorManager - Collected new counter data
2025-05-10 15:14:12 [pool-2-thread-1] INFO  c.g.y.a.jni.SystemMonitorManagerJNI - SystemMonitorManager - Collected new counter data
2025-05-10 15:14:13 [pool-2-thread-1] INFO  c.g.y.a.jni.SystemMonitorManagerJNI - SystemMonitorManager - Collected new counter data
2025-05-10 15:14:14 [pool-2-thread-1] INFO  c.g.y.a.jni.SystemMonitorManagerJNI - SystemMonitorManager - Collected new counter data
2025-05-10 15:14:15 [pool-2-thread-1] INFO  c.g.y.a.jni.SystemMonitorManagerJNI - SystemMonitorManager - Collected new counter data
2025-05-10 15:14:16 [pool-2-thread-1] INFO  c.g.y.a.jni.SystemMonitorManagerJNI - SystemMonitorManager - Collected new counter data
2025-05-10 15:14:17 [pool-2-thread-1] INFO  c.g.y.a.jni.SystemMonitorManagerJNI - SystemMonitorManager - Collected new counter data
2025-05-10 15:14:18 [pool-2-thread-1] INFO  c.g.y.a.jni.SystemMonitorManagerJNI - SystemMonitorManager - Collected new counter data
2025-05-10 15:14:19 [pool-2-thread-1] INFO  c.g.y.a.jni.SystemMonitorManagerJNI - SystemMonitorManager - Collected new counter data
2025-05-10 15:14:20 [pool-2-thread-1] INFO  c.g.y.a.jni.SystemMonitorManagerJNI - SystemMonitorManager - Collected new counter data
2025-05-10 15:14:21 [pool-2-thread-1] INFO  c.g.y.a.jni.SystemMonitorManagerJNI - SystemMonitorManager - Collected new counter data
2025-05-10 15:14:22 [pool-2-thread-1] INFO  c.g.y.a.jni.SystemMonitorManagerJNI - SystemMonitorManager - Collected new counter data
2025-05-10 15:14:23 [pool-2-thread-1] INFO  c.g.y.a.jni.SystemMonitorManagerJNI - SystemMonitorManager - Collected new counter data
2025-05-10 15:14:24 [pool-2-thread-1] INFO  c.g.y.a.jni.SystemMonitorManagerJNI - SystemMonitorManager - Collected new counter data
2025-05-10 15:14:25 [pool-2-thread-1] INFO  c.g.y.a.jni.SystemMonitorManagerJNI - SystemMonitorManager - Collected new counter data
2025-05-10 15:14:26 [pool-2-thread-1] INFO  c.g.y.a.jni.SystemMonitorManagerJNI - SystemMonitorManager - Collected new counter data
2025-05-10 15:14:27 [pool-2-thread-1] INFO  c.g.y.a.jni.SystemMonitorManagerJNI - SystemMonitorManager - Collected new counter data
2025-05-10 15:14:28 [pool-2-thread-1] INFO  c.g.y.a.jni.SystemMonitorManagerJNI - SystemMonitorManager - Collected new counter data
2025-05-10 15:14:29 [pool-2-thread-1] INFO  c.g.y.a.jni.SystemMonitorManagerJNI - SystemMonitorManager - Collected new counter data
2025-05-10 15:14:30 [pool-2-thread-1] INFO  c.g.y.a.jni.SystemMonitorManagerJNI - SystemMonitorManager - Collected new counter data
2025-05-10 15:14:31 [pool-2-thread-1] INFO  c.g.y.a.jni.SystemMonitorManagerJNI - SystemMonitorManager - Collected new counter data
2025-05-10 15:14:32 [pool-2-thread-1] INFO  c.g.y.a.jni.SystemMonitorManagerJNI - SystemMonitorManager - Collected new counter data
2025-05-10 15:14:33 [pool-2-thread-1] INFO  c.g.y.a.jni.SystemMonitorManagerJNI - SystemMonitorManager - Collected new counter data
2025-05-10 15:14:34 [pool-2-thread-1] INFO  c.g.y.a.jni.SystemMonitorManagerJNI - SystemMonitorManager - Collected new counter data
2025-05-10 15:14:35 [pool-2-thread-1] INFO  c.g.y.a.jni.SystemMonitorManagerJNI - SystemMonitorManager - Collected new counter data
2025-05-10 15:14:36 [pool-2-thread-1] INFO  c.g.y.a.jni.SystemMonitorManagerJNI - SystemMonitorManager - Collected new counter data
2025-05-10 15:14:37 [pool-2-thread-1] INFO  c.g.y.a.jni.SystemMonitorManagerJNI - SystemMonitorManager - Collected new counter data
2025-05-10 15:14:38 [pool-2-thread-1] INFO  c.g.y.a.jni.SystemMonitorManagerJNI - SystemMonitorManager - Collected new counter data
2025-05-10 15:14:39 [pool-2-thread-1] INFO  c.g.y.a.jni.SystemMonitorManagerJNI - SystemMonitorManager - Collected new counter data
2025-05-10 15:14:40 [pool-2-thread-1] INFO  c.g.y.a.jni.SystemMonitorManagerJNI - SystemMonitorManager - Collected new counter data
2025-05-10 15:14:41 [pool-2-thread-1] INFO  c.g.y.a.jni.SystemMonitorManagerJNI - SystemMonitorManager - Collected new counter data
2025-05-10 15:14:42 [pool-2-thread-1] INFO  c.g.y.a.jni.SystemMonitorManagerJNI - SystemMonitorManager - Collected new counter data
2025-05-10 15:14:43 [pool-2-thread-1] INFO  c.g.y.a.jni.SystemMonitorManagerJNI - SystemMonitorManager - Collected new counter data
2025-05-10 15:14:44 [pool-2-thread-1] INFO  c.g.y.a.jni.SystemMonitorManagerJNI - SystemMonitorManager - Collected new counter data
2025-05-10 15:14:45 [pool-2-thread-1] INFO  c.g.y.a.jni.SystemMonitorManagerJNI - SystemMonitorManager - Collected new counter data
2025-05-10 15:14:46 [pool-2-thread-1] INFO  c.g.y.a.jni.SystemMonitorManagerJNI - SystemMonitorManager - Collected new counter data
2025-05-10 15:14:47 [pool-2-thread-1] INFO  c.g.y.a.jni.SystemMonitorManagerJNI - SystemMonitorManager - Collected new counter data
2025-05-10 15:14:48 [pool-2-thread-1] INFO  c.g.y.a.jni.SystemMonitorManagerJNI - SystemMonitorManager - Collected new counter data
2025-05-10 15:14:49 [pool-2-thread-1] INFO  c.g.y.a.jni.SystemMonitorManagerJNI - SystemMonitorManager - Collected new counter data
2025-05-10 15:14:50 [pool-2-thread-1] INFO  c.g.y.a.jni.SystemMonitorManagerJNI - SystemMonitorManager - Collected new counter data
2025-05-10 15:14:51 [pool-2-thread-1] INFO  c.g.y.a.jni.SystemMonitorManagerJNI - SystemMonitorManager - Collected new counter data
2025-05-10 15:14:52 [pool-2-thread-1] INFO  c.g.y.a.jni.SystemMonitorManagerJNI - SystemMonitorManager - Collected new counter data
2025-05-10 15:14:53 [pool-2-thread-1] INFO  c.g.y.a.jni.SystemMonitorManagerJNI - SystemMonitorManager - Collected new counter data
2025-05-10 15:14:54 [pool-2-thread-1] INFO  c.g.y.a.jni.SystemMonitorManagerJNI - SystemMonitorManager - Collected new counter data
2025-05-10 15:14:55 [pool-2-thread-1] INFO  c.g.y.a.jni.SystemMonitorManagerJNI - SystemMonitorManager - Collected new counter data
2025-05-10 15:14:56 [pool-2-thread-1] INFO  c.g.y.a.jni.SystemMonitorManagerJNI - SystemMonitorManager - Collected new counter data
2025-05-10 15:14:57 [pool-2-thread-1] INFO  c.g.y.a.jni.SystemMonitorManagerJNI - SystemMonitorManager - Collected new counter data
2025-05-10 15:14:58 [pool-2-thread-1] INFO  c.g.y.a.jni.SystemMonitorManagerJNI - SystemMonitorManager - Collected new counter data
2025-05-10 15:14:59 [pool-2-thread-1] INFO  c.g.y.a.jni.SystemMonitorManagerJNI - SystemMonitorManager - Collected new counter data
2025-05-10 15:15:00 [pool-2-thread-1] INFO  c.g.y.a.jni.SystemMonitorManagerJNI - SystemMonitorManager - Collected new counter data
2025-05-10 15:15:01 [pool-2-thread-1] INFO  c.g.y.a.jni.SystemMonitorManagerJNI - SystemMonitorManager - Collected new counter data
2025-05-10 15:15:02 [pool-2-thread-1] INFO  c.g.y.a.jni.SystemMonitorManagerJNI - SystemMonitorManager - Collected new counter data
2025-05-10 15:15:03 [pool-2-thread-1] INFO  c.g.y.a.jni.SystemMonitorManagerJNI - SystemMonitorManager - Collected new counter data
2025-05-10 15:15:04 [pool-2-thread-1] INFO  c.g.y.a.jni.SystemMonitorManagerJNI - SystemMonitorManager - Collected new counter data
2025-05-10 15:15:05 [pool-2-thread-1] INFO  c.g.y.a.jni.SystemMonitorManagerJNI - SystemMonitorManager - Collected new counter data
2025-05-10 15:15:06 [pool-2-thread-1] INFO  c.g.y.a.jni.SystemMonitorManagerJNI - SystemMonitorManager - Collected new counter data
2025-05-10 15:15:07 [pool-2-thread-1] INFO  c.g.y.a.jni.SystemMonitorManagerJNI - SystemMonitorManager - Collected new counter data
2025-05-10 15:15:08 [pool-2-thread-1] INFO  c.g.y.a.jni.SystemMonitorManagerJNI - SystemMonitorManager - Collected new counter data
2025-05-10 15:15:09 [pool-2-thread-1] INFO  c.g.y.a.jni.SystemMonitorManagerJNI - SystemMonitorManager - Collected new counter data
2025-05-10 15:15:10 [pool-2-thread-1] INFO  c.g.y.a.jni.SystemMonitorManagerJNI - SystemMonitorManager - Collected new counter data
2025-05-10 15:15:11 [pool-2-thread-1] INFO  c.g.y.a.jni.SystemMonitorManagerJNI - SystemMonitorManager - Collected new counter data
2025-05-10 15:15:12 [pool-2-thread-1] INFO  c.g.y.a.jni.SystemMonitorManagerJNI - SystemMonitorManager - Collected new counter data
2025-05-10 15:15:13 [pool-2-thread-1] INFO  c.g.y.a.jni.SystemMonitorManagerJNI - SystemMonitorManager - Collected new counter data
2025-05-10 15:15:14 [pool-2-thread-1] INFO  c.g.y.a.jni.SystemMonitorManagerJNI - SystemMonitorManager - Collected new counter data
2025-05-10 15:15:15 [pool-2-thread-1] INFO  c.g.y.a.jni.SystemMonitorManagerJNI - SystemMonitorManager - Collected new counter data
2025-05-10 15:15:16 [pool-2-thread-1] INFO  c.g.y.a.jni.SystemMonitorManagerJNI - SystemMonitorManager - Collected new counter data
2025-05-10 15:15:17 [pool-2-thread-1] INFO  c.g.y.a.jni.SystemMonitorManagerJNI - SystemMonitorManager - Collected new counter data
2025-05-10 15:15:18 [pool-2-thread-1] INFO  c.g.y.a.jni.SystemMonitorManagerJNI - SystemMonitorManager - Collected new counter data
2025-05-10 15:15:19 [pool-2-thread-1] INFO  c.g.y.a.jni.SystemMonitorManagerJNI - SystemMonitorManager - Collected new counter data
2025-05-10 15:15:20 [pool-2-thread-1] INFO  c.g.y.a.jni.SystemMonitorManagerJNI - SystemMonitorManager - Collected new counter data
2025-05-10 15:15:21 [pool-2-thread-1] INFO  c.g.y.a.jni.SystemMonitorManagerJNI - SystemMonitorManager - Collected new counter data
2025-05-10 15:15:22 [pool-2-thread-1] INFO  c.g.y.a.jni.SystemMonitorManagerJNI - SystemMonitorManager - Collected new counter data
2025-05-10 15:15:23 [pool-2-thread-1] INFO  c.g.y.a.jni.SystemMonitorManagerJNI - SystemMonitorManager - Collected new counter data
2025-05-10 15:15:24 [pool-2-thread-1] INFO  c.g.y.a.jni.SystemMonitorManagerJNI - SystemMonitorManager - Collected new counter data
2025-05-10 15:15:25 [pool-2-thread-1] INFO  c.g.y.a.jni.SystemMonitorManagerJNI - SystemMonitorManager - Collected new counter data
2025-05-10 15:15:26 [pool-2-thread-1] INFO  c.g.y.a.jni.SystemMonitorManagerJNI - SystemMonitorManager - Collected new counter data
2025-05-10 15:15:27 [pool-2-thread-1] INFO  c.g.y.a.jni.SystemMonitorManagerJNI - SystemMonitorManager - Collected new counter data
2025-05-10 15:15:28 [pool-2-thread-1] INFO  c.g.y.a.jni.SystemMonitorManagerJNI - SystemMonitorManager - Collected new counter data
2025-05-10 15:15:29 [pool-2-thread-1] INFO  c.g.y.a.jni.SystemMonitorManagerJNI - SystemMonitorManager - Collected new counter data
2025-05-10 15:15:30 [pool-2-thread-1] INFO  c.g.y.a.jni.SystemMonitorManagerJNI - SystemMonitorManager - Collected new counter data
2025-05-10 15:15:31 [pool-2-thread-1] INFO  c.g.y.a.jni.SystemMonitorManagerJNI - SystemMonitorManager - Collected new counter data
2025-05-10 15:15:32 [pool-2-thread-1] INFO  c.g.y.a.jni.SystemMonitorManagerJNI - SystemMonitorManager - Collected new counter data
2025-05-10 15:15:33 [pool-2-thread-1] INFO  c.g.y.a.jni.SystemMonitorManagerJNI - SystemMonitorManager - Collected new counter data
2025-05-10 15:15:34 [pool-2-thread-1] INFO  c.g.y.a.jni.SystemMonitorManagerJNI - SystemMonitorManager - Collected new counter data
2025-05-10 15:15:35 [pool-2-thread-1] INFO  c.g.y.a.jni.SystemMonitorManagerJNI - SystemMonitorManager - Collected new counter data
2025-05-10 15:15:36 [pool-2-thread-1] INFO  c.g.y.a.jni.SystemMonitorManagerJNI - SystemMonitorManager - Collected new counter data
2025-05-10 15:15:37 [pool-2-thread-1] INFO  c.g.y.a.jni.SystemMonitorManagerJNI - SystemMonitorManager - Collected new counter data
2025-05-10 15:15:38 [pool-2-thread-1] INFO  c.g.y.a.jni.SystemMonitorManagerJNI - SystemMonitorManager - Collected new counter data
2025-05-10 15:15:39 [pool-2-thread-1] INFO  c.g.y.a.jni.SystemMonitorManagerJNI - SystemMonitorManager - Collected new counter data
2025-05-10 15:15:40 [pool-2-thread-1] INFO  c.g.y.a.jni.SystemMonitorManagerJNI - SystemMonitorManager - Collected new counter data
2025-05-10 15:15:41 [pool-2-thread-1] INFO  c.g.y.a.jni.SystemMonitorManagerJNI - SystemMonitorManager - Collected new counter data
2025-05-10 15:15:42 [pool-2-thread-1] INFO  c.g.y.a.jni.SystemMonitorManagerJNI - SystemMonitorManager - Collected new counter data
2025-05-10 15:15:43 [pool-2-thread-1] INFO  c.g.y.a.jni.SystemMonitorManagerJNI - SystemMonitorManager - Collected new counter data
2025-05-10 15:15:44 [pool-2-thread-1] INFO  c.g.y.a.jni.SystemMonitorManagerJNI - SystemMonitorManager - Collected new counter data
2025-05-10 15:15:45 [pool-2-thread-1] INFO  c.g.y.a.jni.SystemMonitorManagerJNI - SystemMonitorManager - Collected new counter data
2025-05-10 15:15:46 [pool-2-thread-1] INFO  c.g.y.a.jni.SystemMonitorManagerJNI - SystemMonitorManager - Collected new counter data
2025-05-10 15:15:47 [pool-2-thread-1] INFO  c.g.y.a.jni.SystemMonitorManagerJNI - SystemMonitorManager - Collected new counter data
2025-05-10 15:15:48 [pool-2-thread-1] INFO  c.g.y.a.jni.SystemMonitorManagerJNI - SystemMonitorManager - Collected new counter data
2025-05-10 15:15:49 [pool-2-thread-1] INFO  c.g.y.a.jni.SystemMonitorManagerJNI - SystemMonitorManager - Collected new counter data
2025-05-10 15:15:50 [pool-2-thread-1] INFO  c.g.y.a.jni.SystemMonitorManagerJNI - SystemMonitorManager - Collected new counter data
2025-05-10 15:15:51 [pool-2-thread-1] INFO  c.g.y.a.jni.SystemMonitorManagerJNI - SystemMonitorManager - Collected new counter data
2025-05-10 15:15:52 [pool-2-thread-1] INFO  c.g.y.a.jni.SystemMonitorManagerJNI - SystemMonitorManager - Collected new counter data
2025-05-10 15:15:53 [pool-2-thread-1] INFO  c.g.y.a.jni.SystemMonitorManagerJNI - SystemMonitorManager - Collected new counter data
2025-05-10 15:15:54 [pool-2-thread-1] INFO  c.g.y.a.jni.SystemMonitorManagerJNI - SystemMonitorManager - Collected new counter data
2025-05-10 15:15:55 [pool-2-thread-1] INFO  c.g.y.a.jni.SystemMonitorManagerJNI - SystemMonitorManager - Collected new counter data
2025-05-10 15:15:56 [pool-2-thread-1] INFO  c.g.y.a.jni.SystemMonitorManagerJNI - SystemMonitorManager - Collected new counter data
2025-05-10 15:15:57 [pool-2-thread-1] INFO  c.g.y.a.jni.SystemMonitorManagerJNI - SystemMonitorManager - Collected new counter data
2025-05-10 15:15:58 [pool-2-thread-1] INFO  c.g.y.a.jni.SystemMonitorManagerJNI - SystemMonitorManager - Collected new counter data
2025-05-10 15:15:59 [pool-2-thread-1] INFO  c.g.y.a.jni.SystemMonitorManagerJNI - SystemMonitorManager - Collected new counter data
2025-05-10 15:16:00 [pool-2-thread-1] INFO  c.g.y.a.jni.SystemMonitorManagerJNI - SystemMonitorManager - Collected new counter data
2025-05-10 15:16:01 [pool-2-thread-1] INFO  c.g.y.a.jni.SystemMonitorManagerJNI - SystemMonitorManager - Collected new counter data
2025-05-10 15:16:02 [pool-2-thread-1] INFO  c.g.y.a.jni.SystemMonitorManagerJNI - SystemMonitorManager - Collected new counter data
2025-05-10 15:16:03 [pool-2-thread-1] INFO  c.g.y.a.jni.SystemMonitorManagerJNI - SystemMonitorManager - Collected new counter data
2025-05-10 15:16:04 [pool-2-thread-1] INFO  c.g.y.a.jni.SystemMonitorManagerJNI - SystemMonitorManager - Collected new counter data
2025-05-10 15:16:05 [pool-2-thread-1] INFO  c.g.y.a.jni.SystemMonitorManagerJNI - SystemMonitorManager - Collected new counter data
2025-05-10 15:16:06 [pool-2-thread-1] INFO  c.g.y.a.jni.SystemMonitorManagerJNI - SystemMonitorManager - Collected new counter data
2025-05-10 15:16:07 [pool-2-thread-1] INFO  c.g.y.a.jni.SystemMonitorManagerJNI - SystemMonitorManager - Collected new counter data
2025-05-10 15:16:08 [pool-2-thread-1] INFO  c.g.y.a.jni.SystemMonitorManagerJNI - SystemMonitorManager - Collected new counter data
2025-05-10 15:16:09 [pool-2-thread-1] INFO  c.g.y.a.jni.SystemMonitorManagerJNI - SystemMonitorManager - Collected new counter data
2025-05-10 15:16:10 [pool-2-thread-1] INFO  c.g.y.a.jni.SystemMonitorManagerJNI - SystemMonitorManager - Collected new counter data
2025-05-10 15:16:11 [pool-2-thread-1] INFO  c.g.y.a.jni.SystemMonitorManagerJNI - SystemMonitorManager - Collected new counter data
2025-05-10 15:16:12 [pool-2-thread-1] INFO  c.g.y.a.jni.SystemMonitorManagerJNI - SystemMonitorManager - Collected new counter data
2025-05-10 15:16:13 [pool-2-thread-1] INFO  c.g.y.a.jni.SystemMonitorManagerJNI - SystemMonitorManager - Collected new counter data
2025-05-10 15:16:14 [pool-2-thread-1] INFO  c.g.y.a.jni.SystemMonitorManagerJNI - SystemMonitorManager - Collected new counter data
2025-05-10 15:16:15 [pool-2-thread-1] INFO  c.g.y.a.jni.SystemMonitorManagerJNI - SystemMonitorManager - Collected new counter data
2025-05-10 15:16:16 [pool-2-thread-1] INFO  c.g.y.a.jni.SystemMonitorManagerJNI - SystemMonitorManager - Collected new counter data
2025-05-10 15:16:17 [pool-2-thread-1] INFO  c.g.y.a.jni.SystemMonitorManagerJNI - SystemMonitorManager - Collected new counter data
2025-05-10 15:16:18 [pool-2-thread-1] INFO  c.g.y.a.jni.SystemMonitorManagerJNI - SystemMonitorManager - Collected new counter data
2025-05-10 15:16:19 [pool-2-thread-1] INFO  c.g.y.a.jni.SystemMonitorManagerJNI - SystemMonitorManager - Collected new counter data
2025-05-10 15:16:20 [pool-2-thread-1] INFO  c.g.y.a.jni.SystemMonitorManagerJNI - SystemMonitorManager - Collected new counter data
2025-05-10 15:16:21 [pool-2-thread-1] INFO  c.g.y.a.jni.SystemMonitorManagerJNI - SystemMonitorManager - Collected new counter data
2025-05-10 15:16:22 [pool-2-thread-1] INFO  c.g.y.a.jni.SystemMonitorManagerJNI - SystemMonitorManager - Collected new counter data
2025-05-10 15:16:23 [pool-2-thread-1] INFO  c.g.y.a.jni.SystemMonitorManagerJNI - SystemMonitorManager - Collected new counter data
2025-05-10 15:16:24 [pool-2-thread-1] INFO  c.g.y.a.jni.SystemMonitorManagerJNI - SystemMonitorManager - Collected new counter data
2025-05-10 15:16:25 [pool-2-thread-1] INFO  c.g.y.a.jni.SystemMonitorManagerJNI - SystemMonitorManager - Collected new counter data
2025-05-10 15:16:26 [pool-2-thread-1] INFO  c.g.y.a.jni.SystemMonitorManagerJNI - SystemMonitorManager - Collected new counter data
2025-05-10 15:16:27 [pool-2-thread-1] INFO  c.g.y.a.jni.SystemMonitorManagerJNI - SystemMonitorManager - Collected new counter data
2025-05-10 15:16:28 [pool-2-thread-1] INFO  c.g.y.a.jni.SystemMonitorManagerJNI - SystemMonitorManager - Collected new counter data
2025-05-10 15:16:29 [pool-2-thread-1] INFO  c.g.y.a.jni.SystemMonitorManagerJNI - SystemMonitorManager - Collected new counter data
2025-05-10 15:16:30 [pool-2-thread-1] INFO  c.g.y.a.jni.SystemMonitorManagerJNI - SystemMonitorManager - Collected new counter data
2025-05-10 15:16:31 [pool-2-thread-1] INFO  c.g.y.a.jni.SystemMonitorManagerJNI - SystemMonitorManager - Collected new counter data
2025-05-10 15:16:32 [pool-2-thread-1] INFO  c.g.y.a.jni.SystemMonitorManagerJNI - SystemMonitorManager - Collected new counter data
2025-05-10 15:16:33 [pool-2-thread-1] INFO  c.g.y.a.jni.SystemMonitorManagerJNI - SystemMonitorManager - Collected new counter data
2025-05-10 15:16:34 [pool-2-thread-1] INFO  c.g.y.a.jni.SystemMonitorManagerJNI - SystemMonitorManager - Collected new counter data
2025-05-10 15:16:35 [pool-2-thread-1] INFO  c.g.y.a.jni.SystemMonitorManagerJNI - SystemMonitorManager - Collected new counter data
2025-05-10 15:16:36 [pool-2-thread-1] INFO  c.g.y.a.jni.SystemMonitorManagerJNI - SystemMonitorManager - Collected new counter data
2025-05-10 15:16:37 [pool-2-thread-1] INFO  c.g.y.a.jni.SystemMonitorManagerJNI - SystemMonitorManager - Collected new counter data
2025-05-10 15:16:38 [pool-2-thread-1] INFO  c.g.y.a.jni.SystemMonitorManagerJNI - SystemMonitorManager - Collected new counter data
2025-05-10 15:16:39 [pool-2-thread-1] INFO  c.g.y.a.jni.SystemMonitorManagerJNI - SystemMonitorManager - Collected new counter data
2025-05-10 15:16:40 [pool-2-thread-1] INFO  c.g.y.a.jni.SystemMonitorManagerJNI - SystemMonitorManager - Collected new counter data
2025-05-10 15:16:41 [pool-2-thread-1] INFO  c.g.y.a.jni.SystemMonitorManagerJNI - SystemMonitorManager - Collected new counter data
2025-05-10 15:16:42 [pool-2-thread-1] INFO  c.g.y.a.jni.SystemMonitorManagerJNI - SystemMonitorManager - Collected new counter data
2025-05-10 15:16:43 [pool-2-thread-1] INFO  c.g.y.a.jni.SystemMonitorManagerJNI - SystemMonitorManager - Collected new counter data
2025-05-10 15:16:44 [pool-2-thread-1] INFO  c.g.y.a.jni.SystemMonitorManagerJNI - SystemMonitorManager - Collected new counter data
2025-05-10 15:16:45 [pool-2-thread-1] INFO  c.g.y.a.jni.SystemMonitorManagerJNI - SystemMonitorManager - Collected new counter data
2025-05-10 15:16:46 [pool-2-thread-1] INFO  c.g.y.a.jni.SystemMonitorManagerJNI - SystemMonitorManager - Collected new counter data
2025-05-10 15:16:47 [pool-2-thread-1] INFO  c.g.y.a.jni.SystemMonitorManagerJNI - SystemMonitorManager - Collected new counter data
2025-05-10 15:16:48 [pool-2-thread-1] INFO  c.g.y.a.jni.SystemMonitorManagerJNI - SystemMonitorManager - Collected new counter data
2025-05-10 15:16:49 [pool-2-thread-1] INFO  c.g.y.a.jni.SystemMonitorManagerJNI - SystemMonitorManager - Collected new counter data
2025-05-10 15:16:50 [pool-2-thread-1] INFO  c.g.y.a.jni.SystemMonitorManagerJNI - SystemMonitorManager - Collected new counter data
2025-05-10 15:16:51 [pool-2-thread-1] INFO  c.g.y.a.jni.SystemMonitorManagerJNI - SystemMonitorManager - Collected new counter data
2025-05-10 15:16:52 [pool-2-thread-1] INFO  c.g.y.a.jni.SystemMonitorManagerJNI - SystemMonitorManager - Collected new counter data
2025-05-10 15:16:53 [pool-2-thread-1] INFO  c.g.y.a.jni.SystemMonitorManagerJNI - SystemMonitorManager - Collected new counter data
2025-05-10 15:16:54 [pool-2-thread-1] INFO  c.g.y.a.jni.SystemMonitorManagerJNI - SystemMonitorManager - Collected new counter data
2025-05-10 15:16:55 [pool-2-thread-1] INFO  c.g.y.a.jni.SystemMonitorManagerJNI - SystemMonitorManager - Collected new counter data
2025-05-10 15:16:56 [pool-2-thread-1] INFO  c.g.y.a.jni.SystemMonitorManagerJNI - SystemMonitorManager - Collected new counter data
2025-05-10 15:16:57 [pool-2-thread-1] INFO  c.g.y.a.jni.SystemMonitorManagerJNI - SystemMonitorManager - Collected new counter data
2025-05-10 15:16:58 [pool-2-thread-1] INFO  c.g.y.a.jni.SystemMonitorManagerJNI - SystemMonitorManager - Collected new counter data
2025-05-10 15:16:59 [pool-2-thread-1] INFO  c.g.y.a.jni.SystemMonitorManagerJNI - SystemMonitorManager - Collected new counter data
2025-05-10 15:17:00 [pool-2-thread-1] INFO  c.g.y.a.jni.SystemMonitorManagerJNI - SystemMonitorManager - Collected new counter data
2025-05-10 15:17:01 [pool-2-thread-1] INFO  c.g.y.a.jni.SystemMonitorManagerJNI - SystemMonitorManager - Collected new counter data
2025-05-10 15:17:02 [pool-2-thread-1] INFO  c.g.y.a.jni.SystemMonitorManagerJNI - SystemMonitorManager - Collected new counter data
2025-05-10 15:17:03 [pool-2-thread-1] INFO  c.g.y.a.jni.SystemMonitorManagerJNI - SystemMonitorManager - Collected new counter data
2025-05-10 15:17:04 [pool-2-thread-1] INFO  c.g.y.a.jni.SystemMonitorManagerJNI - SystemMonitorManager - Collected new counter data
2025-05-10 15:17:05 [pool-2-thread-1] INFO  c.g.y.a.jni.SystemMonitorManagerJNI - SystemMonitorManager - Collected new counter data
2025-05-10 15:17:06 [pool-2-thread-1] INFO  c.g.y.a.jni.SystemMonitorManagerJNI - SystemMonitorManager - Collected new counter data
2025-05-10 15:17:07 [pool-2-thread-1] INFO  c.g.y.a.jni.SystemMonitorManagerJNI - SystemMonitorManager - Collected new counter data
2025-05-10 15:17:08 [pool-2-thread-1] INFO  c.g.y.a.jni.SystemMonitorManagerJNI - SystemMonitorManager - Collected new counter data
2025-05-10 15:17:09 [pool-2-thread-1] INFO  c.g.y.a.jni.SystemMonitorManagerJNI - SystemMonitorManager - Collected new counter data
2025-05-10 15:17:10 [pool-2-thread-1] INFO  c.g.y.a.jni.SystemMonitorManagerJNI - SystemMonitorManager - Collected new counter data
2025-05-10 15:17:11 [pool-2-thread-1] INFO  c.g.y.a.jni.SystemMonitorManagerJNI - SystemMonitorManager - Collected new counter data
2025-05-10 15:17:12 [pool-2-thread-1] INFO  c.g.y.a.jni.SystemMonitorManagerJNI - SystemMonitorManager - Collected new counter data
2025-05-10 15:17:13 [pool-2-thread-1] INFO  c.g.y.a.jni.SystemMonitorManagerJNI - SystemMonitorManager - Collected new counter data
2025-05-10 15:17:14 [pool-2-thread-1] INFO  c.g.y.a.jni.SystemMonitorManagerJNI - SystemMonitorManager - Collected new counter data
2025-05-10 15:17:15 [pool-2-thread-1] INFO  c.g.y.a.jni.SystemMonitorManagerJNI - SystemMonitorManager - Collected new counter data
2025-05-10 15:17:16 [pool-2-thread-1] INFO  c.g.y.a.jni.SystemMonitorManagerJNI - SystemMonitorManager - Collected new counter data
2025-05-10 15:17:17 [pool-2-thread-1] INFO  c.g.y.a.jni.SystemMonitorManagerJNI - SystemMonitorManager - Collected new counter data
2025-05-10 15:17:18 [pool-2-thread-1] INFO  c.g.y.a.jni.SystemMonitorManagerJNI - SystemMonitorManager - Collected new counter data
2025-05-10 15:17:19 [pool-2-thread-1] INFO  c.g.y.a.jni.SystemMonitorManagerJNI - SystemMonitorManager - Collected new counter data
2025-05-10 15:17:20 [pool-2-thread-1] INFO  c.g.y.a.jni.SystemMonitorManagerJNI - SystemMonitorManager - Collected new counter data
2025-05-10 15:17:21 [pool-2-thread-1] INFO  c.g.y.a.jni.SystemMonitorManagerJNI - SystemMonitorManager - Collected new counter data
2025-05-10 15:17:22 [pool-2-thread-1] INFO  c.g.y.a.jni.SystemMonitorManagerJNI - SystemMonitorManager - Collected new counter data
2025-05-10 15:17:23 [pool-2-thread-1] INFO  c.g.y.a.jni.SystemMonitorManagerJNI - SystemMonitorManager - Collected new counter data
2025-05-10 15:17:24 [pool-2-thread-1] INFO  c.g.y.a.jni.SystemMonitorManagerJNI - SystemMonitorManager - Collected new counter data
2025-05-10 15:17:25 [pool-2-thread-1] INFO  c.g.y.a.jni.SystemMonitorManagerJNI - SystemMonitorManager - Collected new counter data
2025-05-10 15:17:26 [pool-2-thread-1] INFO  c.g.y.a.jni.SystemMonitorManagerJNI - SystemMonitorManager - Collected new counter data
2025-05-10 15:17:27 [pool-2-thread-1] INFO  c.g.y.a.jni.SystemMonitorManagerJNI - SystemMonitorManager - Collected new counter data
2025-05-10 15:17:28 [pool-2-thread-1] INFO  c.g.y.a.jni.SystemMonitorManagerJNI - SystemMonitorManager - Collected new counter data
2025-05-10 15:17:29 [pool-2-thread-1] INFO  c.g.y.a.jni.SystemMonitorManagerJNI - SystemMonitorManager - Collected new counter data
2025-05-10 15:17:30 [pool-2-thread-1] INFO  c.g.y.a.jni.SystemMonitorManagerJNI - SystemMonitorManager - Collected new counter data
2025-05-10 15:17:31 [pool-2-thread-1] INFO  c.g.y.a.jni.SystemMonitorManagerJNI - SystemMonitorManager - Collected new counter data
2025-05-10 15:17:32 [pool-2-thread-1] INFO  c.g.y.a.jni.SystemMonitorManagerJNI - SystemMonitorManager - Collected new counter data
2025-05-10 15:17:33 [pool-2-thread-1] INFO  c.g.y.a.jni.SystemMonitorManagerJNI - SystemMonitorManager - Collected new counter data
2025-05-10 15:17:34 [pool-2-thread-1] INFO  c.g.y.a.jni.SystemMonitorManagerJNI - SystemMonitorManager - Collected new counter data
2025-05-10 15:17:35 [pool-2-thread-1] INFO  c.g.y.a.jni.SystemMonitorManagerJNI - SystemMonitorManager - Collected new counter data
2025-05-10 15:17:36 [pool-2-thread-1] INFO  c.g.y.a.jni.SystemMonitorManagerJNI - SystemMonitorManager - Collected new counter data
2025-05-10 15:17:37 [pool-2-thread-1] INFO  c.g.y.a.jni.SystemMonitorManagerJNI - SystemMonitorManager - Collected new counter data
2025-05-10 15:17:38 [pool-2-thread-1] INFO  c.g.y.a.jni.SystemMonitorManagerJNI - SystemMonitorManager - Collected new counter data
2025-05-10 15:17:39 [pool-2-thread-1] INFO  c.g.y.a.jni.SystemMonitorManagerJNI - SystemMonitorManager - Collected new counter data
2025-05-10 15:17:40 [pool-2-thread-1] INFO  c.g.y.a.jni.SystemMonitorManagerJNI - SystemMonitorManager - Collected new counter data
2025-05-10 15:17:41 [pool-2-thread-1] INFO  c.g.y.a.jni.SystemMonitorManagerJNI - SystemMonitorManager - Collected new counter data
2025-05-10 15:17:42 [pool-2-thread-1] INFO  c.g.y.a.jni.SystemMonitorManagerJNI - SystemMonitorManager - Collected new counter data
2025-05-10 15:17:43 [pool-2-thread-1] INFO  c.g.y.a.jni.SystemMonitorManagerJNI - SystemMonitorManager - Collected new counter data
2025-05-10 15:17:44 [pool-2-thread-1] INFO  c.g.y.a.jni.SystemMonitorManagerJNI - SystemMonitorManager - Collected new counter data
2025-05-10 15:17:45 [pool-2-thread-1] INFO  c.g.y.a.jni.SystemMonitorManagerJNI - SystemMonitorManager - Collected new counter data
2025-05-10 15:17:46 [pool-2-thread-1] INFO  c.g.y.a.jni.SystemMonitorManagerJNI - SystemMonitorManager - Collected new counter data
2025-05-10 15:17:47 [pool-2-thread-1] INFO  c.g.y.a.jni.SystemMonitorManagerJNI - SystemMonitorManager - Collected new counter data
2025-05-10 15:17:48 [pool-2-thread-1] INFO  c.g.y.a.jni.SystemMonitorManagerJNI - SystemMonitorManager - Collected new counter data
2025-05-10 15:17:49 [pool-2-thread-1] INFO  c.g.y.a.jni.SystemMonitorManagerJNI - SystemMonitorManager - Collected new counter data
2025-05-10 15:17:50 [pool-2-thread-1] INFO  c.g.y.a.jni.SystemMonitorManagerJNI - SystemMonitorManager - Collected new counter data
2025-05-10 15:17:51 [pool-2-thread-1] INFO  c.g.y.a.jni.SystemMonitorManagerJNI - SystemMonitorManager - Collected new counter data
2025-05-10 15:17:52 [pool-2-thread-1] INFO  c.g.y.a.jni.SystemMonitorManagerJNI - SystemMonitorManager - Collected new counter data
2025-05-10 15:17:53 [pool-2-thread-1] INFO  c.g.y.a.jni.SystemMonitorManagerJNI - SystemMonitorManager - Collected new counter data
2025-05-10 15:17:54 [pool-2-thread-1] INFO  c.g.y.a.jni.SystemMonitorManagerJNI - SystemMonitorManager - Collected new counter data
2025-05-10 15:17:55 [pool-2-thread-1] INFO  c.g.y.a.jni.SystemMonitorManagerJNI - SystemMonitorManager - Collected new counter data
2025-05-10 15:17:56 [pool-2-thread-1] INFO  c.g.y.a.jni.SystemMonitorManagerJNI - SystemMonitorManager - Collected new counter data
2025-05-10 15:17:57 [pool-2-thread-1] INFO  c.g.y.a.jni.SystemMonitorManagerJNI - SystemMonitorManager - Collected new counter data
2025-05-10 15:17:58 [pool-2-thread-1] INFO  c.g.y.a.jni.SystemMonitorManagerJNI - SystemMonitorManager - Collected new counter data
2025-05-10 15:17:59 [pool-2-thread-1] INFO  c.g.y.a.jni.SystemMonitorManagerJNI - SystemMonitorManager - Collected new counter data
2025-05-10 15:18:00 [pool-2-thread-1] INFO  c.g.y.a.jni.SystemMonitorManagerJNI - SystemMonitorManager - Collected new counter data
2025-05-10 15:18:01 [pool-2-thread-1] INFO  c.g.y.a.jni.SystemMonitorManagerJNI - SystemMonitorManager - Collected new counter data
2025-05-10 15:18:02 [pool-2-thread-1] INFO  c.g.y.a.jni.SystemMonitorManagerJNI - SystemMonitorManager - Collected new counter data
2025-05-10 15:18:03 [pool-2-thread-1] INFO  c.g.y.a.jni.SystemMonitorManagerJNI - SystemMonitorManager - Collected new counter data
2025-05-10 15:18:04 [pool-2-thread-1] INFO  c.g.y.a.jni.SystemMonitorManagerJNI - SystemMonitorManager - Collected new counter data
2025-05-10 15:18:05 [pool-2-thread-1] INFO  c.g.y.a.jni.SystemMonitorManagerJNI - SystemMonitorManager - Collected new counter data
2025-05-10 15:18:06 [pool-2-thread-1] INFO  c.g.y.a.jni.SystemMonitorManagerJNI - SystemMonitorManager - Collected new counter data
2025-05-10 15:18:07 [pool-2-thread-1] INFO  c.g.y.a.jni.SystemMonitorManagerJNI - SystemMonitorManager - Collected new counter data
2025-05-10 15:18:08 [pool-2-thread-1] INFO  c.g.y.a.jni.SystemMonitorManagerJNI - SystemMonitorManager - Collected new counter data
2025-05-10 15:18:09 [pool-2-thread-1] INFO  c.g.y.a.jni.SystemMonitorManagerJNI - SystemMonitorManager - Collected new counter data
2025-05-10 15:18:10 [pool-2-thread-1] INFO  c.g.y.a.jni.SystemMonitorManagerJNI - SystemMonitorManager - Collected new counter data
2025-05-10 15:18:11 [pool-2-thread-1] INFO  c.g.y.a.jni.SystemMonitorManagerJNI - SystemMonitorManager - Collected new counter data
2025-05-10 15:18:12 [pool-2-thread-1] INFO  c.g.y.a.jni.SystemMonitorManagerJNI - SystemMonitorManager - Collected new counter data
2025-05-10 15:18:13 [pool-2-thread-1] INFO  c.g.y.a.jni.SystemMonitorManagerJNI - SystemMonitorManager - Collected new counter data
2025-05-10 15:18:14 [pool-2-thread-1] INFO  c.g.y.a.jni.SystemMonitorManagerJNI - SystemMonitorManager - Collected new counter data
2025-05-10 15:18:15 [pool-2-thread-1] INFO  c.g.y.a.jni.SystemMonitorManagerJNI - SystemMonitorManager - Collected new counter data
2025-05-10 15:18:16 [pool-2-thread-1] INFO  c.g.y.a.jni.SystemMonitorManagerJNI - SystemMonitorManager - Collected new counter data
2025-05-10 15:18:17 [pool-2-thread-1] INFO  c.g.y.a.jni.SystemMonitorManagerJNI - SystemMonitorManager - Collected new counter data
2025-05-10 15:18:18 [pool-2-thread-1] INFO  c.g.y.a.jni.SystemMonitorManagerJNI - SystemMonitorManager - Collected new counter data
2025-05-10 15:18:19 [pool-2-thread-1] INFO  c.g.y.a.jni.SystemMonitorManagerJNI - SystemMonitorManager - Collected new counter data
2025-05-10 15:18:20 [pool-2-thread-1] INFO  c.g.y.a.jni.SystemMonitorManagerJNI - SystemMonitorManager - Collected new counter data
2025-05-10 15:18:21 [pool-2-thread-1] INFO  c.g.y.a.jni.SystemMonitorManagerJNI - SystemMonitorManager - Collected new counter data
2025-05-10 15:18:22 [pool-2-thread-1] INFO  c.g.y.a.jni.SystemMonitorManagerJNI - SystemMonitorManager - Collected new counter data
2025-05-10 15:18:23 [pool-2-thread-1] INFO  c.g.y.a.jni.SystemMonitorManagerJNI - SystemMonitorManager - Collected new counter data
2025-05-10 15:18:24 [pool-2-thread-1] INFO  c.g.y.a.jni.SystemMonitorManagerJNI - SystemMonitorManager - Collected new counter data
2025-05-10 15:18:25 [pool-2-thread-1] INFO  c.g.y.a.jni.SystemMonitorManagerJNI - SystemMonitorManager - Collected new counter data
2025-05-10 15:18:26 [pool-2-thread-1] INFO  c.g.y.a.jni.SystemMonitorManagerJNI - SystemMonitorManager - Collected new counter data
2025-05-10 15:18:27 [pool-2-thread-1] INFO  c.g.y.a.jni.SystemMonitorManagerJNI - SystemMonitorManager - Collected new counter data
2025-05-10 15:18:28 [pool-2-thread-1] INFO  c.g.y.a.jni.SystemMonitorManagerJNI - SystemMonitorManager - Collected new counter data
2025-05-10 15:18:29 [pool-2-thread-1] INFO  c.g.y.a.jni.SystemMonitorManagerJNI - SystemMonitorManager - Collected new counter data
2025-05-10 15:18:30 [pool-2-thread-1] INFO  c.g.y.a.jni.SystemMonitorManagerJNI - SystemMonitorManager - Collected new counter data
2025-05-10 15:18:31 [pool-2-thread-1] INFO  c.g.y.a.jni.SystemMonitorManagerJNI - SystemMonitorManager - Collected new counter data
2025-05-10 15:18:32 [pool-2-thread-1] INFO  c.g.y.a.jni.SystemMonitorManagerJNI - SystemMonitorManager - Collected new counter data
2025-05-10 15:18:33 [pool-2-thread-1] INFO  c.g.y.a.jni.SystemMonitorManagerJNI - SystemMonitorManager - Collected new counter data
2025-05-10 15:18:34 [pool-2-thread-1] INFO  c.g.y.a.jni.SystemMonitorManagerJNI - SystemMonitorManager - Collected new counter data
2025-05-10 15:18:35 [pool-2-thread-1] INFO  c.g.y.a.jni.SystemMonitorManagerJNI - SystemMonitorManager - Collected new counter data
2025-05-10 15:18:36 [pool-2-thread-1] INFO  c.g.y.a.jni.SystemMonitorManagerJNI - SystemMonitorManager - Collected new counter data
2025-05-10 15:18:37 [pool-2-thread-1] INFO  c.g.y.a.jni.SystemMonitorManagerJNI - SystemMonitorManager - Collected new counter data
2025-05-10 15:18:38 [pool-2-thread-1] INFO  c.g.y.a.jni.SystemMonitorManagerJNI - SystemMonitorManager - Collected new counter data
2025-05-10 15:18:39 [pool-2-thread-1] INFO  c.g.y.a.jni.SystemMonitorManagerJNI - SystemMonitorManager - Collected new counter data
2025-05-10 15:18:40 [pool-2-thread-1] INFO  c.g.y.a.jni.SystemMonitorManagerJNI - SystemMonitorManager - Collected new counter data
2025-05-10 15:18:41 [pool-2-thread-1] INFO  c.g.y.a.jni.SystemMonitorManagerJNI - SystemMonitorManager - Collected new counter data
2025-05-10 15:18:42 [pool-2-thread-1] INFO  c.g.y.a.jni.SystemMonitorManagerJNI - SystemMonitorManager - Collected new counter data
2025-05-10 15:18:43 [pool-2-thread-1] INFO  c.g.y.a.jni.SystemMonitorManagerJNI - SystemMonitorManager - Collected new counter data
2025-05-10 15:18:44 [pool-2-thread-1] INFO  c.g.y.a.jni.SystemMonitorManagerJNI - SystemMonitorManager - Collected new counter data
2025-05-10 15:18:45 [pool-2-thread-1] INFO  c.g.y.a.jni.SystemMonitorManagerJNI - SystemMonitorManager - Collected new counter data
2025-05-10 15:18:46 [pool-2-thread-1] INFO  c.g.y.a.jni.SystemMonitorManagerJNI - SystemMonitorManager - Collected new counter data
2025-05-10 15:18:47 [pool-2-thread-1] INFO  c.g.y.a.jni.SystemMonitorManagerJNI - SystemMonitorManager - Collected new counter data
2025-05-10 15:18:48 [pool-2-thread-1] INFO  c.g.y.a.jni.SystemMonitorManagerJNI - SystemMonitorManager - Collected new counter data
2025-05-10 15:18:49 [pool-2-thread-1] INFO  c.g.y.a.jni.SystemMonitorManagerJNI - SystemMonitorManager - Collected new counter data
2025-05-10 15:18:50 [pool-2-thread-1] INFO  c.g.y.a.jni.SystemMonitorManagerJNI - SystemMonitorManager - Collected new counter data
2025-05-10 15:18:51 [pool-2-thread-1] INFO  c.g.y.a.jni.SystemMonitorManagerJNI - SystemMonitorManager - Collected new counter data
2025-05-10 15:18:52 [pool-2-thread-1] INFO  c.g.y.a.jni.SystemMonitorManagerJNI - SystemMonitorManager - Collected new counter data
2025-05-10 15:18:53 [pool-2-thread-1] INFO  c.g.y.a.jni.SystemMonitorManagerJNI - SystemMonitorManager - Collected new counter data
2025-05-10 15:18:54 [pool-2-thread-1] INFO  c.g.y.a.jni.SystemMonitorManagerJNI - SystemMonitorManager - Collected new counter data
2025-05-10 15:18:55 [pool-2-thread-1] INFO  c.g.y.a.jni.SystemMonitorManagerJNI - SystemMonitorManager - Collected new counter data
2025-05-10 15:18:56 [pool-2-thread-1] INFO  c.g.y.a.jni.SystemMonitorManagerJNI - SystemMonitorManager - Collected new counter data
2025-05-10 15:18:57 [pool-2-thread-1] INFO  c.g.y.a.jni.SystemMonitorManagerJNI - SystemMonitorManager - Collected new counter data
2025-05-10 15:18:58 [pool-2-thread-1] INFO  c.g.y.a.jni.SystemMonitorManagerJNI - SystemMonitorManager - Collected new counter data
2025-05-10 15:18:59 [pool-2-thread-1] INFO  c.g.y.a.jni.SystemMonitorManagerJNI - SystemMonitorManager - Collected new counter data
2025-05-10 15:19:00 [pool-2-thread-1] INFO  c.g.y.a.jni.SystemMonitorManagerJNI - SystemMonitorManager - Collected new counter data
2025-05-10 15:19:01 [pool-2-thread-1] INFO  c.g.y.a.jni.SystemMonitorManagerJNI - SystemMonitorManager - Collected new counter data
2025-05-10 15:19:02 [pool-2-thread-1] INFO  c.g.y.a.jni.SystemMonitorManagerJNI - SystemMonitorManager - Collected new counter data
2025-05-10 15:19:03 [pool-2-thread-1] INFO  c.g.y.a.jni.SystemMonitorManagerJNI - SystemMonitorManager - Collected new counter data
2025-05-10 15:19:04 [pool-2-thread-1] INFO  c.g.y.a.jni.SystemMonitorManagerJNI - SystemMonitorManager - Collected new counter data
2025-05-10 15:19:05 [pool-2-thread-1] INFO  c.g.y.a.jni.SystemMonitorManagerJNI - SystemMonitorManager - Collected new counter data
2025-05-10 15:19:06 [pool-2-thread-1] INFO  c.g.y.a.jni.SystemMonitorManagerJNI - SystemMonitorManager - Collected new counter data
2025-05-10 15:19:07 [pool-2-thread-1] INFO  c.g.y.a.jni.SystemMonitorManagerJNI - SystemMonitorManager - Collected new counter data
2025-05-10 15:19:08 [pool-2-thread-1] INFO  c.g.y.a.jni.SystemMonitorManagerJNI - SystemMonitorManager - Collected new counter data
2025-05-10 15:19:09 [pool-2-thread-1] INFO  c.g.y.a.jni.SystemMonitorManagerJNI - SystemMonitorManager - Collected new counter data
2025-05-10 15:19:10 [pool-2-thread-1] INFO  c.g.y.a.jni.SystemMonitorManagerJNI - SystemMonitorManager - Collected new counter data
2025-05-10 15:19:11 [pool-2-thread-1] INFO  c.g.y.a.jni.SystemMonitorManagerJNI - SystemMonitorManager - Collected new counter data
2025-05-10 15:19:12 [pool-2-thread-1] INFO  c.g.y.a.jni.SystemMonitorManagerJNI - SystemMonitorManager - Collected new counter data
2025-05-10 15:19:13 [pool-2-thread-1] INFO  c.g.y.a.jni.SystemMonitorManagerJNI - SystemMonitorManager - Collected new counter data
2025-05-10 15:19:14 [pool-2-thread-1] INFO  c.g.y.a.jni.SystemMonitorManagerJNI - SystemMonitorManager - Collected new counter data
2025-05-10 15:19:15 [pool-2-thread-1] INFO  c.g.y.a.jni.SystemMonitorManagerJNI - SystemMonitorManager - Collected new counter data
2025-05-10 15:19:16 [pool-2-thread-1] INFO  c.g.y.a.jni.SystemMonitorManagerJNI - SystemMonitorManager - Collected new counter data
2025-05-10 15:19:17 [pool-2-thread-1] INFO  c.g.y.a.jni.SystemMonitorManagerJNI - SystemMonitorManager - Collected new counter data
2025-05-10 15:19:18 [pool-2-thread-1] INFO  c.g.y.a.jni.SystemMonitorManagerJNI - SystemMonitorManager - Collected new counter data
2025-05-10 15:19:19 [pool-2-thread-1] INFO  c.g.y.a.jni.SystemMonitorManagerJNI - SystemMonitorManager - Collected new counter data
2025-05-10 15:19:20 [pool-2-thread-1] INFO  c.g.y.a.jni.SystemMonitorManagerJNI - SystemMonitorManager - Collected new counter data
2025-05-10 15:19:21 [pool-2-thread-1] INFO  c.g.y.a.jni.SystemMonitorManagerJNI - SystemMonitorManager - Collected new counter data
2025-05-10 15:19:22 [pool-2-thread-1] INFO  c.g.y.a.jni.SystemMonitorManagerJNI - SystemMonitorManager - Collected new counter data
2025-05-10 15:19:23 [pool-2-thread-1] INFO  c.g.y.a.jni.SystemMonitorManagerJNI - SystemMonitorManager - Collected new counter data
2025-05-10 15:19:24 [pool-2-thread-1] INFO  c.g.y.a.jni.SystemMonitorManagerJNI - SystemMonitorManager - Collected new counter data
2025-05-10 15:19:25 [pool-2-thread-1] INFO  c.g.y.a.jni.SystemMonitorManagerJNI - SystemMonitorManager - Collected new counter data
2025-05-10 15:19:26 [pool-2-thread-1] INFO  c.g.y.a.jni.SystemMonitorManagerJNI - SystemMonitorManager - Collected new counter data
2025-05-10 15:19:27 [pool-2-thread-1] INFO  c.g.y.a.jni.SystemMonitorManagerJNI - SystemMonitorManager - Collected new counter data
2025-05-10 15:19:28 [pool-2-thread-1] INFO  c.g.y.a.jni.SystemMonitorManagerJNI - SystemMonitorManager - Collected new counter data
2025-05-10 15:19:29 [pool-2-thread-1] INFO  c.g.y.a.jni.SystemMonitorManagerJNI - SystemMonitorManager - Collected new counter data
2025-05-10 15:19:30 [pool-2-thread-1] INFO  c.g.y.a.jni.SystemMonitorManagerJNI - SystemMonitorManager - Collected new counter data
2025-05-10 15:19:31 [pool-2-thread-1] INFO  c.g.y.a.jni.SystemMonitorManagerJNI - SystemMonitorManager - Collected new counter data
2025-05-10 15:19:32 [pool-2-thread-1] INFO  c.g.y.a.jni.SystemMonitorManagerJNI - SystemMonitorManager - Collected new counter data
2025-05-10 15:19:33 [pool-2-thread-1] INFO  c.g.y.a.jni.SystemMonitorManagerJNI - SystemMonitorManager - Collected new counter data
2025-05-10 15:19:34 [pool-2-thread-1] INFO  c.g.y.a.jni.SystemMonitorManagerJNI - SystemMonitorManager - Collected new counter data
2025-05-10 15:19:35 [pool-2-thread-1] INFO  c.g.y.a.jni.SystemMonitorManagerJNI - SystemMonitorManager - Collected new counter data
2025-05-10 15:19:36 [pool-2-thread-1] INFO  c.g.y.a.jni.SystemMonitorManagerJNI - SystemMonitorManager - Collected new counter data
2025-05-10 15:19:37 [pool-2-thread-1] INFO  c.g.y.a.jni.SystemMonitorManagerJNI - SystemMonitorManager - Collected new counter data
2025-05-10 15:19:38 [pool-2-thread-1] INFO  c.g.y.a.jni.SystemMonitorManagerJNI - SystemMonitorManager - Collected new counter data
2025-05-10 15:19:39 [pool-2-thread-1] INFO  c.g.y.a.jni.SystemMonitorManagerJNI - SystemMonitorManager - Collected new counter data
2025-05-10 15:19:40 [pool-2-thread-1] INFO  c.g.y.a.jni.SystemMonitorManagerJNI - SystemMonitorManager - Collected new counter data
2025-05-10 15:19:41 [pool-2-thread-1] INFO  c.g.y.a.jni.SystemMonitorManagerJNI - SystemMonitorManager - Collected new counter data
2025-05-10 15:19:42 [pool-2-thread-1] INFO  c.g.y.a.jni.SystemMonitorManagerJNI - SystemMonitorManager - Collected new counter data
2025-05-10 15:19:43 [pool-2-thread-1] INFO  c.g.y.a.jni.SystemMonitorManagerJNI - SystemMonitorManager - Collected new counter data
2025-05-10 15:19:44 [pool-2-thread-1] INFO  c.g.y.a.jni.SystemMonitorManagerJNI - SystemMonitorManager - Collected new counter data
2025-05-10 15:19:45 [pool-2-thread-1] INFO  c.g.y.a.jni.SystemMonitorManagerJNI - SystemMonitorManager - Collected new counter data
2025-05-10 15:19:46 [pool-2-thread-1] INFO  c.g.y.a.jni.SystemMonitorManagerJNI - SystemMonitorManager - Collected new counter data
2025-05-10 15:19:47 [pool-2-thread-1] INFO  c.g.y.a.jni.SystemMonitorManagerJNI - SystemMonitorManager - Collected new counter data
2025-05-10 15:19:48 [pool-2-thread-1] INFO  c.g.y.a.jni.SystemMonitorManagerJNI - SystemMonitorManager - Collected new counter data
2025-05-10 15:19:49 [pool-2-thread-1] INFO  c.g.y.a.jni.SystemMonitorManagerJNI - SystemMonitorManager - Collected new counter data
2025-05-10 15:19:50 [pool-2-thread-1] INFO  c.g.y.a.jni.SystemMonitorManagerJNI - SystemMonitorManager - Collected new counter data
2025-05-10 15:19:51 [pool-2-thread-1] INFO  c.g.y.a.jni.SystemMonitorManagerJNI - SystemMonitorManager - Collected new counter data
2025-05-10 15:19:52 [pool-2-thread-1] INFO  c.g.y.a.jni.SystemMonitorManagerJNI - SystemMonitorManager - Collected new counter data
2025-05-10 15:19:53 [pool-2-thread-1] INFO  c.g.y.a.jni.SystemMonitorManagerJNI - SystemMonitorManager - Collected new counter data
2025-05-10 15:19:54 [pool-2-thread-1] INFO  c.g.y.a.jni.SystemMonitorManagerJNI - SystemMonitorManager - Collected new counter data
2025-05-10 15:19:55 [pool-2-thread-1] INFO  c.g.y.a.jni.SystemMonitorManagerJNI - SystemMonitorManager - Collected new counter data
2025-05-10 15:19:56 [pool-2-thread-1] INFO  c.g.y.a.jni.SystemMonitorManagerJNI - SystemMonitorManager - Collected new counter data
2025-05-10 15:19:57 [pool-2-thread-1] INFO  c.g.y.a.jni.SystemMonitorManagerJNI - SystemMonitorManager - Collected new counter data
2025-05-10 15:19:58 [pool-2-thread-1] INFO  c.g.y.a.jni.SystemMonitorManagerJNI - SystemMonitorManager - Collected new counter data
2025-05-10 15:19:59 [pool-2-thread-1] INFO  c.g.y.a.jni.SystemMonitorManagerJNI - SystemMonitorManager - Collected new counter data
2025-05-10 15:20:00 [pool-2-thread-1] INFO  c.g.y.a.jni.SystemMonitorManagerJNI - SystemMonitorManager - Collected new counter data
2025-05-10 15:20:01 [pool-2-thread-1] INFO  c.g.y.a.jni.SystemMonitorManagerJNI - SystemMonitorManager - Collected new counter data
2025-05-10 15:20:02 [pool-2-thread-1] INFO  c.g.y.a.jni.SystemMonitorManagerJNI - SystemMonitorManager - Collected new counter data
2025-05-10 15:20:03 [pool-2-thread-1] INFO  c.g.y.a.jni.SystemMonitorManagerJNI - SystemMonitorManager - Collected new counter data
2025-05-10 15:20:04 [pool-2-thread-1] INFO  c.g.y.a.jni.SystemMonitorManagerJNI - SystemMonitorManager - Collected new counter data
2025-05-10 15:20:05 [pool-2-thread-1] INFO  c.g.y.a.jni.SystemMonitorManagerJNI - SystemMonitorManager - Collected new counter data
2025-05-10 15:20:06 [pool-2-thread-1] INFO  c.g.y.a.jni.SystemMonitorManagerJNI - SystemMonitorManager - Collected new counter data
2025-05-10 15:20:07 [pool-2-thread-1] INFO  c.g.y.a.jni.SystemMonitorManagerJNI - SystemMonitorManager - Collected new counter data
2025-05-10 15:20:08 [pool-2-thread-1] INFO  c.g.y.a.jni.SystemMonitorManagerJNI - SystemMonitorManager - Collected new counter data
2025-05-10 15:20:09 [pool-2-thread-1] INFO  c.g.y.a.jni.SystemMonitorManagerJNI - SystemMonitorManager - Collected new counter data
2025-05-10 15:20:10 [pool-2-thread-1] INFO  c.g.y.a.jni.SystemMonitorManagerJNI - SystemMonitorManager - Collected new counter data
2025-05-10 15:20:11 [pool-2-thread-1] INFO  c.g.y.a.jni.SystemMonitorManagerJNI - SystemMonitorManager - Collected new counter data
2025-05-10 15:20:12 [pool-2-thread-1] INFO  c.g.y.a.jni.SystemMonitorManagerJNI - SystemMonitorManager - Collected new counter data
2025-05-10 15:20:13 [pool-2-thread-1] INFO  c.g.y.a.jni.SystemMonitorManagerJNI - SystemMonitorManager - Collected new counter data
2025-05-10 15:20:14 [pool-2-thread-1] INFO  c.g.y.a.jni.SystemMonitorManagerJNI - SystemMonitorManager - Collected new counter data
2025-05-10 15:20:15 [pool-2-thread-1] INFO  c.g.y.a.jni.SystemMonitorManagerJNI - SystemMonitorManager - Collected new counter data
2025-05-10 15:20:16 [pool-2-thread-1] INFO  c.g.y.a.jni.SystemMonitorManagerJNI - SystemMonitorManager - Collected new counter data
2025-05-10 15:20:17 [pool-2-thread-1] INFO  c.g.y.a.jni.SystemMonitorManagerJNI - SystemMonitorManager - Collected new counter data
2025-05-10 15:20:18 [pool-2-thread-1] INFO  c.g.y.a.jni.SystemMonitorManagerJNI - SystemMonitorManager - Collected new counter data
2025-05-10 15:20:19 [pool-2-thread-1] INFO  c.g.y.a.jni.SystemMonitorManagerJNI - SystemMonitorManager - Collected new counter data
2025-05-10 15:20:20 [pool-2-thread-1] INFO  c.g.y.a.jni.SystemMonitorManagerJNI - SystemMonitorManager - Collected new counter data
2025-05-10 15:20:21 [pool-2-thread-1] INFO  c.g.y.a.jni.SystemMonitorManagerJNI - SystemMonitorManager - Collected new counter data
2025-05-10 15:20:22 [pool-2-thread-1] INFO  c.g.y.a.jni.SystemMonitorManagerJNI - SystemMonitorManager - Collected new counter data
2025-05-10 15:20:23 [pool-2-thread-1] INFO  c.g.y.a.jni.SystemMonitorManagerJNI - SystemMonitorManager - Collected new counter data
2025-05-10 15:20:24 [pool-2-thread-1] INFO  c.g.y.a.jni.SystemMonitorManagerJNI - SystemMonitorManager - Collected new counter data
2025-05-10 15:20:25 [pool-2-thread-1] INFO  c.g.y.a.jni.SystemMonitorManagerJNI - SystemMonitorManager - Collected new counter data
2025-05-10 15:20:26 [pool-2-thread-1] INFO  c.g.y.a.jni.SystemMonitorManagerJNI - SystemMonitorManager - Collected new counter data
2025-05-10 15:20:27 [pool-2-thread-1] INFO  c.g.y.a.jni.SystemMonitorManagerJNI - SystemMonitorManager - Collected new counter data
2025-05-10 15:20:28 [pool-2-thread-1] INFO  c.g.y.a.jni.SystemMonitorManagerJNI - SystemMonitorManager - Collected new counter data
2025-05-10 15:20:29 [pool-2-thread-1] INFO  c.g.y.a.jni.SystemMonitorManagerJNI - SystemMonitorManager - Collected new counter data
2025-05-10 15:20:30 [pool-2-thread-1] INFO  c.g.y.a.jni.SystemMonitorManagerJNI - SystemMonitorManager - Collected new counter data
2025-05-10 15:20:31 [pool-2-thread-1] INFO  c.g.y.a.jni.SystemMonitorManagerJNI - SystemMonitorManager - Collected new counter data
2025-05-10 15:20:32 [pool-2-thread-1] INFO  c.g.y.a.jni.SystemMonitorManagerJNI - SystemMonitorManager - Collected new counter data
2025-05-10 15:20:33 [pool-2-thread-1] INFO  c.g.y.a.jni.SystemMonitorManagerJNI - SystemMonitorManager - Collected new counter data
2025-05-10 15:20:34 [pool-2-thread-1] INFO  c.g.y.a.jni.SystemMonitorManagerJNI - SystemMonitorManager - Collected new counter data
2025-05-10 15:20:35 [pool-2-thread-1] INFO  c.g.y.a.jni.SystemMonitorManagerJNI - SystemMonitorManager - Collected new counter data
2025-05-10 15:20:36 [pool-2-thread-1] INFO  c.g.y.a.jni.SystemMonitorManagerJNI - SystemMonitorManager - Collected new counter data
2025-05-10 15:20:37 [pool-2-thread-1] INFO  c.g.y.a.jni.SystemMonitorManagerJNI - SystemMonitorManager - Collected new counter data
2025-05-10 15:20:38 [pool-2-thread-1] INFO  c.g.y.a.jni.SystemMonitorManagerJNI - SystemMonitorManager - Collected new counter data
2025-05-10 15:20:39 [pool-2-thread-1] INFO  c.g.y.a.jni.SystemMonitorManagerJNI - SystemMonitorManager - Collected new counter data
2025-05-10 15:20:40 [pool-2-thread-1] INFO  c.g.y.a.jni.SystemMonitorManagerJNI - SystemMonitorManager - Collected new counter data
2025-05-10 15:20:41 [pool-2-thread-1] INFO  c.g.y.a.jni.SystemMonitorManagerJNI - SystemMonitorManager - Collected new counter data
2025-05-10 15:20:42 [pool-2-thread-1] INFO  c.g.y.a.jni.SystemMonitorManagerJNI - SystemMonitorManager - Collected new counter data
2025-05-10 15:20:43 [pool-2-thread-1] INFO  c.g.y.a.jni.SystemMonitorManagerJNI - SystemMonitorManager - Collected new counter data
2025-05-10 15:20:44 [pool-2-thread-1] INFO  c.g.y.a.jni.SystemMonitorManagerJNI - SystemMonitorManager - Collected new counter data
2025-05-10 15:20:45 [pool-2-thread-1] INFO  c.g.y.a.jni.SystemMonitorManagerJNI - SystemMonitorManager - Collected new counter data
2025-05-10 15:20:46 [pool-2-thread-1] INFO  c.g.y.a.jni.SystemMonitorManagerJNI - SystemMonitorManager - Collected new counter data
2025-05-10 15:20:47 [pool-2-thread-1] INFO  c.g.y.a.jni.SystemMonitorManagerJNI - SystemMonitorManager - Collected new counter data
2025-05-10 15:20:48 [pool-2-thread-1] INFO  c.g.y.a.jni.SystemMonitorManagerJNI - SystemMonitorManager - Collected new counter data
2025-05-10 15:20:49 [pool-2-thread-1] INFO  c.g.y.a.jni.SystemMonitorManagerJNI - SystemMonitorManager - Collected new counter data
2025-05-10 15:20:50 [pool-2-thread-1] INFO  c.g.y.a.jni.SystemMonitorManagerJNI - SystemMonitorManager - Collected new counter data
2025-05-10 15:20:51 [pool-2-thread-1] INFO  c.g.y.a.jni.SystemMonitorManagerJNI - SystemMonitorManager - Collected new counter data
2025-05-10 15:20:52 [pool-2-thread-1] INFO  c.g.y.a.jni.SystemMonitorManagerJNI - SystemMonitorManager - Collected new counter data
2025-05-10 15:20:53 [pool-2-thread-1] INFO  c.g.y.a.jni.SystemMonitorManagerJNI - SystemMonitorManager - Collected new counter data
2025-05-10 15:20:54 [pool-2-thread-1] INFO  c.g.y.a.jni.SystemMonitorManagerJNI - SystemMonitorManager - Collected new counter data
2025-05-10 15:20:55 [pool-2-thread-1] INFO  c.g.y.a.jni.SystemMonitorManagerJNI - SystemMonitorManager - Collected new counter data
2025-05-10 15:20:56 [pool-2-thread-1] INFO  c.g.y.a.jni.SystemMonitorManagerJNI - SystemMonitorManager - Collected new counter data
2025-05-10 15:20:57 [pool-2-thread-1] INFO  c.g.y.a.jni.SystemMonitorManagerJNI - SystemMonitorManager - Collected new counter data
2025-05-10 15:20:58 [pool-2-thread-1] INFO  c.g.y.a.jni.SystemMonitorManagerJNI - SystemMonitorManager - Collected new counter data
2025-05-10 15:20:59 [pool-2-thread-1] INFO  c.g.y.a.jni.SystemMonitorManagerJNI - SystemMonitorManager - Collected new counter data
2025-05-10 15:21:00 [pool-2-thread-1] INFO  c.g.y.a.jni.SystemMonitorManagerJNI - SystemMonitorManager - Collected new counter data
2025-05-10 15:21:01 [pool-2-thread-1] INFO  c.g.y.a.jni.SystemMonitorManagerJNI - SystemMonitorManager - Collected new counter data
2025-05-10 15:21:02 [pool-2-thread-1] INFO  c.g.y.a.jni.SystemMonitorManagerJNI - SystemMonitorManager - Collected new counter data
2025-05-10 15:21:03 [pool-2-thread-1] INFO  c.g.y.a.jni.SystemMonitorManagerJNI - SystemMonitorManager - Collected new counter data
2025-05-10 15:21:04 [pool-2-thread-1] INFO  c.g.y.a.jni.SystemMonitorManagerJNI - SystemMonitorManager - Collected new counter data
2025-05-10 15:21:05 [pool-2-thread-1] INFO  c.g.y.a.jni.SystemMonitorManagerJNI - SystemMonitorManager - Collected new counter data
2025-05-10 15:21:06 [pool-2-thread-1] INFO  c.g.y.a.jni.SystemMonitorManagerJNI - SystemMonitorManager - Collected new counter data
2025-05-10 15:21:07 [pool-2-thread-1] INFO  c.g.y.a.jni.SystemMonitorManagerJNI - SystemMonitorManager - Collected new counter data
2025-05-10 15:21:08 [pool-2-thread-1] INFO  c.g.y.a.jni.SystemMonitorManagerJNI - SystemMonitorManager - Collected new counter data
2025-05-10 15:21:09 [pool-2-thread-1] INFO  c.g.y.a.jni.SystemMonitorManagerJNI - SystemMonitorManager - Collected new counter data
2025-05-10 15:21:10 [pool-2-thread-1] INFO  c.g.y.a.jni.SystemMonitorManagerJNI - SystemMonitorManager - Collected new counter data
2025-05-10 15:21:11 [pool-2-thread-1] INFO  c.g.y.a.jni.SystemMonitorManagerJNI - SystemMonitorManager - Collected new counter data
2025-05-10 15:21:12 [pool-2-thread-1] INFO  c.g.y.a.jni.SystemMonitorManagerJNI - SystemMonitorManager - Collected new counter data
2025-05-10 15:21:13 [pool-2-thread-1] INFO  c.g.y.a.jni.SystemMonitorManagerJNI - SystemMonitorManager - Collected new counter data
2025-05-10 15:21:14 [pool-2-thread-1] INFO  c.g.y.a.jni.SystemMonitorManagerJNI - SystemMonitorManager - Collected new counter data
2025-05-10 15:21:15 [pool-2-thread-1] INFO  c.g.y.a.jni.SystemMonitorManagerJNI - SystemMonitorManager - Collected new counter data
2025-05-10 15:21:16 [pool-2-thread-1] INFO  c.g.y.a.jni.SystemMonitorManagerJNI - SystemMonitorManager - Collected new counter data
2025-05-10 15:21:17 [pool-2-thread-1] INFO  c.g.y.a.jni.SystemMonitorManagerJNI - SystemMonitorManager - Collected new counter data
2025-05-10 15:21:18 [pool-2-thread-1] INFO  c.g.y.a.jni.SystemMonitorManagerJNI - SystemMonitorManager - Collected new counter data
2025-05-10 15:21:19 [pool-2-thread-1] INFO  c.g.y.a.jni.SystemMonitorManagerJNI - SystemMonitorManager - Collected new counter data
2025-05-10 15:21:20 [pool-2-thread-1] INFO  c.g.y.a.jni.SystemMonitorManagerJNI - SystemMonitorManager - Collected new counter data
2025-05-10 15:21:21 [pool-2-thread-1] INFO  c.g.y.a.jni.SystemMonitorManagerJNI - SystemMonitorManager - Collected new counter data
2025-05-10 15:21:22 [pool-2-thread-1] INFO  c.g.y.a.jni.SystemMonitorManagerJNI - SystemMonitorManager - Collected new counter data
2025-05-10 15:21:23 [pool-2-thread-1] INFO  c.g.y.a.jni.SystemMonitorManagerJNI - SystemMonitorManager - Collected new counter data
2025-05-10 15:21:24 [pool-2-thread-1] INFO  c.g.y.a.jni.SystemMonitorManagerJNI - SystemMonitorManager - Collected new counter data
2025-05-10 15:21:25 [pool-2-thread-1] INFO  c.g.y.a.jni.SystemMonitorManagerJNI - SystemMonitorManager - Collected new counter data
2025-05-10 15:21:26 [pool-2-thread-1] INFO  c.g.y.a.jni.SystemMonitorManagerJNI - SystemMonitorManager - Collected new counter data
2025-05-10 15:21:27 [pool-2-thread-1] INFO  c.g.y.a.jni.SystemMonitorManagerJNI - SystemMonitorManager - Collected new counter data
2025-05-10 15:21:28 [pool-2-thread-1] INFO  c.g.y.a.jni.SystemMonitorManagerJNI - SystemMonitorManager - Collected new counter data
2025-05-10 15:21:29 [pool-2-thread-1] INFO  c.g.y.a.jni.SystemMonitorManagerJNI - SystemMonitorManager - Collected new counter data
2025-05-10 15:21:30 [pool-2-thread-1] INFO  c.g.y.a.jni.SystemMonitorManagerJNI - SystemMonitorManager - Collected new counter data
2025-05-10 15:21:31 [pool-2-thread-1] INFO  c.g.y.a.jni.SystemMonitorManagerJNI - SystemMonitorManager - Collected new counter data
2025-05-10 15:21:32 [pool-2-thread-1] INFO  c.g.y.a.jni.SystemMonitorManagerJNI - SystemMonitorManager - Collected new counter data
2025-05-10 15:21:33 [pool-2-thread-1] INFO  c.g.y.a.jni.SystemMonitorManagerJNI - SystemMonitorManager - Collected new counter data
2025-05-10 15:21:34 [pool-2-thread-1] INFO  c.g.y.a.jni.SystemMonitorManagerJNI - SystemMonitorManager - Collected new counter data
2025-05-10 15:21:35 [pool-2-thread-1] INFO  c.g.y.a.jni.SystemMonitorManagerJNI - SystemMonitorManager - Collected new counter data
2025-05-10 15:21:36 [pool-2-thread-1] INFO  c.g.y.a.jni.SystemMonitorManagerJNI - SystemMonitorManager - Collected new counter data
2025-05-10 15:21:37 [pool-2-thread-1] INFO  c.g.y.a.jni.SystemMonitorManagerJNI - SystemMonitorManager - Collected new counter data
2025-05-10 15:21:38 [pool-2-thread-1] INFO  c.g.y.a.jni.SystemMonitorManagerJNI - SystemMonitorManager - Collected new counter data
2025-05-10 15:21:39 [pool-2-thread-1] INFO  c.g.y.a.jni.SystemMonitorManagerJNI - SystemMonitorManager - Collected new counter data
2025-05-10 15:21:40 [pool-2-thread-1] INFO  c.g.y.a.jni.SystemMonitorManagerJNI - SystemMonitorManager - Collected new counter data
2025-05-10 15:21:41 [pool-2-thread-1] INFO  c.g.y.a.jni.SystemMonitorManagerJNI - SystemMonitorManager - Collected new counter data
2025-05-10 15:21:42 [pool-2-thread-1] INFO  c.g.y.a.jni.SystemMonitorManagerJNI - SystemMonitorManager - Collected new counter data
2025-05-10 15:21:43 [pool-2-thread-1] INFO  c.g.y.a.jni.SystemMonitorManagerJNI - SystemMonitorManager - Collected new counter data
2025-05-10 15:21:44 [pool-2-thread-1] INFO  c.g.y.a.jni.SystemMonitorManagerJNI - SystemMonitorManager - Collected new counter data
2025-05-10 15:21:45 [pool-2-thread-1] INFO  c.g.y.a.jni.SystemMonitorManagerJNI - SystemMonitorManager - Collected new counter data
2025-05-10 15:21:46 [pool-2-thread-1] INFO  c.g.y.a.jni.SystemMonitorManagerJNI - SystemMonitorManager - Collected new counter data
2025-05-10 15:21:47 [pool-2-thread-1] INFO  c.g.y.a.jni.SystemMonitorManagerJNI - SystemMonitorManager - Collected new counter data
2025-05-10 15:21:48 [pool-2-thread-1] INFO  c.g.y.a.jni.SystemMonitorManagerJNI - SystemMonitorManager - Collected new counter data
2025-05-10 15:21:49 [pool-2-thread-1] INFO  c.g.y.a.jni.SystemMonitorManagerJNI - SystemMonitorManager - Collected new counter data
2025-05-10 15:21:50 [pool-2-thread-1] INFO  c.g.y.a.jni.SystemMonitorManagerJNI - SystemMonitorManager - Collected new counter data
2025-05-10 15:21:51 [pool-2-thread-1] INFO  c.g.y.a.jni.SystemMonitorManagerJNI - SystemMonitorManager - Collected new counter data
2025-05-10 15:21:52 [pool-2-thread-1] INFO  c.g.y.a.jni.SystemMonitorManagerJNI - SystemMonitorManager - Collected new counter data
2025-05-10 15:21:53 [pool-2-thread-1] INFO  c.g.y.a.jni.SystemMonitorManagerJNI - SystemMonitorManager - Collected new counter data
2025-05-10 15:21:54 [pool-2-thread-1] INFO  c.g.y.a.jni.SystemMonitorManagerJNI - SystemMonitorManager - Collected new counter data
2025-05-10 15:21:55 [pool-2-thread-1] INFO  c.g.y.a.jni.SystemMonitorManagerJNI - SystemMonitorManager - Collected new counter data
2025-05-10 15:21:56 [pool-2-thread-1] INFO  c.g.y.a.jni.SystemMonitorManagerJNI - SystemMonitorManager - Collected new counter data
2025-05-10 15:21:57 [pool-2-thread-1] INFO  c.g.y.a.jni.SystemMonitorManagerJNI - SystemMonitorManager - Collected new counter data
2025-05-10 15:21:58 [pool-2-thread-1] INFO  c.g.y.a.jni.SystemMonitorManagerJNI - SystemMonitorManager - Collected new counter data
2025-05-10 15:21:59 [pool-2-thread-1] INFO  c.g.y.a.jni.SystemMonitorManagerJNI - SystemMonitorManager - Collected new counter data
2025-05-10 15:22:00 [pool-2-thread-1] INFO  c.g.y.a.jni.SystemMonitorManagerJNI - SystemMonitorManager - Collected new counter data
2025-05-10 15:22:01 [pool-2-thread-1] INFO  c.g.y.a.jni.SystemMonitorManagerJNI - SystemMonitorManager - Collected new counter data
2025-05-10 15:22:02 [pool-2-thread-1] INFO  c.g.y.a.jni.SystemMonitorManagerJNI - SystemMonitorManager - Collected new counter data
2025-05-10 15:22:03 [pool-2-thread-1] INFO  c.g.y.a.jni.SystemMonitorManagerJNI - SystemMonitorManager - Collected new counter data
2025-05-10 15:22:04 [pool-2-thread-1] INFO  c.g.y.a.jni.SystemMonitorManagerJNI - SystemMonitorManager - Collected new counter data
2025-05-10 15:22:05 [pool-2-thread-1] INFO  c.g.y.a.jni.SystemMonitorManagerJNI - SystemMonitorManager - Collected new counter data
2025-05-10 15:22:06 [pool-2-thread-1] INFO  c.g.y.a.jni.SystemMonitorManagerJNI - SystemMonitorManager - Collected new counter data
2025-05-10 15:22:07 [pool-2-thread-1] INFO  c.g.y.a.jni.SystemMonitorManagerJNI - SystemMonitorManager - Collected new counter data
2025-05-10 15:22:08 [pool-2-thread-1] INFO  c.g.y.a.jni.SystemMonitorManagerJNI - SystemMonitorManager - Collected new counter data
2025-05-10 15:22:09 [pool-2-thread-1] INFO  c.g.y.a.jni.SystemMonitorManagerJNI - SystemMonitorManager - Collected new counter data
2025-05-10 15:22:10 [pool-2-thread-1] INFO  c.g.y.a.jni.SystemMonitorManagerJNI - SystemMonitorManager - Collected new counter data
2025-05-10 15:22:11 [pool-2-thread-1] INFO  c.g.y.a.jni.SystemMonitorManagerJNI - SystemMonitorManager - Collected new counter data
2025-05-10 15:22:12 [pool-2-thread-1] INFO  c.g.y.a.jni.SystemMonitorManagerJNI - SystemMonitorManager - Collected new counter data
2025-05-10 15:22:13 [pool-2-thread-1] INFO  c.g.y.a.jni.SystemMonitorManagerJNI - SystemMonitorManager - Collected new counter data
2025-05-10 15:22:14 [pool-2-thread-1] INFO  c.g.y.a.jni.SystemMonitorManagerJNI - SystemMonitorManager - Collected new counter data
2025-05-10 15:22:15 [pool-2-thread-1] INFO  c.g.y.a.jni.SystemMonitorManagerJNI - SystemMonitorManager - Collected new counter data
2025-05-10 15:22:16 [pool-2-thread-1] INFO  c.g.y.a.jni.SystemMonitorManagerJNI - SystemMonitorManager - Collected new counter data
2025-05-10 15:22:17 [pool-2-thread-1] INFO  c.g.y.a.jni.SystemMonitorManagerJNI - SystemMonitorManager - Collected new counter data
2025-05-10 15:22:18 [pool-2-thread-1] INFO  c.g.y.a.jni.SystemMonitorManagerJNI - SystemMonitorManager - Collected new counter data
2025-05-10 15:22:19 [pool-2-thread-1] INFO  c.g.y.a.jni.SystemMonitorManagerJNI - SystemMonitorManager - Collected new counter data
2025-05-10 15:22:20 [pool-2-thread-1] INFO  c.g.y.a.jni.SystemMonitorManagerJNI - SystemMonitorManager - Collected new counter data
2025-05-10 15:22:21 [pool-2-thread-1] INFO  c.g.y.a.jni.SystemMonitorManagerJNI - SystemMonitorManager - Collected new counter data
2025-05-10 15:22:22 [pool-2-thread-1] INFO  c.g.y.a.jni.SystemMonitorManagerJNI - SystemMonitorManager - Collected new counter data
2025-05-10 15:22:23 [pool-2-thread-1] INFO  c.g.y.a.jni.SystemMonitorManagerJNI - SystemMonitorManager - Collected new counter data
2025-05-10 15:22:24 [pool-2-thread-1] INFO  c.g.y.a.jni.SystemMonitorManagerJNI - SystemMonitorManager - Collected new counter data
2025-05-10 15:22:25 [pool-2-thread-1] INFO  c.g.y.a.jni.SystemMonitorManagerJNI - SystemMonitorManager - Collected new counter data
2025-05-10 15:22:26 [pool-2-thread-1] INFO  c.g.y.a.jni.SystemMonitorManagerJNI - SystemMonitorManager - Collected new counter data
2025-05-10 15:22:27 [pool-2-thread-1] INFO  c.g.y.a.jni.SystemMonitorManagerJNI - SystemMonitorManager - Collected new counter data
2025-05-10 15:22:28 [pool-2-thread-1] INFO  c.g.y.a.jni.SystemMonitorManagerJNI - SystemMonitorManager - Collected new counter data
2025-05-10 15:22:29 [pool-2-thread-1] INFO  c.g.y.a.jni.SystemMonitorManagerJNI - SystemMonitorManager - Collected new counter data
2025-05-10 15:22:30 [pool-2-thread-1] INFO  c.g.y.a.jni.SystemMonitorManagerJNI - SystemMonitorManager - Collected new counter data
2025-05-10 15:22:31 [pool-2-thread-1] INFO  c.g.y.a.jni.SystemMonitorManagerJNI - SystemMonitorManager - Collected new counter data
2025-05-10 15:22:32 [pool-2-thread-1] INFO  c.g.y.a.jni.SystemMonitorManagerJNI - SystemMonitorManager - Collected new counter data
2025-05-10 15:22:33 [pool-2-thread-1] INFO  c.g.y.a.jni.SystemMonitorManagerJNI - SystemMonitorManager - Collected new counter data
2025-05-10 15:22:34 [pool-2-thread-1] INFO  c.g.y.a.jni.SystemMonitorManagerJNI - SystemMonitorManager - Collected new counter data
2025-05-10 15:22:35 [pool-2-thread-1] INFO  c.g.y.a.jni.SystemMonitorManagerJNI - SystemMonitorManager - Collected new counter data
2025-05-10 15:22:36 [pool-2-thread-1] INFO  c.g.y.a.jni.SystemMonitorManagerJNI - SystemMonitorManager - Collected new counter data
2025-05-10 15:22:37 [pool-2-thread-1] INFO  c.g.y.a.jni.SystemMonitorManagerJNI - SystemMonitorManager - Collected new counter data
2025-05-10 15:22:38 [pool-2-thread-1] INFO  c.g.y.a.jni.SystemMonitorManagerJNI - SystemMonitorManager - Collected new counter data
2025-05-10 15:22:39 [pool-2-thread-1] INFO  c.g.y.a.jni.SystemMonitorManagerJNI - SystemMonitorManager - Collected new counter data
2025-05-10 15:22:40 [pool-2-thread-1] INFO  c.g.y.a.jni.SystemMonitorManagerJNI - SystemMonitorManager - Collected new counter data
2025-05-10 15:22:41 [pool-2-thread-1] INFO  c.g.y.a.jni.SystemMonitorManagerJNI - SystemMonitorManager - Collected new counter data
2025-05-10 15:22:42 [pool-2-thread-1] INFO  c.g.y.a.jni.SystemMonitorManagerJNI - SystemMonitorManager - Collected new counter data
2025-05-10 15:22:43 [pool-2-thread-1] INFO  c.g.y.a.jni.SystemMonitorManagerJNI - SystemMonitorManager - Collected new counter data
2025-05-10 15:22:44 [pool-2-thread-1] INFO  c.g.y.a.jni.SystemMonitorManagerJNI - SystemMonitorManager - Collected new counter data
2025-05-10 15:22:45 [pool-2-thread-1] INFO  c.g.y.a.jni.SystemMonitorManagerJNI - SystemMonitorManager - Collected new counter data
2025-05-10 15:22:46 [pool-2-thread-1] INFO  c.g.y.a.jni.SystemMonitorManagerJNI - SystemMonitorManager - Collected new counter data
2025-05-10 15:22:47 [pool-2-thread-1] INFO  c.g.y.a.jni.SystemMonitorManagerJNI - SystemMonitorManager - Collected new counter data
2025-05-10 15:22:48 [pool-2-thread-1] INFO  c.g.y.a.jni.SystemMonitorManagerJNI - SystemMonitorManager - Collected new counter data
2025-05-10 15:22:49 [pool-2-thread-1] INFO  c.g.y.a.jni.SystemMonitorManagerJNI - SystemMonitorManager - Collected new counter data
2025-05-10 15:22:50 [pool-2-thread-1] INFO  c.g.y.a.jni.SystemMonitorManagerJNI - SystemMonitorManager - Collected new counter data
2025-05-10 15:22:51 [pool-2-thread-1] INFO  c.g.y.a.jni.SystemMonitorManagerJNI - SystemMonitorManager - Collected new counter data
2025-05-10 15:22:52 [pool-2-thread-1] INFO  c.g.y.a.jni.SystemMonitorManagerJNI - SystemMonitorManager - Collected new counter data
2025-05-10 15:22:53 [pool-2-thread-1] INFO  c.g.y.a.jni.SystemMonitorManagerJNI - SystemMonitorManager - Collected new counter data
2025-05-10 15:22:54 [pool-2-thread-1] INFO  c.g.y.a.jni.SystemMonitorManagerJNI - SystemMonitorManager - Collected new counter data
2025-05-10 15:22:55 [pool-2-thread-1] INFO  c.g.y.a.jni.SystemMonitorManagerJNI - SystemMonitorManager - Collected new counter data
2025-05-10 15:22:56 [pool-2-thread-1] INFO  c.g.y.a.jni.SystemMonitorManagerJNI - SystemMonitorManager - Collected new counter data
2025-05-10 15:22:57 [pool-2-thread-1] INFO  c.g.y.a.jni.SystemMonitorManagerJNI - SystemMonitorManager - Collected new counter data
2025-05-10 15:22:58 [pool-2-thread-1] INFO  c.g.y.a.jni.SystemMonitorManagerJNI - SystemMonitorManager - Collected new counter data
2025-05-10 15:22:59 [pool-2-thread-1] INFO  c.g.y.a.jni.SystemMonitorManagerJNI - SystemMonitorManager - Collected new counter data
2025-05-10 15:23:00 [pool-2-thread-1] INFO  c.g.y.a.jni.SystemMonitorManagerJNI - SystemMonitorManager - Collected new counter data
2025-05-10 15:23:01 [pool-2-thread-1] INFO  c.g.y.a.jni.SystemMonitorManagerJNI - SystemMonitorManager - Collected new counter data
2025-05-10 15:23:02 [pool-2-thread-1] INFO  c.g.y.a.jni.SystemMonitorManagerJNI - SystemMonitorManager - Collected new counter data
2025-05-10 15:23:03 [pool-2-thread-1] INFO  c.g.y.a.jni.SystemMonitorManagerJNI - SystemMonitorManager - Collected new counter data
2025-05-10 15:23:04 [pool-2-thread-1] INFO  c.g.y.a.jni.SystemMonitorManagerJNI - SystemMonitorManager - Collected new counter data
2025-05-10 15:23:05 [pool-2-thread-1] INFO  c.g.y.a.jni.SystemMonitorManagerJNI - SystemMonitorManager - Collected new counter data
2025-05-10 15:23:06 [pool-2-thread-1] INFO  c.g.y.a.jni.SystemMonitorManagerJNI - SystemMonitorManager - Collected new counter data
2025-05-10 15:23:07 [pool-2-thread-1] INFO  c.g.y.a.jni.SystemMonitorManagerJNI - SystemMonitorManager - Collected new counter data
2025-05-10 15:23:08 [pool-2-thread-1] INFO  c.g.y.a.jni.SystemMonitorManagerJNI - SystemMonitorManager - Collected new counter data
2025-05-10 15:23:09 [pool-2-thread-1] INFO  c.g.y.a.jni.SystemMonitorManagerJNI - SystemMonitorManager - Collected new counter data
2025-05-10 15:23:10 [pool-2-thread-1] INFO  c.g.y.a.jni.SystemMonitorManagerJNI - SystemMonitorManager - Collected new counter data
2025-05-10 15:23:11 [pool-2-thread-1] INFO  c.g.y.a.jni.SystemMonitorManagerJNI - SystemMonitorManager - Collected new counter data
2025-05-10 15:23:12 [pool-2-thread-1] INFO  c.g.y.a.jni.SystemMonitorManagerJNI - SystemMonitorManager - Collected new counter data
2025-05-10 15:23:13 [pool-2-thread-1] INFO  c.g.y.a.jni.SystemMonitorManagerJNI - SystemMonitorManager - Collected new counter data
2025-05-10 15:23:14 [pool-2-thread-1] INFO  c.g.y.a.jni.SystemMonitorManagerJNI - SystemMonitorManager - Collected new counter data
2025-05-10 15:23:15 [pool-2-thread-1] INFO  c.g.y.a.jni.SystemMonitorManagerJNI - SystemMonitorManager - Collected new counter data
2025-05-10 15:23:16 [pool-2-thread-1] INFO  c.g.y.a.jni.SystemMonitorManagerJNI - SystemMonitorManager - Collected new counter data
2025-05-10 15:23:17 [pool-2-thread-1] INFO  c.g.y.a.jni.SystemMonitorManagerJNI - SystemMonitorManager - Collected new counter data
2025-05-10 15:23:18 [pool-2-thread-1] INFO  c.g.y.a.jni.SystemMonitorManagerJNI - SystemMonitorManager - Collected new counter data
2025-05-10 15:23:19 [pool-2-thread-1] INFO  c.g.y.a.jni.SystemMonitorManagerJNI - SystemMonitorManager - Collected new counter data
2025-05-10 15:23:20 [pool-2-thread-1] INFO  c.g.y.a.jni.SystemMonitorManagerJNI - SystemMonitorManager - Collected new counter data
2025-05-10 15:23:21 [pool-2-thread-1] INFO  c.g.y.a.jni.SystemMonitorManagerJNI - SystemMonitorManager - Collected new counter data
2025-05-10 15:23:22 [pool-2-thread-1] INFO  c.g.y.a.jni.SystemMonitorManagerJNI - SystemMonitorManager - Collected new counter data
2025-05-10 15:23:23 [pool-2-thread-1] INFO  c.g.y.a.jni.SystemMonitorManagerJNI - SystemMonitorManager - Collected new counter data
2025-05-10 15:23:24 [pool-2-thread-1] INFO  c.g.y.a.jni.SystemMonitorManagerJNI - SystemMonitorManager - Collected new counter data
2025-05-10 15:23:25 [pool-2-thread-1] INFO  c.g.y.a.jni.SystemMonitorManagerJNI - SystemMonitorManager - Collected new counter data
2025-05-10 15:23:26 [pool-2-thread-1] INFO  c.g.y.a.jni.SystemMonitorManagerJNI - SystemMonitorManager - Collected new counter data
2025-05-10 15:23:27 [pool-2-thread-1] INFO  c.g.y.a.jni.SystemMonitorManagerJNI - SystemMonitorManager - Collected new counter data
2025-05-10 15:23:28 [pool-2-thread-1] INFO  c.g.y.a.jni.SystemMonitorManagerJNI - SystemMonitorManager - Collected new counter data
2025-05-10 15:23:29 [pool-2-thread-1] INFO  c.g.y.a.jni.SystemMonitorManagerJNI - SystemMonitorManager - Collected new counter data
2025-05-10 15:23:30 [pool-2-thread-1] INFO  c.g.y.a.jni.SystemMonitorManagerJNI - SystemMonitorManager - Collected new counter data
2025-05-10 15:23:31 [pool-2-thread-1] INFO  c.g.y.a.jni.SystemMonitorManagerJNI - SystemMonitorManager - Collected new counter data
2025-05-10 15:23:32 [pool-2-thread-1] INFO  c.g.y.a.jni.SystemMonitorManagerJNI - SystemMonitorManager - Collected new counter data
2025-05-10 15:23:33 [pool-2-thread-1] INFO  c.g.y.a.jni.SystemMonitorManagerJNI - SystemMonitorManager - Collected new counter data
2025-05-10 15:23:34 [pool-2-thread-1] INFO  c.g.y.a.jni.SystemMonitorManagerJNI - SystemMonitorManager - Collected new counter data
2025-05-10 15:23:35 [pool-2-thread-1] INFO  c.g.y.a.jni.SystemMonitorManagerJNI - SystemMonitorManager - Collected new counter data
2025-05-10 15:23:36 [pool-2-thread-1] INFO  c.g.y.a.jni.SystemMonitorManagerJNI - SystemMonitorManager - Collected new counter data
2025-05-10 15:23:37 [pool-2-thread-1] INFO  c.g.y.a.jni.SystemMonitorManagerJNI - SystemMonitorManager - Collected new counter data
2025-05-10 15:23:38 [pool-2-thread-1] INFO  c.g.y.a.jni.SystemMonitorManagerJNI - SystemMonitorManager - Collected new counter data
2025-05-10 15:23:39 [pool-2-thread-1] INFO  c.g.y.a.jni.SystemMonitorManagerJNI - SystemMonitorManager - Collected new counter data
2025-05-10 15:23:40 [pool-2-thread-1] INFO  c.g.y.a.jni.SystemMonitorManagerJNI - SystemMonitorManager - Collected new counter data
2025-05-10 15:23:41 [pool-2-thread-1] INFO  c.g.y.a.jni.SystemMonitorManagerJNI - SystemMonitorManager - Collected new counter data
2025-05-10 15:23:42 [pool-2-thread-1] INFO  c.g.y.a.jni.SystemMonitorManagerJNI - SystemMonitorManager - Collected new counter data
2025-05-10 15:23:43 [pool-2-thread-1] INFO  c.g.y.a.jni.SystemMonitorManagerJNI - SystemMonitorManager - Collected new counter data
2025-05-10 15:23:44 [pool-2-thread-1] INFO  c.g.y.a.jni.SystemMonitorManagerJNI - SystemMonitorManager - Collected new counter data
2025-05-10 15:23:45 [pool-2-thread-1] INFO  c.g.y.a.jni.SystemMonitorManagerJNI - SystemMonitorManager - Collected new counter data
2025-05-10 15:23:46 [pool-2-thread-1] INFO  c.g.y.a.jni.SystemMonitorManagerJNI - SystemMonitorManager - Collected new counter data
2025-05-10 15:23:47 [pool-2-thread-1] INFO  c.g.y.a.jni.SystemMonitorManagerJNI - SystemMonitorManager - Collected new counter data
2025-05-10 15:23:48 [pool-2-thread-1] INFO  c.g.y.a.jni.SystemMonitorManagerJNI - SystemMonitorManager - Collected new counter data
2025-05-10 15:23:49 [pool-2-thread-1] INFO  c.g.y.a.jni.SystemMonitorManagerJNI - SystemMonitorManager - Collected new counter data
2025-05-10 15:23:50 [pool-2-thread-1] INFO  c.g.y.a.jni.SystemMonitorManagerJNI - SystemMonitorManager - Collected new counter data
2025-05-10 15:23:51 [pool-2-thread-1] INFO  c.g.y.a.jni.SystemMonitorManagerJNI - SystemMonitorManager - Collected new counter data
2025-05-10 15:23:52 [pool-2-thread-1] INFO  c.g.y.a.jni.SystemMonitorManagerJNI - SystemMonitorManager - Collected new counter data
2025-05-10 15:23:53 [pool-2-thread-1] INFO  c.g.y.a.jni.SystemMonitorManagerJNI - SystemMonitorManager - Collected new counter data
2025-05-10 15:23:54 [pool-2-thread-1] INFO  c.g.y.a.jni.SystemMonitorManagerJNI - SystemMonitorManager - Collected new counter data
2025-05-10 15:23:55 [pool-2-thread-1] INFO  c.g.y.a.jni.SystemMonitorManagerJNI - SystemMonitorManager - Collected new counter data
2025-05-10 15:23:56 [pool-2-thread-1] INFO  c.g.y.a.jni.SystemMonitorManagerJNI - SystemMonitorManager - Collected new counter data
2025-05-10 15:23:57 [pool-2-thread-1] INFO  c.g.y.a.jni.SystemMonitorManagerJNI - SystemMonitorManager - Collected new counter data
2025-05-10 15:23:58 [pool-2-thread-1] INFO  c.g.y.a.jni.SystemMonitorManagerJNI - SystemMonitorManager - Collected new counter data
2025-05-10 15:23:59 [pool-2-thread-1] INFO  c.g.y.a.jni.SystemMonitorManagerJNI - SystemMonitorManager - Collected new counter data
2025-05-10 15:24:00 [pool-2-thread-1] INFO  c.g.y.a.jni.SystemMonitorManagerJNI - SystemMonitorManager - Collected new counter data
2025-05-10 15:24:01 [pool-2-thread-1] INFO  c.g.y.a.jni.SystemMonitorManagerJNI - SystemMonitorManager - Collected new counter data
2025-05-10 15:24:02 [pool-2-thread-1] INFO  c.g.y.a.jni.SystemMonitorManagerJNI - SystemMonitorManager - Collected new counter data
2025-05-10 15:24:03 [pool-2-thread-1] INFO  c.g.y.a.jni.SystemMonitorManagerJNI - SystemMonitorManager - Collected new counter data
2025-05-10 15:24:04 [pool-2-thread-1] INFO  c.g.y.a.jni.SystemMonitorManagerJNI - SystemMonitorManager - Collected new counter data
2025-05-10 15:24:05 [pool-2-thread-1] INFO  c.g.y.a.jni.SystemMonitorManagerJNI - SystemMonitorManager - Collected new counter data
2025-05-10 15:24:06 [pool-2-thread-1] INFO  c.g.y.a.jni.SystemMonitorManagerJNI - SystemMonitorManager - Collected new counter data
2025-05-10 15:24:07 [pool-2-thread-1] INFO  c.g.y.a.jni.SystemMonitorManagerJNI - SystemMonitorManager - Collected new counter data
2025-05-10 15:24:08 [pool-2-thread-1] INFO  c.g.y.a.jni.SystemMonitorManagerJNI - SystemMonitorManager - Collected new counter data
2025-05-10 15:24:09 [pool-2-thread-1] INFO  c.g.y.a.jni.SystemMonitorManagerJNI - SystemMonitorManager - Collected new counter data
2025-05-10 15:24:10 [pool-2-thread-1] INFO  c.g.y.a.jni.SystemMonitorManagerJNI - SystemMonitorManager - Collected new counter data
2025-05-10 15:24:11 [pool-2-thread-1] INFO  c.g.y.a.jni.SystemMonitorManagerJNI - SystemMonitorManager - Collected new counter data
2025-05-10 15:24:12 [pool-2-thread-1] INFO  c.g.y.a.jni.SystemMonitorManagerJNI - SystemMonitorManager - Collected new counter data
2025-05-10 15:24:13 [pool-2-thread-1] INFO  c.g.y.a.jni.SystemMonitorManagerJNI - SystemMonitorManager - Collected new counter data
2025-05-10 15:24:14 [pool-2-thread-1] INFO  c.g.y.a.jni.SystemMonitorManagerJNI - SystemMonitorManager - Collected new counter data
2025-05-10 15:24:15 [pool-2-thread-1] INFO  c.g.y.a.jni.SystemMonitorManagerJNI - SystemMonitorManager - Collected new counter data
2025-05-10 15:24:16 [pool-2-thread-1] INFO  c.g.y.a.jni.SystemMonitorManagerJNI - SystemMonitorManager - Collected new counter data
2025-05-10 15:24:17 [pool-2-thread-1] INFO  c.g.y.a.jni.SystemMonitorManagerJNI - SystemMonitorManager - Collected new counter data
2025-05-10 15:24:18 [pool-2-thread-1] INFO  c.g.y.a.jni.SystemMonitorManagerJNI - SystemMonitorManager - Collected new counter data
2025-05-10 15:24:19 [pool-2-thread-1] INFO  c.g.y.a.jni.SystemMonitorManagerJNI - SystemMonitorManager - Collected new counter data
2025-05-10 15:24:20 [pool-2-thread-1] INFO  c.g.y.a.jni.SystemMonitorManagerJNI - SystemMonitorManager - Collected new counter data
2025-05-10 15:24:21 [pool-2-thread-1] INFO  c.g.y.a.jni.SystemMonitorManagerJNI - SystemMonitorManager - Collected new counter data
2025-05-10 15:24:22 [pool-2-thread-1] INFO  c.g.y.a.jni.SystemMonitorManagerJNI - SystemMonitorManager - Collected new counter data
2025-05-10 15:24:23 [pool-2-thread-1] INFO  c.g.y.a.jni.SystemMonitorManagerJNI - SystemMonitorManager - Collected new counter data
2025-05-10 15:24:24 [pool-2-thread-1] INFO  c.g.y.a.jni.SystemMonitorManagerJNI - SystemMonitorManager - Collected new counter data
2025-05-10 15:24:25 [pool-2-thread-1] INFO  c.g.y.a.jni.SystemMonitorManagerJNI - SystemMonitorManager - Collected new counter data
2025-05-10 15:24:26 [pool-2-thread-1] INFO  c.g.y.a.jni.SystemMonitorManagerJNI - SystemMonitorManager - Collected new counter data
2025-05-10 15:24:27 [pool-2-thread-1] INFO  c.g.y.a.jni.SystemMonitorManagerJNI - SystemMonitorManager - Collected new counter data
2025-05-10 15:24:28 [pool-2-thread-1] INFO  c.g.y.a.jni.SystemMonitorManagerJNI - SystemMonitorManager - Collected new counter data
2025-05-10 15:24:29 [pool-2-thread-1] INFO  c.g.y.a.jni.SystemMonitorManagerJNI - SystemMonitorManager - Collected new counter data
2025-05-10 15:24:30 [pool-2-thread-1] INFO  c.g.y.a.jni.SystemMonitorManagerJNI - SystemMonitorManager - Collected new counter data
2025-05-10 15:24:31 [pool-2-thread-1] INFO  c.g.y.a.jni.SystemMonitorManagerJNI - SystemMonitorManager - Collected new counter data
2025-05-10 15:24:32 [pool-2-thread-1] INFO  c.g.y.a.jni.SystemMonitorManagerJNI - SystemMonitorManager - Collected new counter data
2025-05-10 15:24:33 [pool-2-thread-1] INFO  c.g.y.a.jni.SystemMonitorManagerJNI - SystemMonitorManager - Collected new counter data
2025-05-10 15:24:34 [pool-2-thread-1] INFO  c.g.y.a.jni.SystemMonitorManagerJNI - SystemMonitorManager - Collected new counter data
2025-05-10 15:24:35 [pool-2-thread-1] INFO  c.g.y.a.jni.SystemMonitorManagerJNI - SystemMonitorManager - Collected new counter data
2025-05-10 15:24:36 [pool-2-thread-1] INFO  c.g.y.a.jni.SystemMonitorManagerJNI - SystemMonitorManager - Collected new counter data
2025-05-10 15:24:37 [pool-2-thread-1] INFO  c.g.y.a.jni.SystemMonitorManagerJNI - SystemMonitorManager - Collected new counter data
2025-05-10 15:24:38 [pool-2-thread-1] INFO  c.g.y.a.jni.SystemMonitorManagerJNI - SystemMonitorManager - Collected new counter data
2025-05-10 15:24:39 [pool-2-thread-1] INFO  c.g.y.a.jni.SystemMonitorManagerJNI - SystemMonitorManager - Collected new counter data
2025-05-10 15:24:40 [pool-2-thread-1] INFO  c.g.y.a.jni.SystemMonitorManagerJNI - SystemMonitorManager - Collected new counter data
2025-05-10 15:24:41 [pool-2-thread-1] INFO  c.g.y.a.jni.SystemMonitorManagerJNI - SystemMonitorManager - Collected new counter data
2025-05-10 15:24:42 [pool-2-thread-1] INFO  c.g.y.a.jni.SystemMonitorManagerJNI - SystemMonitorManager - Collected new counter data
2025-05-10 15:24:43 [pool-2-thread-1] INFO  c.g.y.a.jni.SystemMonitorManagerJNI - SystemMonitorManager - Collected new counter data
2025-05-10 15:24:44 [pool-2-thread-1] INFO  c.g.y.a.jni.SystemMonitorManagerJNI - SystemMonitorManager - Collected new counter data
2025-05-10 15:24:45 [pool-2-thread-1] INFO  c.g.y.a.jni.SystemMonitorManagerJNI - SystemMonitorManager - Collected new counter data
2025-05-10 15:24:46 [pool-2-thread-1] INFO  c.g.y.a.jni.SystemMonitorManagerJNI - SystemMonitorManager - Collected new counter data
2025-05-10 15:24:47 [pool-2-thread-1] INFO  c.g.y.a.jni.SystemMonitorManagerJNI - SystemMonitorManager - Collected new counter data
2025-05-10 15:24:48 [pool-2-thread-1] INFO  c.g.y.a.jni.SystemMonitorManagerJNI - SystemMonitorManager - Collected new counter data
2025-05-10 15:24:49 [pool-2-thread-1] INFO  c.g.y.a.jni.SystemMonitorManagerJNI - SystemMonitorManager - Collected new counter data
2025-05-10 15:24:50 [pool-2-thread-1] INFO  c.g.y.a.jni.SystemMonitorManagerJNI - SystemMonitorManager - Collected new counter data
2025-05-10 15:24:51 [pool-2-thread-1] INFO  c.g.y.a.jni.SystemMonitorManagerJNI - SystemMonitorManager - Collected new counter data
2025-05-10 15:24:52 [pool-2-thread-1] INFO  c.g.y.a.jni.SystemMonitorManagerJNI - SystemMonitorManager - Collected new counter data
2025-05-10 15:24:53 [pool-2-thread-1] INFO  c.g.y.a.jni.SystemMonitorManagerJNI - SystemMonitorManager - Collected new counter data
2025-05-10 15:24:54 [pool-2-thread-1] INFO  c.g.y.a.jni.SystemMonitorManagerJNI - SystemMonitorManager - Collected new counter data
2025-05-10 15:24:55 [pool-2-thread-1] INFO  c.g.y.a.jni.SystemMonitorManagerJNI - SystemMonitorManager - Collected new counter data
2025-05-10 15:24:56 [pool-2-thread-1] INFO  c.g.y.a.jni.SystemMonitorManagerJNI - SystemMonitorManager - Collected new counter data
2025-05-10 15:24:57 [pool-2-thread-1] INFO  c.g.y.a.jni.SystemMonitorManagerJNI - SystemMonitorManager - Collected new counter data
2025-05-10 15:24:58 [pool-2-thread-1] INFO  c.g.y.a.jni.SystemMonitorManagerJNI - SystemMonitorManager - Collected new counter data
2025-05-10 15:24:59 [pool-2-thread-1] INFO  c.g.y.a.jni.SystemMonitorManagerJNI - SystemMonitorManager - Collected new counter data
2025-05-10 15:25:00 [pool-2-thread-1] INFO  c.g.y.a.jni.SystemMonitorManagerJNI - SystemMonitorManager - Collected new counter data
2025-05-10 15:25:01 [pool-2-thread-1] INFO  c.g.y.a.jni.SystemMonitorManagerJNI - SystemMonitorManager - Collected new counter data
2025-05-10 15:25:02 [pool-2-thread-1] INFO  c.g.y.a.jni.SystemMonitorManagerJNI - SystemMonitorManager - Collected new counter data
2025-05-10 15:25:03 [pool-2-thread-1] INFO  c.g.y.a.jni.SystemMonitorManagerJNI - SystemMonitorManager - Collected new counter data
2025-05-10 15:25:04 [pool-2-thread-1] INFO  c.g.y.a.jni.SystemMonitorManagerJNI - SystemMonitorManager - Collected new counter data
2025-05-10 15:25:05 [pool-2-thread-1] INFO  c.g.y.a.jni.SystemMonitorManagerJNI - SystemMonitorManager - Collected new counter data
2025-05-10 15:25:06 [pool-2-thread-1] INFO  c.g.y.a.jni.SystemMonitorManagerJNI - SystemMonitorManager - Collected new counter data
2025-05-10 15:25:07 [pool-2-thread-1] INFO  c.g.y.a.jni.SystemMonitorManagerJNI - SystemMonitorManager - Collected new counter data
2025-05-10 15:25:08 [pool-2-thread-1] INFO  c.g.y.a.jni.SystemMonitorManagerJNI - SystemMonitorManager - Collected new counter data
2025-05-10 15:25:09 [pool-2-thread-1] INFO  c.g.y.a.jni.SystemMonitorManagerJNI - SystemMonitorManager - Collected new counter data
2025-05-10 15:25:10 [pool-2-thread-1] INFO  c.g.y.a.jni.SystemMonitorManagerJNI - SystemMonitorManager - Collected new counter data
2025-05-10 15:25:11 [pool-2-thread-1] INFO  c.g.y.a.jni.SystemMonitorManagerJNI - SystemMonitorManager - Collected new counter data
2025-05-10 15:25:12 [pool-2-thread-1] INFO  c.g.y.a.jni.SystemMonitorManagerJNI - SystemMonitorManager - Collected new counter data
2025-05-10 15:25:13 [pool-2-thread-1] INFO  c.g.y.a.jni.SystemMonitorManagerJNI - SystemMonitorManager - Collected new counter data
2025-05-10 15:25:14 [pool-2-thread-1] INFO  c.g.y.a.jni.SystemMonitorManagerJNI - SystemMonitorManager - Collected new counter data
2025-05-10 15:25:15 [pool-2-thread-1] INFO  c.g.y.a.jni.SystemMonitorManagerJNI - SystemMonitorManager - Collected new counter data
2025-05-10 15:25:16 [pool-2-thread-1] INFO  c.g.y.a.jni.SystemMonitorManagerJNI - SystemMonitorManager - Collected new counter data
2025-05-10 15:25:17 [pool-2-thread-1] INFO  c.g.y.a.jni.SystemMonitorManagerJNI - SystemMonitorManager - Collected new counter data
2025-05-10 15:25:18 [pool-2-thread-1] INFO  c.g.y.a.jni.SystemMonitorManagerJNI - SystemMonitorManager - Collected new counter data
2025-05-10 15:25:19 [pool-2-thread-1] INFO  c.g.y.a.jni.SystemMonitorManagerJNI - SystemMonitorManager - Collected new counter data
2025-05-10 15:25:20 [pool-2-thread-1] INFO  c.g.y.a.jni.SystemMonitorManagerJNI - SystemMonitorManager - Collected new counter data
2025-05-10 15:25:21 [pool-2-thread-1] INFO  c.g.y.a.jni.SystemMonitorManagerJNI - SystemMonitorManager - Collected new counter data
2025-05-10 15:25:22 [pool-2-thread-1] INFO  c.g.y.a.jni.SystemMonitorManagerJNI - SystemMonitorManager - Collected new counter data
2025-05-10 15:25:23 [pool-2-thread-1] INFO  c.g.y.a.jni.SystemMonitorManagerJNI - SystemMonitorManager - Collected new counter data
2025-05-10 15:25:24 [pool-2-thread-1] INFO  c.g.y.a.jni.SystemMonitorManagerJNI - SystemMonitorManager - Collected new counter data
2025-05-10 15:25:25 [pool-2-thread-1] INFO  c.g.y.a.jni.SystemMonitorManagerJNI - SystemMonitorManager - Collected new counter data
2025-05-10 15:25:26 [pool-2-thread-1] INFO  c.g.y.a.jni.SystemMonitorManagerJNI - SystemMonitorManager - Collected new counter data
2025-05-10 15:25:27 [pool-2-thread-1] INFO  c.g.y.a.jni.SystemMonitorManagerJNI - SystemMonitorManager - Collected new counter data
2025-05-10 15:25:28 [pool-2-thread-1] INFO  c.g.y.a.jni.SystemMonitorManagerJNI - SystemMonitorManager - Collected new counter data
2025-05-10 15:25:29 [pool-2-thread-1] INFO  c.g.y.a.jni.SystemMonitorManagerJNI - SystemMonitorManager - Collected new counter data
2025-05-10 15:25:30 [pool-2-thread-1] INFO  c.g.y.a.jni.SystemMonitorManagerJNI - SystemMonitorManager - Collected new counter data
2025-05-10 15:25:31 [pool-2-thread-1] INFO  c.g.y.a.jni.SystemMonitorManagerJNI - SystemMonitorManager - Collected new counter data
2025-05-10 15:25:32 [pool-2-thread-1] INFO  c.g.y.a.jni.SystemMonitorManagerJNI - SystemMonitorManager - Collected new counter data
2025-05-10 15:25:33 [pool-2-thread-1] INFO  c.g.y.a.jni.SystemMonitorManagerJNI - SystemMonitorManager - Collected new counter data
2025-05-10 15:25:34 [pool-2-thread-1] INFO  c.g.y.a.jni.SystemMonitorManagerJNI - SystemMonitorManager - Collected new counter data
2025-05-10 15:25:35 [pool-2-thread-1] INFO  c.g.y.a.jni.SystemMonitorManagerJNI - SystemMonitorManager - Collected new counter data
2025-05-10 15:25:36 [pool-2-thread-1] INFO  c.g.y.a.jni.SystemMonitorManagerJNI - SystemMonitorManager - Collected new counter data
2025-05-10 15:25:37 [pool-2-thread-1] INFO  c.g.y.a.jni.SystemMonitorManagerJNI - SystemMonitorManager - Collected new counter data
2025-05-10 15:25:38 [pool-2-thread-1] INFO  c.g.y.a.jni.SystemMonitorManagerJNI - SystemMonitorManager - Collected new counter data
2025-05-10 15:25:39 [pool-2-thread-1] INFO  c.g.y.a.jni.SystemMonitorManagerJNI - SystemMonitorManager - Collected new counter data
2025-05-10 15:25:40 [pool-2-thread-1] INFO  c.g.y.a.jni.SystemMonitorManagerJNI - SystemMonitorManager - Collected new counter data
2025-05-10 15:25:41 [pool-2-thread-1] INFO  c.g.y.a.jni.SystemMonitorManagerJNI - SystemMonitorManager - Collected new counter data
2025-05-10 15:25:42 [pool-2-thread-1] INFO  c.g.y.a.jni.SystemMonitorManagerJNI - SystemMonitorManager - Collected new counter data
2025-05-10 15:25:43 [pool-2-thread-1] INFO  c.g.y.a.jni.SystemMonitorManagerJNI - SystemMonitorManager - Collected new counter data
2025-05-10 15:25:44 [pool-2-thread-1] INFO  c.g.y.a.jni.SystemMonitorManagerJNI - SystemMonitorManager - Collected new counter data
2025-05-10 15:25:45 [pool-2-thread-1] INFO  c.g.y.a.jni.SystemMonitorManagerJNI - SystemMonitorManager - Collected new counter data
2025-05-10 15:25:46 [pool-2-thread-1] INFO  c.g.y.a.jni.SystemMonitorManagerJNI - SystemMonitorManager - Collected new counter data
2025-05-10 15:25:47 [pool-2-thread-1] INFO  c.g.y.a.jni.SystemMonitorManagerJNI - SystemMonitorManager - Collected new counter data
2025-05-10 15:25:48 [pool-2-thread-1] INFO  c.g.y.a.jni.SystemMonitorManagerJNI - SystemMonitorManager - Collected new counter data
2025-05-10 15:25:49 [pool-2-thread-1] INFO  c.g.y.a.jni.SystemMonitorManagerJNI - SystemMonitorManager - Collected new counter data
2025-05-10 15:25:50 [pool-2-thread-1] INFO  c.g.y.a.jni.SystemMonitorManagerJNI - SystemMonitorManager - Collected new counter data
2025-05-10 15:25:51 [pool-2-thread-1] INFO  c.g.y.a.jni.SystemMonitorManagerJNI - SystemMonitorManager - Collected new counter data
2025-05-10 15:25:52 [pool-2-thread-1] INFO  c.g.y.a.jni.SystemMonitorManagerJNI - SystemMonitorManager - Collected new counter data
2025-05-10 15:25:53 [pool-2-thread-1] INFO  c.g.y.a.jni.SystemMonitorManagerJNI - SystemMonitorManager - Collected new counter data
2025-05-10 15:25:54 [pool-2-thread-1] INFO  c.g.y.a.jni.SystemMonitorManagerJNI - SystemMonitorManager - Collected new counter data
2025-05-10 15:25:55 [pool-2-thread-1] INFO  c.g.y.a.jni.SystemMonitorManagerJNI - SystemMonitorManager - Collected new counter data
2025-05-10 15:25:56 [pool-2-thread-1] INFO  c.g.y.a.jni.SystemMonitorManagerJNI - SystemMonitorManager - Collected new counter data
2025-05-10 15:25:57 [pool-2-thread-1] INFO  c.g.y.a.jni.SystemMonitorManagerJNI - SystemMonitorManager - Collected new counter data
2025-05-10 15:25:58 [pool-2-thread-1] INFO  c.g.y.a.jni.SystemMonitorManagerJNI - SystemMonitorManager - Collected new counter data
2025-05-10 15:25:59 [pool-2-thread-1] INFO  c.g.y.a.jni.SystemMonitorManagerJNI - SystemMonitorManager - Collected new counter data
2025-05-10 15:26:00 [pool-2-thread-1] INFO  c.g.y.a.jni.SystemMonitorManagerJNI - SystemMonitorManager - Collected new counter data
2025-05-10 15:26:01 [pool-2-thread-1] INFO  c.g.y.a.jni.SystemMonitorManagerJNI - SystemMonitorManager - Collected new counter data
2025-05-10 15:26:02 [pool-2-thread-1] INFO  c.g.y.a.jni.SystemMonitorManagerJNI - SystemMonitorManager - Collected new counter data
2025-05-10 15:26:03 [pool-2-thread-1] INFO  c.g.y.a.jni.SystemMonitorManagerJNI - SystemMonitorManager - Collected new counter data
2025-05-10 15:26:04 [pool-2-thread-1] INFO  c.g.y.a.jni.SystemMonitorManagerJNI - SystemMonitorManager - Collected new counter data
2025-05-10 15:26:05 [pool-2-thread-1] INFO  c.g.y.a.jni.SystemMonitorManagerJNI - SystemMonitorManager - Collected new counter data
2025-05-10 15:26:06 [pool-2-thread-1] INFO  c.g.y.a.jni.SystemMonitorManagerJNI - SystemMonitorManager - Collected new counter data
2025-05-10 15:26:07 [pool-2-thread-1] INFO  c.g.y.a.jni.SystemMonitorManagerJNI - SystemMonitorManager - Collected new counter data
2025-05-10 15:26:08 [pool-2-thread-1] INFO  c.g.y.a.jni.SystemMonitorManagerJNI - SystemMonitorManager - Collected new counter data
2025-05-10 15:26:09 [pool-2-thread-1] INFO  c.g.y.a.jni.SystemMonitorManagerJNI - SystemMonitorManager - Collected new counter data
2025-05-10 15:26:10 [pool-2-thread-1] INFO  c.g.y.a.jni.SystemMonitorManagerJNI - SystemMonitorManager - Collected new counter data
2025-05-10 15:26:11 [pool-2-thread-1] INFO  c.g.y.a.jni.SystemMonitorManagerJNI - SystemMonitorManager - Collected new counter data
2025-05-10 15:26:12 [pool-2-thread-1] INFO  c.g.y.a.jni.SystemMonitorManagerJNI - SystemMonitorManager - Collected new counter data
2025-05-10 15:26:13 [pool-2-thread-1] INFO  c.g.y.a.jni.SystemMonitorManagerJNI - SystemMonitorManager - Collected new counter data
2025-05-10 15:26:14 [pool-2-thread-1] INFO  c.g.y.a.jni.SystemMonitorManagerJNI - SystemMonitorManager - Collected new counter data
2025-05-10 15:26:15 [pool-2-thread-1] INFO  c.g.y.a.jni.SystemMonitorManagerJNI - SystemMonitorManager - Collected new counter data
2025-05-10 15:26:16 [pool-2-thread-1] INFO  c.g.y.a.jni.SystemMonitorManagerJNI - SystemMonitorManager - Collected new counter data
2025-05-10 15:26:17 [pool-2-thread-1] INFO  c.g.y.a.jni.SystemMonitorManagerJNI - SystemMonitorManager - Collected new counter data
2025-05-10 15:26:18 [pool-2-thread-1] INFO  c.g.y.a.jni.SystemMonitorManagerJNI - SystemMonitorManager - Collected new counter data
2025-05-10 15:26:19 [pool-2-thread-1] INFO  c.g.y.a.jni.SystemMonitorManagerJNI - SystemMonitorManager - Collected new counter data
2025-05-10 15:26:20 [pool-2-thread-1] INFO  c.g.y.a.jni.SystemMonitorManagerJNI - SystemMonitorManager - Collected new counter data
2025-05-10 15:26:21 [pool-2-thread-1] INFO  c.g.y.a.jni.SystemMonitorManagerJNI - SystemMonitorManager - Collected new counter data
2025-05-10 15:26:22 [pool-2-thread-1] INFO  c.g.y.a.jni.SystemMonitorManagerJNI - SystemMonitorManager - Collected new counter data
2025-05-10 15:26:23 [pool-2-thread-1] INFO  c.g.y.a.jni.SystemMonitorManagerJNI - SystemMonitorManager - Collected new counter data
2025-05-10 15:26:24 [pool-2-thread-1] INFO  c.g.y.a.jni.SystemMonitorManagerJNI - SystemMonitorManager - Collected new counter data
2025-05-10 15:26:25 [pool-2-thread-1] INFO  c.g.y.a.jni.SystemMonitorManagerJNI - SystemMonitorManager - Collected new counter data
2025-05-10 15:26:26 [pool-2-thread-1] INFO  c.g.y.a.jni.SystemMonitorManagerJNI - SystemMonitorManager - Collected new counter data
2025-05-10 15:26:27 [pool-2-thread-1] INFO  c.g.y.a.jni.SystemMonitorManagerJNI - SystemMonitorManager - Collected new counter data
2025-05-10 15:26:28 [pool-2-thread-1] INFO  c.g.y.a.jni.SystemMonitorManagerJNI - SystemMonitorManager - Collected new counter data
2025-05-10 15:26:29 [pool-2-thread-1] INFO  c.g.y.a.jni.SystemMonitorManagerJNI - SystemMonitorManager - Collected new counter data
2025-05-10 15:26:30 [pool-2-thread-1] INFO  c.g.y.a.jni.SystemMonitorManagerJNI - SystemMonitorManager - Collected new counter data
2025-05-10 15:26:31 [pool-2-thread-1] INFO  c.g.y.a.jni.SystemMonitorManagerJNI - SystemMonitorManager - Collected new counter data
2025-05-10 15:26:32 [pool-2-thread-1] INFO  c.g.y.a.jni.SystemMonitorManagerJNI - SystemMonitorManager - Collected new counter data
2025-05-10 15:26:33 [pool-2-thread-1] INFO  c.g.y.a.jni.SystemMonitorManagerJNI - SystemMonitorManager - Collected new counter data
2025-05-10 15:26:34 [pool-2-thread-1] INFO  c.g.y.a.jni.SystemMonitorManagerJNI - SystemMonitorManager - Collected new counter data
2025-05-10 15:26:35 [pool-2-thread-1] INFO  c.g.y.a.jni.SystemMonitorManagerJNI - SystemMonitorManager - Collected new counter data
2025-05-10 15:26:36 [pool-2-thread-1] INFO  c.g.y.a.jni.SystemMonitorManagerJNI - SystemMonitorManager - Collected new counter data
2025-05-10 15:26:37 [pool-2-thread-1] INFO  c.g.y.a.jni.SystemMonitorManagerJNI - SystemMonitorManager - Collected new counter data
2025-05-10 15:26:38 [pool-2-thread-1] INFO  c.g.y.a.jni.SystemMonitorManagerJNI - SystemMonitorManager - Collected new counter data
2025-05-10 15:26:39 [pool-2-thread-1] INFO  c.g.y.a.jni.SystemMonitorManagerJNI - SystemMonitorManager - Collected new counter data
2025-05-10 15:26:40 [pool-2-thread-1] INFO  c.g.y.a.jni.SystemMonitorManagerJNI - SystemMonitorManager - Collected new counter data
2025-05-10 15:26:41 [pool-2-thread-1] INFO  c.g.y.a.jni.SystemMonitorManagerJNI - SystemMonitorManager - Collected new counter data
2025-05-10 15:26:42 [pool-2-thread-1] INFO  c.g.y.a.jni.SystemMonitorManagerJNI - SystemMonitorManager - Collected new counter data
2025-05-10 15:26:43 [pool-2-thread-1] INFO  c.g.y.a.jni.SystemMonitorManagerJNI - SystemMonitorManager - Collected new counter data
2025-05-10 15:26:44 [pool-2-thread-1] INFO  c.g.y.a.jni.SystemMonitorManagerJNI - SystemMonitorManager - Collected new counter data
2025-05-10 15:26:45 [pool-2-thread-1] INFO  c.g.y.a.jni.SystemMonitorManagerJNI - SystemMonitorManager - Collected new counter data
2025-05-10 15:26:46 [pool-2-thread-1] INFO  c.g.y.a.jni.SystemMonitorManagerJNI - SystemMonitorManager - Collected new counter data
2025-05-10 15:26:47 [pool-2-thread-1] INFO  c.g.y.a.jni.SystemMonitorManagerJNI - SystemMonitorManager - Collected new counter data
2025-05-10 15:26:48 [pool-2-thread-1] INFO  c.g.y.a.jni.SystemMonitorManagerJNI - SystemMonitorManager - Collected new counter data
2025-05-10 15:26:49 [pool-2-thread-1] INFO  c.g.y.a.jni.SystemMonitorManagerJNI - SystemMonitorManager - Collected new counter data
2025-05-10 15:26:50 [pool-2-thread-1] INFO  c.g.y.a.jni.SystemMonitorManagerJNI - SystemMonitorManager - Collected new counter data
2025-05-10 15:26:51 [pool-2-thread-1] INFO  c.g.y.a.jni.SystemMonitorManagerJNI - SystemMonitorManager - Collected new counter data
2025-05-10 15:26:52 [pool-2-thread-1] INFO  c.g.y.a.jni.SystemMonitorManagerJNI - SystemMonitorManager - Collected new counter data
2025-05-10 15:26:53 [pool-2-thread-1] INFO  c.g.y.a.jni.SystemMonitorManagerJNI - SystemMonitorManager - Collected new counter data
2025-05-10 15:26:54 [pool-2-thread-1] INFO  c.g.y.a.jni.SystemMonitorManagerJNI - SystemMonitorManager - Collected new counter data
2025-05-10 15:26:55 [pool-2-thread-1] INFO  c.g.y.a.jni.SystemMonitorManagerJNI - SystemMonitorManager - Collected new counter data
2025-05-10 15:26:56 [pool-2-thread-1] INFO  c.g.y.a.jni.SystemMonitorManagerJNI - SystemMonitorManager - Collected new counter data
2025-05-10 15:26:57 [pool-2-thread-1] INFO  c.g.y.a.jni.SystemMonitorManagerJNI - SystemMonitorManager - Collected new counter data
2025-05-10 15:26:58 [pool-2-thread-1] INFO  c.g.y.a.jni.SystemMonitorManagerJNI - SystemMonitorManager - Collected new counter data
2025-05-10 15:26:59 [pool-2-thread-1] INFO  c.g.y.a.jni.SystemMonitorManagerJNI - SystemMonitorManager - Collected new counter data
2025-05-10 15:27:00 [pool-2-thread-1] INFO  c.g.y.a.jni.SystemMonitorManagerJNI - SystemMonitorManager - Collected new counter data
2025-05-10 15:27:01 [pool-2-thread-1] INFO  c.g.y.a.jni.SystemMonitorManagerJNI - SystemMonitorManager - Collected new counter data
2025-05-10 15:27:02 [pool-2-thread-1] INFO  c.g.y.a.jni.SystemMonitorManagerJNI - SystemMonitorManager - Collected new counter data
2025-05-10 15:27:03 [pool-2-thread-1] INFO  c.g.y.a.jni.SystemMonitorManagerJNI - SystemMonitorManager - Collected new counter data
2025-05-10 15:27:04 [pool-2-thread-1] INFO  c.g.y.a.jni.SystemMonitorManagerJNI - SystemMonitorManager - Collected new counter data
2025-05-10 15:27:05 [pool-2-thread-1] INFO  c.g.y.a.jni.SystemMonitorManagerJNI - SystemMonitorManager - Collected new counter data
2025-05-10 15:27:06 [pool-2-thread-1] INFO  c.g.y.a.jni.SystemMonitorManagerJNI - SystemMonitorManager - Collected new counter data
2025-05-10 15:27:07 [pool-2-thread-1] INFO  c.g.y.a.jni.SystemMonitorManagerJNI - SystemMonitorManager - Collected new counter data
2025-05-10 15:27:08 [pool-2-thread-1] INFO  c.g.y.a.jni.SystemMonitorManagerJNI - SystemMonitorManager - Collected new counter data
2025-05-10 15:27:09 [pool-2-thread-1] INFO  c.g.y.a.jni.SystemMonitorManagerJNI - SystemMonitorManager - Collected new counter data
2025-05-10 15:27:10 [pool-2-thread-1] INFO  c.g.y.a.jni.SystemMonitorManagerJNI - SystemMonitorManager - Collected new counter data
2025-05-10 15:27:11 [pool-2-thread-1] INFO  c.g.y.a.jni.SystemMonitorManagerJNI - SystemMonitorManager - Collected new counter data
2025-05-10 15:27:12 [pool-2-thread-1] INFO  c.g.y.a.jni.SystemMonitorManagerJNI - SystemMonitorManager - Collected new counter data
2025-05-10 15:27:13 [pool-2-thread-1] INFO  c.g.y.a.jni.SystemMonitorManagerJNI - SystemMonitorManager - Collected new counter data
2025-05-10 15:27:14 [pool-2-thread-1] INFO  c.g.y.a.jni.SystemMonitorManagerJNI - SystemMonitorManager - Collected new counter data
2025-05-10 15:27:15 [pool-2-thread-1] INFO  c.g.y.a.jni.SystemMonitorManagerJNI - SystemMonitorManager - Collected new counter data
2025-05-10 15:27:16 [pool-2-thread-1] INFO  c.g.y.a.jni.SystemMonitorManagerJNI - SystemMonitorManager - Collected new counter data
2025-05-10 15:27:17 [pool-2-thread-1] INFO  c.g.y.a.jni.SystemMonitorManagerJNI - SystemMonitorManager - Collected new counter data
2025-05-10 15:27:18 [pool-2-thread-1] INFO  c.g.y.a.jni.SystemMonitorManagerJNI - SystemMonitorManager - Collected new counter data
2025-05-10 15:27:19 [pool-2-thread-1] INFO  c.g.y.a.jni.SystemMonitorManagerJNI - SystemMonitorManager - Collected new counter data
2025-05-10 15:27:20 [pool-2-thread-1] INFO  c.g.y.a.jni.SystemMonitorManagerJNI - SystemMonitorManager - Collected new counter data
2025-05-10 15:27:21 [pool-2-thread-1] INFO  c.g.y.a.jni.SystemMonitorManagerJNI - SystemMonitorManager - Collected new counter data
2025-05-10 15:27:22 [pool-2-thread-1] INFO  c.g.y.a.jni.SystemMonitorManagerJNI - SystemMonitorManager - Collected new counter data
2025-05-10 15:27:23 [pool-2-thread-1] INFO  c.g.y.a.jni.SystemMonitorManagerJNI - SystemMonitorManager - Collected new counter data
2025-05-10 15:27:24 [pool-2-thread-1] INFO  c.g.y.a.jni.SystemMonitorManagerJNI - SystemMonitorManager - Collected new counter data
2025-05-10 15:27:25 [pool-2-thread-1] INFO  c.g.y.a.jni.SystemMonitorManagerJNI - SystemMonitorManager - Collected new counter data
2025-05-10 15:27:26 [pool-2-thread-1] INFO  c.g.y.a.jni.SystemMonitorManagerJNI - SystemMonitorManager - Collected new counter data
2025-05-10 15:27:27 [pool-2-thread-1] INFO  c.g.y.a.jni.SystemMonitorManagerJNI - SystemMonitorManager - Collected new counter data
2025-05-10 15:27:28 [pool-2-thread-1] INFO  c.g.y.a.jni.SystemMonitorManagerJNI - SystemMonitorManager - Collected new counter data
2025-05-10 15:27:29 [pool-2-thread-1] INFO  c.g.y.a.jni.SystemMonitorManagerJNI - SystemMonitorManager - Collected new counter data
2025-05-10 15:27:30 [pool-2-thread-1] INFO  c.g.y.a.jni.SystemMonitorManagerJNI - SystemMonitorManager - Collected new counter data
2025-05-10 15:27:31 [pool-2-thread-1] INFO  c.g.y.a.jni.SystemMonitorManagerJNI - SystemMonitorManager - Collected new counter data
2025-05-10 15:27:32 [pool-2-thread-1] INFO  c.g.y.a.jni.SystemMonitorManagerJNI - SystemMonitorManager - Collected new counter data
2025-05-10 15:27:33 [pool-2-thread-1] INFO  c.g.y.a.jni.SystemMonitorManagerJNI - SystemMonitorManager - Collected new counter data
2025-05-10 15:27:34 [pool-2-thread-1] INFO  c.g.y.a.jni.SystemMonitorManagerJNI - SystemMonitorManager - Collected new counter data
2025-05-10 15:27:35 [pool-2-thread-1] INFO  c.g.y.a.jni.SystemMonitorManagerJNI - SystemMonitorManager - Collected new counter data
2025-05-10 15:27:36 [pool-2-thread-1] INFO  c.g.y.a.jni.SystemMonitorManagerJNI - SystemMonitorManager - Collected new counter data
2025-05-10 15:27:37 [pool-2-thread-1] INFO  c.g.y.a.jni.SystemMonitorManagerJNI - SystemMonitorManager - Collected new counter data
2025-05-10 15:27:38 [pool-2-thread-1] INFO  c.g.y.a.jni.SystemMonitorManagerJNI - SystemMonitorManager - Collected new counter data
2025-05-10 15:27:39 [pool-2-thread-1] INFO  c.g.y.a.jni.SystemMonitorManagerJNI - SystemMonitorManager - Collected new counter data
2025-05-10 15:27:40 [pool-2-thread-1] INFO  c.g.y.a.jni.SystemMonitorManagerJNI - SystemMonitorManager - Collected new counter data
2025-05-10 15:27:41 [pool-2-thread-1] INFO  c.g.y.a.jni.SystemMonitorManagerJNI - SystemMonitorManager - Collected new counter data
2025-05-10 15:27:42 [pool-2-thread-1] INFO  c.g.y.a.jni.SystemMonitorManagerJNI - SystemMonitorManager - Collected new counter data
2025-05-10 15:27:43 [pool-2-thread-1] INFO  c.g.y.a.jni.SystemMonitorManagerJNI - SystemMonitorManager - Collected new counter data
2025-05-10 15:27:44 [pool-2-thread-1] INFO  c.g.y.a.jni.SystemMonitorManagerJNI - SystemMonitorManager - Collected new counter data
2025-05-10 15:27:45 [pool-2-thread-1] INFO  c.g.y.a.jni.SystemMonitorManagerJNI - SystemMonitorManager - Collected new counter data
2025-05-10 15:27:46 [pool-2-thread-1] INFO  c.g.y.a.jni.SystemMonitorManagerJNI - SystemMonitorManager - Collected new counter data
2025-05-10 15:27:47 [pool-2-thread-1] INFO  c.g.y.a.jni.SystemMonitorManagerJNI - SystemMonitorManager - Collected new counter data
2025-05-10 15:27:48 [pool-2-thread-1] INFO  c.g.y.a.jni.SystemMonitorManagerJNI - SystemMonitorManager - Collected new counter data
2025-05-10 15:27:49 [pool-2-thread-1] INFO  c.g.y.a.jni.SystemMonitorManagerJNI - SystemMonitorManager - Collected new counter data
2025-05-10 15:27:50 [pool-2-thread-1] INFO  c.g.y.a.jni.SystemMonitorManagerJNI - SystemMonitorManager - Collected new counter data
2025-05-10 15:27:51 [pool-2-thread-1] INFO  c.g.y.a.jni.SystemMonitorManagerJNI - SystemMonitorManager - Collected new counter data
2025-05-10 15:27:52 [pool-2-thread-1] INFO  c.g.y.a.jni.SystemMonitorManagerJNI - SystemMonitorManager - Collected new counter data
2025-05-10 15:27:53 [pool-2-thread-1] INFO  c.g.y.a.jni.SystemMonitorManagerJNI - SystemMonitorManager - Collected new counter data
2025-05-10 15:27:54 [pool-2-thread-1] INFO  c.g.y.a.jni.SystemMonitorManagerJNI - SystemMonitorManager - Collected new counter data
2025-05-10 15:27:55 [pool-2-thread-1] INFO  c.g.y.a.jni.SystemMonitorManagerJNI - SystemMonitorManager - Collected new counter data
2025-05-10 15:27:56 [pool-2-thread-1] INFO  c.g.y.a.jni.SystemMonitorManagerJNI - SystemMonitorManager - Collected new counter data
2025-05-10 15:27:57 [pool-2-thread-1] INFO  c.g.y.a.jni.SystemMonitorManagerJNI - SystemMonitorManager - Collected new counter data
2025-05-10 15:27:58 [pool-2-thread-1] INFO  c.g.y.a.jni.SystemMonitorManagerJNI - SystemMonitorManager - Collected new counter data
2025-05-10 15:27:59 [pool-2-thread-1] INFO  c.g.y.a.jni.SystemMonitorManagerJNI - SystemMonitorManager - Collected new counter data
2025-05-10 15:28:00 [pool-2-thread-1] INFO  c.g.y.a.jni.SystemMonitorManagerJNI - SystemMonitorManager - Collected new counter data
2025-05-10 15:28:01 [pool-2-thread-1] INFO  c.g.y.a.jni.SystemMonitorManagerJNI - SystemMonitorManager - Collected new counter data
2025-05-10 15:28:02 [pool-2-thread-1] INFO  c.g.y.a.jni.SystemMonitorManagerJNI - SystemMonitorManager - Collected new counter data
2025-05-10 15:28:03 [pool-2-thread-1] INFO  c.g.y.a.jni.SystemMonitorManagerJNI - SystemMonitorManager - Collected new counter data
2025-05-10 15:28:04 [pool-2-thread-1] INFO  c.g.y.a.jni.SystemMonitorManagerJNI - SystemMonitorManager - Collected new counter data
2025-05-10 15:28:05 [pool-2-thread-1] INFO  c.g.y.a.jni.SystemMonitorManagerJNI - SystemMonitorManager - Collected new counter data
2025-05-10 15:28:06 [pool-2-thread-1] INFO  c.g.y.a.jni.SystemMonitorManagerJNI - SystemMonitorManager - Collected new counter data
2025-05-10 15:28:07 [pool-2-thread-1] INFO  c.g.y.a.jni.SystemMonitorManagerJNI - SystemMonitorManager - Collected new counter data
2025-05-10 15:28:08 [pool-2-thread-1] INFO  c.g.y.a.jni.SystemMonitorManagerJNI - SystemMonitorManager - Collected new counter data
2025-05-10 15:28:09 [pool-2-thread-1] INFO  c.g.y.a.jni.SystemMonitorManagerJNI - SystemMonitorManager - Collected new counter data
2025-05-10 15:28:10 [pool-2-thread-1] INFO  c.g.y.a.jni.SystemMonitorManagerJNI - SystemMonitorManager - Collected new counter data
2025-05-10 15:28:11 [pool-2-thread-1] INFO  c.g.y.a.jni.SystemMonitorManagerJNI - SystemMonitorManager - Collected new counter data
2025-05-10 15:28:12 [pool-2-thread-1] INFO  c.g.y.a.jni.SystemMonitorManagerJNI - SystemMonitorManager - Collected new counter data
2025-05-10 15:28:13 [pool-2-thread-1] INFO  c.g.y.a.jni.SystemMonitorManagerJNI - SystemMonitorManager - Collected new counter data
2025-05-10 15:28:14 [pool-2-thread-1] INFO  c.g.y.a.jni.SystemMonitorManagerJNI - SystemMonitorManager - Collected new counter data
2025-05-10 15:28:15 [pool-2-thread-1] INFO  c.g.y.a.jni.SystemMonitorManagerJNI - SystemMonitorManager - Collected new counter data
2025-05-10 15:28:16 [pool-2-thread-1] INFO  c.g.y.a.jni.SystemMonitorManagerJNI - SystemMonitorManager - Collected new counter data
2025-05-10 15:28:17 [pool-2-thread-1] INFO  c.g.y.a.jni.SystemMonitorManagerJNI - SystemMonitorManager - Collected new counter data
2025-05-10 15:28:18 [pool-2-thread-1] INFO  c.g.y.a.jni.SystemMonitorManagerJNI - SystemMonitorManager - Collected new counter data
2025-05-10 15:28:19 [pool-2-thread-1] INFO  c.g.y.a.jni.SystemMonitorManagerJNI - SystemMonitorManager - Collected new counter data
2025-05-10 15:28:20 [pool-2-thread-1] INFO  c.g.y.a.jni.SystemMonitorManagerJNI - SystemMonitorManager - Collected new counter data
2025-05-10 15:28:21 [pool-2-thread-1] INFO  c.g.y.a.jni.SystemMonitorManagerJNI - SystemMonitorManager - Collected new counter data
2025-05-10 15:28:22 [pool-2-thread-1] INFO  c.g.y.a.jni.SystemMonitorManagerJNI - SystemMonitorManager - Collected new counter data
2025-05-10 15:28:23 [pool-2-thread-1] INFO  c.g.y.a.jni.SystemMonitorManagerJNI - SystemMonitorManager - Collected new counter data
2025-05-10 15:28:24 [pool-2-thread-1] INFO  c.g.y.a.jni.SystemMonitorManagerJNI - SystemMonitorManager - Collected new counter data
2025-05-10 15:28:25 [pool-2-thread-1] INFO  c.g.y.a.jni.SystemMonitorManagerJNI - SystemMonitorManager - Collected new counter data
2025-05-10 15:28:26 [pool-2-thread-1] INFO  c.g.y.a.jni.SystemMonitorManagerJNI - SystemMonitorManager - Collected new counter data
2025-05-10 15:28:27 [pool-2-thread-1] INFO  c.g.y.a.jni.SystemMonitorManagerJNI - SystemMonitorManager - Collected new counter data
2025-05-10 15:28:28 [pool-2-thread-1] INFO  c.g.y.a.jni.SystemMonitorManagerJNI - SystemMonitorManager - Collected new counter data
2025-05-10 15:28:29 [pool-2-thread-1] INFO  c.g.y.a.jni.SystemMonitorManagerJNI - SystemMonitorManager - Collected new counter data
2025-05-10 15:28:30 [pool-2-thread-1] INFO  c.g.y.a.jni.SystemMonitorManagerJNI - SystemMonitorManager - Collected new counter data
2025-05-10 15:28:31 [pool-2-thread-1] INFO  c.g.y.a.jni.SystemMonitorManagerJNI - SystemMonitorManager - Collected new counter data
2025-05-10 15:28:32 [pool-2-thread-1] INFO  c.g.y.a.jni.SystemMonitorManagerJNI - SystemMonitorManager - Collected new counter data
2025-05-10 15:28:33 [pool-2-thread-1] INFO  c.g.y.a.jni.SystemMonitorManagerJNI - SystemMonitorManager - Collected new counter data
2025-05-10 15:28:34 [pool-2-thread-1] INFO  c.g.y.a.jni.SystemMonitorManagerJNI - SystemMonitorManager - Collected new counter data
2025-05-10 15:28:35 [pool-2-thread-1] INFO  c.g.y.a.jni.SystemMonitorManagerJNI - SystemMonitorManager - Collected new counter data
2025-05-10 15:28:36 [pool-2-thread-1] INFO  c.g.y.a.jni.SystemMonitorManagerJNI - SystemMonitorManager - Collected new counter data
2025-05-10 15:28:37 [pool-2-thread-1] INFO  c.g.y.a.jni.SystemMonitorManagerJNI - SystemMonitorManager - Collected new counter data
2025-05-10 15:28:38 [pool-2-thread-1] INFO  c.g.y.a.jni.SystemMonitorManagerJNI - SystemMonitorManager - Collected new counter data
2025-05-10 15:28:39 [pool-2-thread-1] INFO  c.g.y.a.jni.SystemMonitorManagerJNI - SystemMonitorManager - Collected new counter data
2025-05-10 15:28:40 [pool-2-thread-1] INFO  c.g.y.a.jni.SystemMonitorManagerJNI - SystemMonitorManager - Collected new counter data
2025-05-10 15:28:41 [pool-2-thread-1] INFO  c.g.y.a.jni.SystemMonitorManagerJNI - SystemMonitorManager - Collected new counter data
2025-05-10 15:28:42 [pool-2-thread-1] INFO  c.g.y.a.jni.SystemMonitorManagerJNI - SystemMonitorManager - Collected new counter data
2025-05-10 15:28:43 [pool-2-thread-1] INFO  c.g.y.a.jni.SystemMonitorManagerJNI - SystemMonitorManager - Collected new counter data
2025-05-10 15:28:44 [pool-2-thread-1] INFO  c.g.y.a.jni.SystemMonitorManagerJNI - SystemMonitorManager - Collected new counter data
2025-05-10 15:28:45 [pool-2-thread-1] INFO  c.g.y.a.jni.SystemMonitorManagerJNI - SystemMonitorManager - Collected new counter data
2025-05-10 15:28:46 [pool-2-thread-1] INFO  c.g.y.a.jni.SystemMonitorManagerJNI - SystemMonitorManager - Collected new counter data
2025-05-10 15:28:47 [pool-2-thread-1] INFO  c.g.y.a.jni.SystemMonitorManagerJNI - SystemMonitorManager - Collected new counter data
2025-05-10 15:28:48 [pool-2-thread-1] INFO  c.g.y.a.jni.SystemMonitorManagerJNI - SystemMonitorManager - Collected new counter data
2025-05-10 15:28:49 [pool-2-thread-1] INFO  c.g.y.a.jni.SystemMonitorManagerJNI - SystemMonitorManager - Collected new counter data
2025-05-10 15:28:50 [pool-2-thread-1] INFO  c.g.y.a.jni.SystemMonitorManagerJNI - SystemMonitorManager - Collected new counter data
2025-05-10 15:28:51 [pool-2-thread-1] INFO  c.g.y.a.jni.SystemMonitorManagerJNI - SystemMonitorManager - Collected new counter data
2025-05-10 15:28:52 [pool-2-thread-1] INFO  c.g.y.a.jni.SystemMonitorManagerJNI - SystemMonitorManager - Collected new counter data
2025-05-10 15:28:53 [pool-2-thread-1] INFO  c.g.y.a.jni.SystemMonitorManagerJNI - SystemMonitorManager - Collected new counter data
2025-05-10 15:28:54 [pool-2-thread-1] INFO  c.g.y.a.jni.SystemMonitorManagerJNI - SystemMonitorManager - Collected new counter data
2025-05-10 15:28:55 [pool-2-thread-1] INFO  c.g.y.a.jni.SystemMonitorManagerJNI - SystemMonitorManager - Collected new counter data
2025-05-10 15:28:56 [pool-2-thread-1] INFO  c.g.y.a.jni.SystemMonitorManagerJNI - SystemMonitorManager - Collected new counter data
2025-05-10 15:28:57 [pool-2-thread-1] INFO  c.g.y.a.jni.SystemMonitorManagerJNI - SystemMonitorManager - Collected new counter data
2025-05-10 15:28:58 [pool-2-thread-1] INFO  c.g.y.a.jni.SystemMonitorManagerJNI - SystemMonitorManager - Collected new counter data
2025-05-10 15:28:59 [pool-2-thread-1] INFO  c.g.y.a.jni.SystemMonitorManagerJNI - SystemMonitorManager - Collected new counter data
2025-05-10 15:29:00 [pool-2-thread-1] INFO  c.g.y.a.jni.SystemMonitorManagerJNI - SystemMonitorManager - Collected new counter data
2025-05-10 15:29:01 [pool-2-thread-1] INFO  c.g.y.a.jni.SystemMonitorManagerJNI - SystemMonitorManager - Collected new counter data
2025-05-10 15:29:02 [pool-2-thread-1] INFO  c.g.y.a.jni.SystemMonitorManagerJNI - SystemMonitorManager - Collected new counter data
2025-05-10 15:29:03 [pool-2-thread-1] INFO  c.g.y.a.jni.SystemMonitorManagerJNI - SystemMonitorManager - Collected new counter data
2025-05-10 15:29:04 [pool-2-thread-1] INFO  c.g.y.a.jni.SystemMonitorManagerJNI - SystemMonitorManager - Collected new counter data
2025-05-10 15:29:05 [pool-2-thread-1] INFO  c.g.y.a.jni.SystemMonitorManagerJNI - SystemMonitorManager - Collected new counter data
2025-05-10 15:29:06 [pool-2-thread-1] INFO  c.g.y.a.jni.SystemMonitorManagerJNI - SystemMonitorManager - Collected new counter data
2025-05-10 15:29:07 [pool-2-thread-1] INFO  c.g.y.a.jni.SystemMonitorManagerJNI - SystemMonitorManager - Collected new counter data
2025-05-10 15:29:08 [pool-2-thread-1] INFO  c.g.y.a.jni.SystemMonitorManagerJNI - SystemMonitorManager - Collected new counter data
2025-05-10 15:29:09 [pool-2-thread-1] INFO  c.g.y.a.jni.SystemMonitorManagerJNI - SystemMonitorManager - Collected new counter data
2025-05-10 15:29:10 [pool-2-thread-1] INFO  c.g.y.a.jni.SystemMonitorManagerJNI - SystemMonitorManager - Collected new counter data
2025-05-10 15:29:11 [pool-2-thread-1] INFO  c.g.y.a.jni.SystemMonitorManagerJNI - SystemMonitorManager - Collected new counter data
2025-05-10 15:29:12 [pool-2-thread-1] INFO  c.g.y.a.jni.SystemMonitorManagerJNI - SystemMonitorManager - Collected new counter data
2025-05-10 15:29:13 [pool-2-thread-1] INFO  c.g.y.a.jni.SystemMonitorManagerJNI - SystemMonitorManager - Collected new counter data
2025-05-10 15:29:14 [pool-2-thread-1] INFO  c.g.y.a.jni.SystemMonitorManagerJNI - SystemMonitorManager - Collected new counter data
2025-05-10 15:29:15 [pool-2-thread-1] INFO  c.g.y.a.jni.SystemMonitorManagerJNI - SystemMonitorManager - Collected new counter data
2025-05-10 15:29:16 [pool-2-thread-1] INFO  c.g.y.a.jni.SystemMonitorManagerJNI - SystemMonitorManager - Collected new counter data
2025-05-10 15:29:17 [pool-2-thread-1] INFO  c.g.y.a.jni.SystemMonitorManagerJNI - SystemMonitorManager - Collected new counter data
2025-05-10 15:29:18 [pool-2-thread-1] INFO  c.g.y.a.jni.SystemMonitorManagerJNI - SystemMonitorManager - Collected new counter data
2025-05-10 15:29:19 [pool-2-thread-1] INFO  c.g.y.a.jni.SystemMonitorManagerJNI - SystemMonitorManager - Collected new counter data
2025-05-10 15:29:20 [pool-2-thread-1] INFO  c.g.y.a.jni.SystemMonitorManagerJNI - SystemMonitorManager - Collected new counter data
2025-05-10 15:29:21 [pool-2-thread-1] INFO  c.g.y.a.jni.SystemMonitorManagerJNI - SystemMonitorManager - Collected new counter data
2025-05-10 15:29:22 [pool-2-thread-1] INFO  c.g.y.a.jni.SystemMonitorManagerJNI - SystemMonitorManager - Collected new counter data
2025-05-10 15:29:23 [pool-2-thread-1] INFO  c.g.y.a.jni.SystemMonitorManagerJNI - SystemMonitorManager - Collected new counter data
2025-05-10 15:29:24 [pool-2-thread-1] INFO  c.g.y.a.jni.SystemMonitorManagerJNI - SystemMonitorManager - Collected new counter data
2025-05-10 15:29:25 [pool-2-thread-1] INFO  c.g.y.a.jni.SystemMonitorManagerJNI - SystemMonitorManager - Collected new counter data
2025-05-10 15:29:26 [pool-2-thread-1] INFO  c.g.y.a.jni.SystemMonitorManagerJNI - SystemMonitorManager - Collected new counter data
2025-05-10 15:29:27 [pool-2-thread-1] INFO  c.g.y.a.jni.SystemMonitorManagerJNI - SystemMonitorManager - Collected new counter data
2025-05-10 15:29:28 [pool-2-thread-1] INFO  c.g.y.a.jni.SystemMonitorManagerJNI - SystemMonitorManager - Collected new counter data
2025-05-10 15:29:29 [pool-2-thread-1] INFO  c.g.y.a.jni.SystemMonitorManagerJNI - SystemMonitorManager - Collected new counter data
2025-05-10 15:29:30 [pool-2-thread-1] INFO  c.g.y.a.jni.SystemMonitorManagerJNI - SystemMonitorManager - Collected new counter data
2025-05-10 15:29:31 [pool-2-thread-1] INFO  c.g.y.a.jni.SystemMonitorManagerJNI - SystemMonitorManager - Collected new counter data
2025-05-10 15:29:32 [pool-2-thread-1] INFO  c.g.y.a.jni.SystemMonitorManagerJNI - SystemMonitorManager - Collected new counter data
2025-05-10 15:29:33 [pool-2-thread-1] INFO  c.g.y.a.jni.SystemMonitorManagerJNI - SystemMonitorManager - Collected new counter data
2025-05-10 15:29:34 [pool-2-thread-1] INFO  c.g.y.a.jni.SystemMonitorManagerJNI - SystemMonitorManager - Collected new counter data
2025-05-10 15:29:35 [pool-2-thread-1] INFO  c.g.y.a.jni.SystemMonitorManagerJNI - SystemMonitorManager - Collected new counter data
2025-05-10 15:29:36 [pool-2-thread-1] INFO  c.g.y.a.jni.SystemMonitorManagerJNI - SystemMonitorManager - Collected new counter data
2025-05-10 15:29:37 [pool-2-thread-1] INFO  c.g.y.a.jni.SystemMonitorManagerJNI - SystemMonitorManager - Collected new counter data
2025-05-10 15:29:38 [pool-2-thread-1] INFO  c.g.y.a.jni.SystemMonitorManagerJNI - SystemMonitorManager - Collected new counter data
2025-05-10 15:29:39 [pool-2-thread-1] INFO  c.g.y.a.jni.SystemMonitorManagerJNI - SystemMonitorManager - Collected new counter data
2025-05-10 15:29:40 [pool-2-thread-1] INFO  c.g.y.a.jni.SystemMonitorManagerJNI - SystemMonitorManager - Collected new counter data
2025-05-10 15:29:41 [pool-2-thread-1] INFO  c.g.y.a.jni.SystemMonitorManagerJNI - SystemMonitorManager - Collected new counter data
2025-05-10 15:29:42 [pool-2-thread-1] INFO  c.g.y.a.jni.SystemMonitorManagerJNI - SystemMonitorManager - Collected new counter data
2025-05-10 15:29:43 [pool-2-thread-1] INFO  c.g.y.a.jni.SystemMonitorManagerJNI - SystemMonitorManager - Collected new counter data
2025-05-10 15:29:44 [pool-2-thread-1] INFO  c.g.y.a.jni.SystemMonitorManagerJNI - SystemMonitorManager - Collected new counter data
2025-05-10 15:29:45 [pool-2-thread-1] INFO  c.g.y.a.jni.SystemMonitorManagerJNI - SystemMonitorManager - Collected new counter data
2025-05-10 15:29:46 [pool-2-thread-1] INFO  c.g.y.a.jni.SystemMonitorManagerJNI - SystemMonitorManager - Collected new counter data
2025-05-10 15:29:47 [pool-2-thread-1] INFO  c.g.y.a.jni.SystemMonitorManagerJNI - SystemMonitorManager - Collected new counter data
2025-05-10 15:29:48 [pool-2-thread-1] INFO  c.g.y.a.jni.SystemMonitorManagerJNI - SystemMonitorManager - Collected new counter data
2025-05-10 15:29:49 [pool-2-thread-1] INFO  c.g.y.a.jni.SystemMonitorManagerJNI - SystemMonitorManager - Collected new counter data
2025-05-10 15:29:50 [pool-2-thread-1] INFO  c.g.y.a.jni.SystemMonitorManagerJNI - SystemMonitorManager - Collected new counter data
2025-05-10 15:29:51 [pool-2-thread-1] INFO  c.g.y.a.jni.SystemMonitorManagerJNI - SystemMonitorManager - Collected new counter data
2025-05-10 15:29:52 [pool-2-thread-1] INFO  c.g.y.a.jni.SystemMonitorManagerJNI - SystemMonitorManager - Collected new counter data
2025-05-10 15:29:53 [pool-2-thread-1] INFO  c.g.y.a.jni.SystemMonitorManagerJNI - SystemMonitorManager - Collected new counter data
2025-05-10 15:29:54 [pool-2-thread-1] INFO  c.g.y.a.jni.SystemMonitorManagerJNI - SystemMonitorManager - Collected new counter data
2025-05-10 15:29:55 [pool-2-thread-1] INFO  c.g.y.a.jni.SystemMonitorManagerJNI - SystemMonitorManager - Collected new counter data
2025-05-10 15:29:56 [pool-2-thread-1] INFO  c.g.y.a.jni.SystemMonitorManagerJNI - SystemMonitorManager - Collected new counter data
2025-05-10 15:29:57 [pool-2-thread-1] INFO  c.g.y.a.jni.SystemMonitorManagerJNI - SystemMonitorManager - Collected new counter data
2025-05-10 15:29:58 [pool-2-thread-1] INFO  c.g.y.a.jni.SystemMonitorManagerJNI - SystemMonitorManager - Collected new counter data
2025-05-10 15:29:59 [pool-2-thread-1] INFO  c.g.y.a.jni.SystemMonitorManagerJNI - SystemMonitorManager - Collected new counter data
2025-05-10 15:30:00 [pool-2-thread-1] INFO  c.g.y.a.jni.SystemMonitorManagerJNI - SystemMonitorManager - Collected new counter data
2025-05-10 15:30:01 [pool-2-thread-1] INFO  c.g.y.a.jni.SystemMonitorManagerJNI - SystemMonitorManager - Collected new counter data
2025-05-10 15:30:02 [pool-2-thread-1] INFO  c.g.y.a.jni.SystemMonitorManagerJNI - SystemMonitorManager - Collected new counter data
2025-05-10 15:30:03 [pool-2-thread-1] INFO  c.g.y.a.jni.SystemMonitorManagerJNI - SystemMonitorManager - Collected new counter data
2025-05-10 15:30:04 [pool-2-thread-1] INFO  c.g.y.a.jni.SystemMonitorManagerJNI - SystemMonitorManager - Collected new counter data
2025-05-10 15:30:05 [pool-2-thread-1] INFO  c.g.y.a.jni.SystemMonitorManagerJNI - SystemMonitorManager - Collected new counter data
2025-05-10 15:30:06 [pool-2-thread-1] INFO  c.g.y.a.jni.SystemMonitorManagerJNI - SystemMonitorManager - Collected new counter data
2025-05-10 15:30:07 [pool-2-thread-1] INFO  c.g.y.a.jni.SystemMonitorManagerJNI - SystemMonitorManager - Collected new counter data
2025-05-10 15:30:08 [pool-2-thread-1] INFO  c.g.y.a.jni.SystemMonitorManagerJNI - SystemMonitorManager - Collected new counter data
2025-05-10 15:30:09 [pool-2-thread-1] INFO  c.g.y.a.jni.SystemMonitorManagerJNI - SystemMonitorManager - Collected new counter data
2025-05-10 15:30:10 [pool-2-thread-1] INFO  c.g.y.a.jni.SystemMonitorManagerJNI - SystemMonitorManager - Collected new counter data
2025-05-10 15:30:11 [pool-2-thread-1] INFO  c.g.y.a.jni.SystemMonitorManagerJNI - SystemMonitorManager - Collected new counter data
2025-05-10 15:30:12 [pool-2-thread-1] INFO  c.g.y.a.jni.SystemMonitorManagerJNI - SystemMonitorManager - Collected new counter data
2025-05-10 15:30:13 [pool-2-thread-1] INFO  c.g.y.a.jni.SystemMonitorManagerJNI - SystemMonitorManager - Collected new counter data
2025-05-10 15:30:14 [pool-2-thread-1] INFO  c.g.y.a.jni.SystemMonitorManagerJNI - SystemMonitorManager - Collected new counter data
2025-05-10 15:30:15 [pool-2-thread-1] INFO  c.g.y.a.jni.SystemMonitorManagerJNI - SystemMonitorManager - Collected new counter data
2025-05-10 15:30:16 [pool-2-thread-1] INFO  c.g.y.a.jni.SystemMonitorManagerJNI - SystemMonitorManager - Collected new counter data
2025-05-10 15:30:17 [pool-2-thread-1] INFO  c.g.y.a.jni.SystemMonitorManagerJNI - SystemMonitorManager - Collected new counter data
2025-05-10 15:30:18 [pool-2-thread-1] INFO  c.g.y.a.jni.SystemMonitorManagerJNI - SystemMonitorManager - Collected new counter data
2025-05-10 15:30:19 [pool-2-thread-1] INFO  c.g.y.a.jni.SystemMonitorManagerJNI - SystemMonitorManager - Collected new counter data
2025-05-10 15:30:20 [pool-2-thread-1] INFO  c.g.y.a.jni.SystemMonitorManagerJNI - SystemMonitorManager - Collected new counter data
2025-05-10 15:30:21 [pool-2-thread-1] INFO  c.g.y.a.jni.SystemMonitorManagerJNI - SystemMonitorManager - Collected new counter data
2025-05-10 15:30:22 [pool-2-thread-1] INFO  c.g.y.a.jni.SystemMonitorManagerJNI - SystemMonitorManager - Collected new counter data
2025-05-10 15:30:23 [pool-2-thread-1] INFO  c.g.y.a.jni.SystemMonitorManagerJNI - SystemMonitorManager - Collected new counter data
2025-05-10 15:30:24 [pool-2-thread-1] INFO  c.g.y.a.jni.SystemMonitorManagerJNI - SystemMonitorManager - Collected new counter data
2025-05-10 15:30:25 [pool-2-thread-1] INFO  c.g.y.a.jni.SystemMonitorManagerJNI - SystemMonitorManager - Collected new counter data
2025-05-10 15:30:26 [pool-2-thread-1] INFO  c.g.y.a.jni.SystemMonitorManagerJNI - SystemMonitorManager - Collected new counter data
2025-05-10 15:30:27 [pool-2-thread-1] INFO  c.g.y.a.jni.SystemMonitorManagerJNI - SystemMonitorManager - Collected new counter data
2025-05-10 15:30:28 [pool-2-thread-1] INFO  c.g.y.a.jni.SystemMonitorManagerJNI - SystemMonitorManager - Collected new counter data
2025-05-10 15:30:29 [pool-2-thread-1] INFO  c.g.y.a.jni.SystemMonitorManagerJNI - SystemMonitorManager - Collected new counter data
2025-05-10 15:30:30 [pool-2-thread-1] INFO  c.g.y.a.jni.SystemMonitorManagerJNI - SystemMonitorManager - Collected new counter data
2025-05-10 15:30:31 [pool-2-thread-1] INFO  c.g.y.a.jni.SystemMonitorManagerJNI - SystemMonitorManager - Collected new counter data
2025-05-10 15:30:32 [pool-2-thread-1] INFO  c.g.y.a.jni.SystemMonitorManagerJNI - SystemMonitorManager - Collected new counter data
2025-05-10 15:30:33 [pool-2-thread-1] INFO  c.g.y.a.jni.SystemMonitorManagerJNI - SystemMonitorManager - Collected new counter data
2025-05-10 15:30:34 [pool-2-thread-1] INFO  c.g.y.a.jni.SystemMonitorManagerJNI - SystemMonitorManager - Collected new counter data
2025-05-10 15:30:35 [pool-2-thread-1] INFO  c.g.y.a.jni.SystemMonitorManagerJNI - SystemMonitorManager - Collected new counter data
2025-05-10 15:30:36 [pool-2-thread-1] INFO  c.g.y.a.jni.SystemMonitorManagerJNI - SystemMonitorManager - Collected new counter data
2025-05-10 15:30:37 [pool-2-thread-1] INFO  c.g.y.a.jni.SystemMonitorManagerJNI - SystemMonitorManager - Collected new counter data
2025-05-10 15:30:38 [pool-2-thread-1] INFO  c.g.y.a.jni.SystemMonitorManagerJNI - SystemMonitorManager - Collected new counter data
2025-05-10 15:30:39 [pool-2-thread-1] INFO  c.g.y.a.jni.SystemMonitorManagerJNI - SystemMonitorManager - Collected new counter data
2025-05-10 15:30:40 [pool-2-thread-1] INFO  c.g.y.a.jni.SystemMonitorManagerJNI - SystemMonitorManager - Collected new counter data
2025-05-10 15:30:41 [pool-2-thread-1] INFO  c.g.y.a.jni.SystemMonitorManagerJNI - SystemMonitorManager - Collected new counter data
2025-05-10 15:30:42 [pool-2-thread-1] INFO  c.g.y.a.jni.SystemMonitorManagerJNI - SystemMonitorManager - Collected new counter data
2025-05-10 15:30:43 [pool-2-thread-1] INFO  c.g.y.a.jni.SystemMonitorManagerJNI - SystemMonitorManager - Collected new counter data
2025-05-10 15:30:44 [pool-2-thread-1] INFO  c.g.y.a.jni.SystemMonitorManagerJNI - SystemMonitorManager - Collected new counter data
2025-05-10 15:30:45 [pool-2-thread-1] INFO  c.g.y.a.jni.SystemMonitorManagerJNI - SystemMonitorManager - Collected new counter data
2025-05-10 15:30:46 [pool-2-thread-1] INFO  c.g.y.a.jni.SystemMonitorManagerJNI - SystemMonitorManager - Collected new counter data
2025-05-10 15:30:47 [pool-2-thread-1] INFO  c.g.y.a.jni.SystemMonitorManagerJNI - SystemMonitorManager - Collected new counter data
2025-05-10 15:30:48 [pool-2-thread-1] INFO  c.g.y.a.jni.SystemMonitorManagerJNI - SystemMonitorManager - Collected new counter data
2025-05-10 15:30:49 [pool-2-thread-1] INFO  c.g.y.a.jni.SystemMonitorManagerJNI - SystemMonitorManager - Collected new counter data
2025-05-10 15:30:50 [pool-2-thread-1] INFO  c.g.y.a.jni.SystemMonitorManagerJNI - SystemMonitorManager - Collected new counter data
2025-05-10 15:30:51 [pool-2-thread-1] INFO  c.g.y.a.jni.SystemMonitorManagerJNI - SystemMonitorManager - Collected new counter data
2025-05-10 15:30:52 [pool-2-thread-1] INFO  c.g.y.a.jni.SystemMonitorManagerJNI - SystemMonitorManager - Collected new counter data
2025-05-10 15:30:53 [pool-2-thread-1] INFO  c.g.y.a.jni.SystemMonitorManagerJNI - SystemMonitorManager - Collected new counter data
2025-05-10 15:30:54 [pool-2-thread-1] INFO  c.g.y.a.jni.SystemMonitorManagerJNI - SystemMonitorManager - Collected new counter data
2025-05-10 15:30:55 [pool-2-thread-1] INFO  c.g.y.a.jni.SystemMonitorManagerJNI - SystemMonitorManager - Collected new counter data
2025-05-10 15:30:56 [pool-2-thread-1] INFO  c.g.y.a.jni.SystemMonitorManagerJNI - SystemMonitorManager - Collected new counter data
2025-05-10 15:30:57 [pool-2-thread-1] INFO  c.g.y.a.jni.SystemMonitorManagerJNI - SystemMonitorManager - Collected new counter data
2025-05-10 15:30:58 [pool-2-thread-1] INFO  c.g.y.a.jni.SystemMonitorManagerJNI - SystemMonitorManager - Collected new counter data
2025-05-10 15:30:59 [pool-2-thread-1] INFO  c.g.y.a.jni.SystemMonitorManagerJNI - SystemMonitorManager - Collected new counter data
2025-05-10 15:31:00 [pool-2-thread-1] INFO  c.g.y.a.jni.SystemMonitorManagerJNI - SystemMonitorManager - Collected new counter data
2025-05-10 15:31:01 [pool-2-thread-1] INFO  c.g.y.a.jni.SystemMonitorManagerJNI - SystemMonitorManager - Collected new counter data
2025-05-10 15:31:02 [pool-2-thread-1] INFO  c.g.y.a.jni.SystemMonitorManagerJNI - SystemMonitorManager - Collected new counter data
2025-05-10 15:31:03 [pool-2-thread-1] INFO  c.g.y.a.jni.SystemMonitorManagerJNI - SystemMonitorManager - Collected new counter data
2025-05-10 15:31:04 [pool-2-thread-1] INFO  c.g.y.a.jni.SystemMonitorManagerJNI - SystemMonitorManager - Collected new counter data
2025-05-10 15:31:05 [pool-2-thread-1] INFO  c.g.y.a.jni.SystemMonitorManagerJNI - SystemMonitorManager - Collected new counter data
2025-05-10 15:31:06 [pool-2-thread-1] INFO  c.g.y.a.jni.SystemMonitorManagerJNI - SystemMonitorManager - Collected new counter data
2025-05-10 15:31:07 [pool-2-thread-1] INFO  c.g.y.a.jni.SystemMonitorManagerJNI - SystemMonitorManager - Collected new counter data
2025-05-10 15:31:08 [pool-2-thread-1] INFO  c.g.y.a.jni.SystemMonitorManagerJNI - SystemMonitorManager - Collected new counter data
2025-05-10 15:31:09 [pool-2-thread-1] INFO  c.g.y.a.jni.SystemMonitorManagerJNI - SystemMonitorManager - Collected new counter data
2025-05-10 15:31:10 [pool-2-thread-1] INFO  c.g.y.a.jni.SystemMonitorManagerJNI - SystemMonitorManager - Collected new counter data
2025-05-10 15:31:11 [pool-2-thread-1] INFO  c.g.y.a.jni.SystemMonitorManagerJNI - SystemMonitorManager - Collected new counter data
2025-05-10 15:31:12 [pool-2-thread-1] INFO  c.g.y.a.jni.SystemMonitorManagerJNI - SystemMonitorManager - Collected new counter data
2025-05-10 15:31:13 [pool-2-thread-1] INFO  c.g.y.a.jni.SystemMonitorManagerJNI - SystemMonitorManager - Collected new counter data
2025-05-10 15:31:14 [pool-2-thread-1] INFO  c.g.y.a.jni.SystemMonitorManagerJNI - SystemMonitorManager - Collected new counter data
2025-05-10 15:31:15 [pool-2-thread-1] INFO  c.g.y.a.jni.SystemMonitorManagerJNI - SystemMonitorManager - Collected new counter data
2025-05-10 15:31:16 [pool-2-thread-1] INFO  c.g.y.a.jni.SystemMonitorManagerJNI - SystemMonitorManager - Collected new counter data
2025-05-10 15:31:17 [pool-2-thread-1] INFO  c.g.y.a.jni.SystemMonitorManagerJNI - SystemMonitorManager - Collected new counter data
2025-05-10 15:31:18 [pool-2-thread-1] INFO  c.g.y.a.jni.SystemMonitorManagerJNI - SystemMonitorManager - Collected new counter data
2025-05-10 15:31:19 [pool-2-thread-1] INFO  c.g.y.a.jni.SystemMonitorManagerJNI - SystemMonitorManager - Collected new counter data
2025-05-10 15:31:20 [pool-2-thread-1] INFO  c.g.y.a.jni.SystemMonitorManagerJNI - SystemMonitorManager - Collected new counter data
2025-05-10 15:31:21 [pool-2-thread-1] INFO  c.g.y.a.jni.SystemMonitorManagerJNI - SystemMonitorManager - Collected new counter data
2025-05-10 15:31:22 [pool-2-thread-1] INFO  c.g.y.a.jni.SystemMonitorManagerJNI - SystemMonitorManager - Collected new counter data
2025-05-10 15:31:23 [pool-2-thread-1] INFO  c.g.y.a.jni.SystemMonitorManagerJNI - SystemMonitorManager - Collected new counter data
2025-05-10 15:31:24 [pool-2-thread-1] INFO  c.g.y.a.jni.SystemMonitorManagerJNI - SystemMonitorManager - Collected new counter data
2025-05-10 15:31:25 [pool-2-thread-1] INFO  c.g.y.a.jni.SystemMonitorManagerJNI - SystemMonitorManager - Collected new counter data
2025-05-10 15:31:26 [pool-2-thread-1] INFO  c.g.y.a.jni.SystemMonitorManagerJNI - SystemMonitorManager - Collected new counter data
2025-05-10 15:31:27 [pool-2-thread-1] INFO  c.g.y.a.jni.SystemMonitorManagerJNI - SystemMonitorManager - Collected new counter data
2025-05-10 15:31:28 [pool-2-thread-1] INFO  c.g.y.a.jni.SystemMonitorManagerJNI - SystemMonitorManager - Collected new counter data
2025-05-10 15:31:29 [pool-2-thread-1] INFO  c.g.y.a.jni.SystemMonitorManagerJNI - SystemMonitorManager - Collected new counter data
2025-05-10 15:31:30 [pool-2-thread-1] INFO  c.g.y.a.jni.SystemMonitorManagerJNI - SystemMonitorManager - Collected new counter data
2025-05-10 15:31:31 [pool-2-thread-1] INFO  c.g.y.a.jni.SystemMonitorManagerJNI - SystemMonitorManager - Collected new counter data
2025-05-10 15:31:32 [pool-2-thread-1] INFO  c.g.y.a.jni.SystemMonitorManagerJNI - SystemMonitorManager - Collected new counter data
2025-05-10 15:31:33 [pool-2-thread-1] INFO  c.g.y.a.jni.SystemMonitorManagerJNI - SystemMonitorManager - Collected new counter data
2025-05-10 15:31:34 [pool-2-thread-1] INFO  c.g.y.a.jni.SystemMonitorManagerJNI - SystemMonitorManager - Collected new counter data
2025-05-10 15:31:35 [pool-2-thread-1] INFO  c.g.y.a.jni.SystemMonitorManagerJNI - SystemMonitorManager - Collected new counter data
2025-05-10 15:31:36 [pool-2-thread-1] INFO  c.g.y.a.jni.SystemMonitorManagerJNI - SystemMonitorManager - Collected new counter data
2025-05-10 15:31:37 [pool-2-thread-1] INFO  c.g.y.a.jni.SystemMonitorManagerJNI - SystemMonitorManager - Collected new counter data
2025-05-10 15:31:38 [pool-2-thread-1] INFO  c.g.y.a.jni.SystemMonitorManagerJNI - SystemMonitorManager - Collected new counter data
2025-05-10 15:31:39 [pool-2-thread-1] INFO  c.g.y.a.jni.SystemMonitorManagerJNI - SystemMonitorManager - Collected new counter data
2025-05-10 15:31:40 [pool-2-thread-1] INFO  c.g.y.a.jni.SystemMonitorManagerJNI - SystemMonitorManager - Collected new counter data
2025-05-10 15:31:41 [pool-2-thread-1] INFO  c.g.y.a.jni.SystemMonitorManagerJNI - SystemMonitorManager - Collected new counter data
2025-05-10 15:31:42 [pool-2-thread-1] INFO  c.g.y.a.jni.SystemMonitorManagerJNI - SystemMonitorManager - Collected new counter data
2025-05-10 15:31:43 [pool-2-thread-1] INFO  c.g.y.a.jni.SystemMonitorManagerJNI - SystemMonitorManager - Collected new counter data
2025-05-10 15:31:44 [pool-2-thread-1] INFO  c.g.y.a.jni.SystemMonitorManagerJNI - SystemMonitorManager - Collected new counter data
2025-05-10 15:31:45 [pool-2-thread-1] INFO  c.g.y.a.jni.SystemMonitorManagerJNI - SystemMonitorManager - Collected new counter data
2025-05-10 15:31:46 [pool-2-thread-1] INFO  c.g.y.a.jni.SystemMonitorManagerJNI - SystemMonitorManager - Collected new counter data
2025-05-10 15:31:47 [pool-2-thread-1] INFO  c.g.y.a.jni.SystemMonitorManagerJNI - SystemMonitorManager - Collected new counter data
2025-05-10 15:31:48 [pool-2-thread-1] INFO  c.g.y.a.jni.SystemMonitorManagerJNI - SystemMonitorManager - Collected new counter data
2025-05-10 15:31:49 [pool-2-thread-1] INFO  c.g.y.a.jni.SystemMonitorManagerJNI - SystemMonitorManager - Collected new counter data
2025-05-10 15:31:50 [pool-2-thread-1] INFO  c.g.y.a.jni.SystemMonitorManagerJNI - SystemMonitorManager - Collected new counter data
2025-05-10 15:31:51 [pool-2-thread-1] INFO  c.g.y.a.jni.SystemMonitorManagerJNI - SystemMonitorManager - Collected new counter data
2025-05-10 15:31:52 [pool-2-thread-1] INFO  c.g.y.a.jni.SystemMonitorManagerJNI - SystemMonitorManager - Collected new counter data
2025-05-10 15:31:53 [pool-2-thread-1] INFO  c.g.y.a.jni.SystemMonitorManagerJNI - SystemMonitorManager - Collected new counter data
2025-05-10 15:31:54 [pool-2-thread-1] INFO  c.g.y.a.jni.SystemMonitorManagerJNI - SystemMonitorManager - Collected new counter data
2025-05-10 15:31:55 [pool-2-thread-1] INFO  c.g.y.a.jni.SystemMonitorManagerJNI - SystemMonitorManager - Collected new counter data
2025-05-10 15:31:56 [pool-2-thread-1] INFO  c.g.y.a.jni.SystemMonitorManagerJNI - SystemMonitorManager - Collected new counter data
2025-05-10 15:31:57 [pool-2-thread-1] INFO  c.g.y.a.jni.SystemMonitorManagerJNI - SystemMonitorManager - Collected new counter data
2025-05-10 15:31:58 [pool-2-thread-1] INFO  c.g.y.a.jni.SystemMonitorManagerJNI - SystemMonitorManager - Collected new counter data
2025-05-10 15:31:59 [pool-2-thread-1] INFO  c.g.y.a.jni.SystemMonitorManagerJNI - SystemMonitorManager - Collected new counter data
2025-05-10 15:32:00 [pool-2-thread-1] INFO  c.g.y.a.jni.SystemMonitorManagerJNI - SystemMonitorManager - Collected new counter data
2025-05-10 15:32:01 [pool-2-thread-1] INFO  c.g.y.a.jni.SystemMonitorManagerJNI - SystemMonitorManager - Collected new counter data
2025-05-10 15:32:02 [pool-2-thread-1] INFO  c.g.y.a.jni.SystemMonitorManagerJNI - SystemMonitorManager - Collected new counter data
2025-05-10 15:32:03 [pool-2-thread-1] INFO  c.g.y.a.jni.SystemMonitorManagerJNI - SystemMonitorManager - Collected new counter data
2025-05-10 15:32:04 [pool-2-thread-1] INFO  c.g.y.a.jni.SystemMonitorManagerJNI - SystemMonitorManager - Collected new counter data
2025-05-10 15:32:05 [pool-2-thread-1] INFO  c.g.y.a.jni.SystemMonitorManagerJNI - SystemMonitorManager - Collected new counter data
2025-05-10 15:32:06 [pool-2-thread-1] INFO  c.g.y.a.jni.SystemMonitorManagerJNI - SystemMonitorManager - Collected new counter data
2025-05-10 15:32:07 [pool-2-thread-1] INFO  c.g.y.a.jni.SystemMonitorManagerJNI - SystemMonitorManager - Collected new counter data
2025-05-10 15:32:08 [pool-2-thread-1] INFO  c.g.y.a.jni.SystemMonitorManagerJNI - SystemMonitorManager - Collected new counter data
2025-05-10 15:32:09 [pool-2-thread-1] INFO  c.g.y.a.jni.SystemMonitorManagerJNI - SystemMonitorManager - Collected new counter data
2025-05-10 15:32:10 [pool-2-thread-1] INFO  c.g.y.a.jni.SystemMonitorManagerJNI - SystemMonitorManager - Collected new counter data
2025-05-10 15:32:11 [pool-2-thread-1] INFO  c.g.y.a.jni.SystemMonitorManagerJNI - SystemMonitorManager - Collected new counter data
2025-05-10 15:32:12 [pool-2-thread-1] INFO  c.g.y.a.jni.SystemMonitorManagerJNI - SystemMonitorManager - Collected new counter data
2025-05-10 15:32:13 [pool-2-thread-1] INFO  c.g.y.a.jni.SystemMonitorManagerJNI - SystemMonitorManager - Collected new counter data
2025-05-10 15:32:14 [pool-2-thread-1] INFO  c.g.y.a.jni.SystemMonitorManagerJNI - SystemMonitorManager - Collected new counter data
2025-05-10 15:32:15 [pool-2-thread-1] INFO  c.g.y.a.jni.SystemMonitorManagerJNI - SystemMonitorManager - Collected new counter data
2025-05-10 15:32:16 [pool-2-thread-1] INFO  c.g.y.a.jni.SystemMonitorManagerJNI - SystemMonitorManager - Collected new counter data
2025-05-10 15:32:17 [pool-2-thread-1] INFO  c.g.y.a.jni.SystemMonitorManagerJNI - SystemMonitorManager - Collected new counter data
2025-05-10 15:32:18 [pool-2-thread-1] INFO  c.g.y.a.jni.SystemMonitorManagerJNI - SystemMonitorManager - Collected new counter data
2025-05-10 15:32:19 [pool-2-thread-1] INFO  c.g.y.a.jni.SystemMonitorManagerJNI - SystemMonitorManager - Collected new counter data
2025-05-10 15:32:20 [pool-2-thread-1] INFO  c.g.y.a.jni.SystemMonitorManagerJNI - SystemMonitorManager - Collected new counter data
2025-05-10 15:32:21 [pool-2-thread-1] INFO  c.g.y.a.jni.SystemMonitorManagerJNI - SystemMonitorManager - Collected new counter data
2025-05-10 15:32:22 [pool-2-thread-1] INFO  c.g.y.a.jni.SystemMonitorManagerJNI - SystemMonitorManager - Collected new counter data
2025-05-10 15:32:23 [pool-2-thread-1] INFO  c.g.y.a.jni.SystemMonitorManagerJNI - SystemMonitorManager - Collected new counter data
2025-05-10 15:32:24 [pool-2-thread-1] INFO  c.g.y.a.jni.SystemMonitorManagerJNI - SystemMonitorManager - Collected new counter data
2025-05-10 15:32:25 [pool-2-thread-1] INFO  c.g.y.a.jni.SystemMonitorManagerJNI - SystemMonitorManager - Collected new counter data
2025-05-10 15:32:26 [pool-2-thread-1] INFO  c.g.y.a.jni.SystemMonitorManagerJNI - SystemMonitorManager - Collected new counter data
2025-05-10 15:32:27 [pool-2-thread-1] INFO  c.g.y.a.jni.SystemMonitorManagerJNI - SystemMonitorManager - Collected new counter data
2025-05-10 15:32:28 [pool-2-thread-1] INFO  c.g.y.a.jni.SystemMonitorManagerJNI - SystemMonitorManager - Collected new counter data
2025-05-10 15:32:29 [pool-2-thread-1] INFO  c.g.y.a.jni.SystemMonitorManagerJNI - SystemMonitorManager - Collected new counter data
2025-05-10 15:32:30 [pool-2-thread-1] INFO  c.g.y.a.jni.SystemMonitorManagerJNI - SystemMonitorManager - Collected new counter data
2025-05-10 15:32:31 [pool-2-thread-1] INFO  c.g.y.a.jni.SystemMonitorManagerJNI - SystemMonitorManager - Collected new counter data
2025-05-10 15:32:32 [pool-2-thread-1] INFO  c.g.y.a.jni.SystemMonitorManagerJNI - SystemMonitorManager - Collected new counter data
2025-05-10 15:32:33 [pool-2-thread-1] INFO  c.g.y.a.jni.SystemMonitorManagerJNI - SystemMonitorManager - Collected new counter data
2025-05-10 15:32:34 [pool-2-thread-1] INFO  c.g.y.a.jni.SystemMonitorManagerJNI - SystemMonitorManager - Collected new counter data
2025-05-10 15:32:35 [pool-2-thread-1] INFO  c.g.y.a.jni.SystemMonitorManagerJNI - SystemMonitorManager - Collected new counter data
2025-05-10 15:32:36 [pool-2-thread-1] INFO  c.g.y.a.jni.SystemMonitorManagerJNI - SystemMonitorManager - Collected new counter data
2025-05-10 15:32:37 [pool-2-thread-1] INFO  c.g.y.a.jni.SystemMonitorManagerJNI - SystemMonitorManager - Collected new counter data
2025-05-10 15:32:38 [pool-2-thread-1] INFO  c.g.y.a.jni.SystemMonitorManagerJNI - SystemMonitorManager - Collected new counter data
2025-05-10 15:32:39 [pool-2-thread-1] INFO  c.g.y.a.jni.SystemMonitorManagerJNI - SystemMonitorManager - Collected new counter data
2025-05-10 15:32:40 [pool-2-thread-1] INFO  c.g.y.a.jni.SystemMonitorManagerJNI - SystemMonitorManager - Collected new counter data
2025-05-10 15:32:41 [pool-2-thread-1] INFO  c.g.y.a.jni.SystemMonitorManagerJNI - SystemMonitorManager - Collected new counter data
2025-05-10 15:32:42 [pool-2-thread-1] INFO  c.g.y.a.jni.SystemMonitorManagerJNI - SystemMonitorManager - Collected new counter data
2025-05-10 15:32:43 [pool-2-thread-1] INFO  c.g.y.a.jni.SystemMonitorManagerJNI - SystemMonitorManager - Collected new counter data
2025-05-10 15:32:44 [pool-2-thread-1] INFO  c.g.y.a.jni.SystemMonitorManagerJNI - SystemMonitorManager - Collected new counter data
2025-05-10 15:32:45 [pool-2-thread-1] INFO  c.g.y.a.jni.SystemMonitorManagerJNI - SystemMonitorManager - Collected new counter data
2025-05-10 15:32:46 [pool-2-thread-1] INFO  c.g.y.a.jni.SystemMonitorManagerJNI - SystemMonitorManager - Collected new counter data
2025-05-10 15:32:47 [pool-2-thread-1] INFO  c.g.y.a.jni.SystemMonitorManagerJNI - SystemMonitorManager - Collected new counter data
2025-05-10 15:32:48 [pool-2-thread-1] INFO  c.g.y.a.jni.SystemMonitorManagerJNI - SystemMonitorManager - Collected new counter data
2025-05-10 15:32:49 [pool-2-thread-1] INFO  c.g.y.a.jni.SystemMonitorManagerJNI - SystemMonitorManager - Collected new counter data
2025-05-10 15:32:50 [pool-2-thread-1] INFO  c.g.y.a.jni.SystemMonitorManagerJNI - SystemMonitorManager - Collected new counter data
2025-05-10 15:32:51 [pool-2-thread-1] INFO  c.g.y.a.jni.SystemMonitorManagerJNI - SystemMonitorManager - Collected new counter data
2025-05-10 15:32:52 [pool-2-thread-1] INFO  c.g.y.a.jni.SystemMonitorManagerJNI - SystemMonitorManager - Collected new counter data
2025-05-10 15:32:53 [pool-2-thread-1] INFO  c.g.y.a.jni.SystemMonitorManagerJNI - SystemMonitorManager - Collected new counter data
2025-05-10 15:32:54 [pool-2-thread-1] INFO  c.g.y.a.jni.SystemMonitorManagerJNI - SystemMonitorManager - Collected new counter data
2025-05-10 15:32:55 [pool-2-thread-1] INFO  c.g.y.a.jni.SystemMonitorManagerJNI - SystemMonitorManager - Collected new counter data
2025-05-10 15:32:56 [pool-2-thread-1] INFO  c.g.y.a.jni.SystemMonitorManagerJNI - SystemMonitorManager - Collected new counter data
2025-05-10 15:32:57 [pool-2-thread-1] INFO  c.g.y.a.jni.SystemMonitorManagerJNI - SystemMonitorManager - Collected new counter data
2025-05-10 15:32:58 [pool-2-thread-1] INFO  c.g.y.a.jni.SystemMonitorManagerJNI - SystemMonitorManager - Collected new counter data
2025-05-10 15:32:59 [pool-2-thread-1] INFO  c.g.y.a.jni.SystemMonitorManagerJNI - SystemMonitorManager - Collected new counter data
2025-05-10 15:33:00 [pool-2-thread-1] INFO  c.g.y.a.jni.SystemMonitorManagerJNI - SystemMonitorManager - Collected new counter data
2025-05-10 15:33:01 [pool-2-thread-1] INFO  c.g.y.a.jni.SystemMonitorManagerJNI - SystemMonitorManager - Collected new counter data
2025-05-10 15:33:02 [pool-2-thread-1] INFO  c.g.y.a.jni.SystemMonitorManagerJNI - SystemMonitorManager - Collected new counter data
2025-05-10 15:33:03 [pool-2-thread-1] INFO  c.g.y.a.jni.SystemMonitorManagerJNI - SystemMonitorManager - Collected new counter data
2025-05-10 15:33:04 [pool-2-thread-1] INFO  c.g.y.a.jni.SystemMonitorManagerJNI - SystemMonitorManager - Collected new counter data
2025-05-10 15:33:05 [pool-2-thread-1] INFO  c.g.y.a.jni.SystemMonitorManagerJNI - SystemMonitorManager - Collected new counter data
2025-05-10 15:33:06 [pool-2-thread-1] INFO  c.g.y.a.jni.SystemMonitorManagerJNI - SystemMonitorManager - Collected new counter data
2025-05-10 15:33:07 [pool-2-thread-1] INFO  c.g.y.a.jni.SystemMonitorManagerJNI - SystemMonitorManager - Collected new counter data
2025-05-10 15:33:08 [pool-2-thread-1] INFO  c.g.y.a.jni.SystemMonitorManagerJNI - SystemMonitorManager - Collected new counter data
2025-05-10 15:33:09 [pool-2-thread-1] INFO  c.g.y.a.jni.SystemMonitorManagerJNI - SystemMonitorManager - Collected new counter data
2025-05-10 15:33:10 [pool-2-thread-1] INFO  c.g.y.a.jni.SystemMonitorManagerJNI - SystemMonitorManager - Collected new counter data
2025-05-10 15:33:11 [pool-2-thread-1] INFO  c.g.y.a.jni.SystemMonitorManagerJNI - SystemMonitorManager - Collected new counter data
2025-05-10 15:33:12 [pool-2-thread-1] INFO  c.g.y.a.jni.SystemMonitorManagerJNI - SystemMonitorManager - Collected new counter data
2025-05-10 15:33:13 [pool-2-thread-1] INFO  c.g.y.a.jni.SystemMonitorManagerJNI - SystemMonitorManager - Collected new counter data
2025-05-10 15:33:14 [pool-2-thread-1] INFO  c.g.y.a.jni.SystemMonitorManagerJNI - SystemMonitorManager - Collected new counter data
2025-05-10 15:33:15 [pool-2-thread-1] INFO  c.g.y.a.jni.SystemMonitorManagerJNI - SystemMonitorManager - Collected new counter data
2025-05-10 15:33:16 [pool-2-thread-1] INFO  c.g.y.a.jni.SystemMonitorManagerJNI - SystemMonitorManager - Collected new counter data
2025-05-10 15:33:17 [pool-2-thread-1] INFO  c.g.y.a.jni.SystemMonitorManagerJNI - SystemMonitorManager - Collected new counter data
2025-05-10 15:33:18 [pool-2-thread-1] INFO  c.g.y.a.jni.SystemMonitorManagerJNI - SystemMonitorManager - Collected new counter data
2025-05-10 15:33:19 [pool-2-thread-1] INFO  c.g.y.a.jni.SystemMonitorManagerJNI - SystemMonitorManager - Collected new counter data
2025-05-10 15:33:20 [pool-2-thread-1] INFO  c.g.y.a.jni.SystemMonitorManagerJNI - SystemMonitorManager - Collected new counter data
2025-05-10 15:33:21 [pool-2-thread-1] INFO  c.g.y.a.jni.SystemMonitorManagerJNI - SystemMonitorManager - Collected new counter data
2025-05-10 15:33:22 [pool-2-thread-1] INFO  c.g.y.a.jni.SystemMonitorManagerJNI - SystemMonitorManager - Collected new counter data
2025-05-10 15:33:23 [pool-2-thread-1] INFO  c.g.y.a.jni.SystemMonitorManagerJNI - SystemMonitorManager - Collected new counter data
2025-05-10 15:33:24 [pool-2-thread-1] INFO  c.g.y.a.jni.SystemMonitorManagerJNI - SystemMonitorManager - Collected new counter data
2025-05-10 15:33:25 [pool-2-thread-1] INFO  c.g.y.a.jni.SystemMonitorManagerJNI - SystemMonitorManager - Collected new counter data
2025-05-10 15:33:26 [pool-2-thread-1] INFO  c.g.y.a.jni.SystemMonitorManagerJNI - SystemMonitorManager - Collected new counter data
2025-05-10 15:33:27 [pool-2-thread-1] INFO  c.g.y.a.jni.SystemMonitorManagerJNI - SystemMonitorManager - Collected new counter data
2025-05-10 15:33:28 [pool-2-thread-1] INFO  c.g.y.a.jni.SystemMonitorManagerJNI - SystemMonitorManager - Collected new counter data
2025-05-10 15:33:29 [pool-2-thread-1] INFO  c.g.y.a.jni.SystemMonitorManagerJNI - SystemMonitorManager - Collected new counter data
2025-05-10 15:33:30 [pool-2-thread-1] INFO  c.g.y.a.jni.SystemMonitorManagerJNI - SystemMonitorManager - Collected new counter data
2025-05-10 15:33:31 [pool-2-thread-1] INFO  c.g.y.a.jni.SystemMonitorManagerJNI - SystemMonitorManager - Collected new counter data
2025-05-10 15:33:32 [pool-2-thread-1] INFO  c.g.y.a.jni.SystemMonitorManagerJNI - SystemMonitorManager - Collected new counter data
2025-05-10 15:33:33 [pool-2-thread-1] INFO  c.g.y.a.jni.SystemMonitorManagerJNI - SystemMonitorManager - Collected new counter data
2025-05-10 15:33:34 [pool-2-thread-1] INFO  c.g.y.a.jni.SystemMonitorManagerJNI - SystemMonitorManager - Collected new counter data
2025-05-10 15:33:35 [pool-2-thread-1] INFO  c.g.y.a.jni.SystemMonitorManagerJNI - SystemMonitorManager - Collected new counter data
2025-05-10 15:33:36 [pool-2-thread-1] INFO  c.g.y.a.jni.SystemMonitorManagerJNI - SystemMonitorManager - Collected new counter data
2025-05-10 15:33:37 [pool-2-thread-1] INFO  c.g.y.a.jni.SystemMonitorManagerJNI - SystemMonitorManager - Collected new counter data
2025-05-10 15:33:38 [pool-2-thread-1] INFO  c.g.y.a.jni.SystemMonitorManagerJNI - SystemMonitorManager - Collected new counter data
2025-05-10 15:33:39 [pool-2-thread-1] INFO  c.g.y.a.jni.SystemMonitorManagerJNI - SystemMonitorManager - Collected new counter data
2025-05-10 15:33:40 [pool-2-thread-1] INFO  c.g.y.a.jni.SystemMonitorManagerJNI - SystemMonitorManager - Collected new counter data
2025-05-10 15:33:41 [pool-2-thread-1] INFO  c.g.y.a.jni.SystemMonitorManagerJNI - SystemMonitorManager - Collected new counter data
2025-05-10 15:33:42 [pool-2-thread-1] INFO  c.g.y.a.jni.SystemMonitorManagerJNI - SystemMonitorManager - Collected new counter data
2025-05-10 15:33:43 [pool-2-thread-1] INFO  c.g.y.a.jni.SystemMonitorManagerJNI - SystemMonitorManager - Collected new counter data
2025-05-10 15:33:44 [pool-2-thread-1] INFO  c.g.y.a.jni.SystemMonitorManagerJNI - SystemMonitorManager - Collected new counter data
2025-05-10 15:33:45 [pool-2-thread-1] INFO  c.g.y.a.jni.SystemMonitorManagerJNI - SystemMonitorManager - Collected new counter data
2025-05-10 15:33:46 [pool-2-thread-1] INFO  c.g.y.a.jni.SystemMonitorManagerJNI - SystemMonitorManager - Collected new counter data
2025-05-10 15:33:47 [pool-2-thread-1] INFO  c.g.y.a.jni.SystemMonitorManagerJNI - SystemMonitorManager - Collected new counter data
2025-05-10 15:33:48 [pool-2-thread-1] INFO  c.g.y.a.jni.SystemMonitorManagerJNI - SystemMonitorManager - Collected new counter data
2025-05-10 15:33:49 [pool-2-thread-1] INFO  c.g.y.a.jni.SystemMonitorManagerJNI - SystemMonitorManager - Collected new counter data
2025-05-10 15:33:50 [pool-2-thread-1] INFO  c.g.y.a.jni.SystemMonitorManagerJNI - SystemMonitorManager - Collected new counter data
2025-05-10 15:33:51 [pool-2-thread-1] INFO  c.g.y.a.jni.SystemMonitorManagerJNI - SystemMonitorManager - Collected new counter data
2025-05-10 15:33:52 [pool-2-thread-1] INFO  c.g.y.a.jni.SystemMonitorManagerJNI - SystemMonitorManager - Collected new counter data
2025-05-10 15:33:53 [pool-2-thread-1] INFO  c.g.y.a.jni.SystemMonitorManagerJNI - SystemMonitorManager - Collected new counter data
2025-05-10 15:33:54 [pool-2-thread-1] INFO  c.g.y.a.jni.SystemMonitorManagerJNI - SystemMonitorManager - Collected new counter data
2025-05-10 15:33:55 [pool-2-thread-1] INFO  c.g.y.a.jni.SystemMonitorManagerJNI - SystemMonitorManager - Collected new counter data
2025-05-10 15:33:56 [pool-2-thread-1] INFO  c.g.y.a.jni.SystemMonitorManagerJNI - SystemMonitorManager - Collected new counter data
2025-05-10 15:33:57 [pool-2-thread-1] INFO  c.g.y.a.jni.SystemMonitorManagerJNI - SystemMonitorManager - Collected new counter data
2025-05-10 15:33:58 [pool-2-thread-1] INFO  c.g.y.a.jni.SystemMonitorManagerJNI - SystemMonitorManager - Collected new counter data
2025-05-10 15:33:59 [pool-2-thread-1] INFO  c.g.y.a.jni.SystemMonitorManagerJNI - SystemMonitorManager - Collected new counter data
2025-05-10 15:34:00 [pool-2-thread-1] INFO  c.g.y.a.jni.SystemMonitorManagerJNI - SystemMonitorManager - Collected new counter data
2025-05-10 15:34:01 [pool-2-thread-1] INFO  c.g.y.a.jni.SystemMonitorManagerJNI - SystemMonitorManager - Collected new counter data
2025-05-10 15:34:02 [pool-2-thread-1] INFO  c.g.y.a.jni.SystemMonitorManagerJNI - SystemMonitorManager - Collected new counter data
2025-05-10 15:34:03 [pool-2-thread-1] INFO  c.g.y.a.jni.SystemMonitorManagerJNI - SystemMonitorManager - Collected new counter data
2025-05-10 15:34:04 [pool-2-thread-1] INFO  c.g.y.a.jni.SystemMonitorManagerJNI - SystemMonitorManager - Collected new counter data
2025-05-10 15:34:05 [pool-2-thread-1] INFO  c.g.y.a.jni.SystemMonitorManagerJNI - SystemMonitorManager - Collected new counter data
2025-05-10 15:34:06 [pool-2-thread-1] INFO  c.g.y.a.jni.SystemMonitorManagerJNI - SystemMonitorManager - Collected new counter data
2025-05-10 15:34:07 [pool-2-thread-1] INFO  c.g.y.a.jni.SystemMonitorManagerJNI - SystemMonitorManager - Collected new counter data
2025-05-10 15:34:08 [pool-2-thread-1] INFO  c.g.y.a.jni.SystemMonitorManagerJNI - SystemMonitorManager - Collected new counter data
2025-05-10 15:34:09 [pool-2-thread-1] INFO  c.g.y.a.jni.SystemMonitorManagerJNI - SystemMonitorManager - Collected new counter data
2025-05-10 15:34:10 [pool-2-thread-1] INFO  c.g.y.a.jni.SystemMonitorManagerJNI - SystemMonitorManager - Collected new counter data
2025-05-10 15:34:11 [pool-2-thread-1] INFO  c.g.y.a.jni.SystemMonitorManagerJNI - SystemMonitorManager - Collected new counter data
2025-05-10 15:34:12 [pool-2-thread-1] INFO  c.g.y.a.jni.SystemMonitorManagerJNI - SystemMonitorManager - Collected new counter data
2025-05-10 15:34:13 [pool-2-thread-1] INFO  c.g.y.a.jni.SystemMonitorManagerJNI - SystemMonitorManager - Collected new counter data
2025-05-10 15:34:14 [pool-2-thread-1] INFO  c.g.y.a.jni.SystemMonitorManagerJNI - SystemMonitorManager - Collected new counter data
2025-05-10 15:34:15 [pool-2-thread-1] INFO  c.g.y.a.jni.SystemMonitorManagerJNI - SystemMonitorManager - Collected new counter data
2025-05-10 15:34:16 [pool-2-thread-1] INFO  c.g.y.a.jni.SystemMonitorManagerJNI - SystemMonitorManager - Collected new counter data
2025-05-10 15:34:17 [pool-2-thread-1] INFO  c.g.y.a.jni.SystemMonitorManagerJNI - SystemMonitorManager - Collected new counter data
2025-05-10 15:34:18 [pool-2-thread-1] INFO  c.g.y.a.jni.SystemMonitorManagerJNI - SystemMonitorManager - Collected new counter data
2025-05-10 15:34:19 [pool-2-thread-1] INFO  c.g.y.a.jni.SystemMonitorManagerJNI - SystemMonitorManager - Collected new counter data
2025-05-10 15:34:20 [pool-2-thread-1] INFO  c.g.y.a.jni.SystemMonitorManagerJNI - SystemMonitorManager - Collected new counter data
2025-05-10 15:34:21 [pool-2-thread-1] INFO  c.g.y.a.jni.SystemMonitorManagerJNI - SystemMonitorManager - Collected new counter data
2025-05-10 15:34:22 [pool-2-thread-1] INFO  c.g.y.a.jni.SystemMonitorManagerJNI - SystemMonitorManager - Collected new counter data
2025-05-10 15:34:23 [pool-2-thread-1] INFO  c.g.y.a.jni.SystemMonitorManagerJNI - SystemMonitorManager - Collected new counter data
2025-05-10 15:34:24 [pool-2-thread-1] INFO  c.g.y.a.jni.SystemMonitorManagerJNI - SystemMonitorManager - Collected new counter data
2025-05-10 15:34:25 [pool-2-thread-1] INFO  c.g.y.a.jni.SystemMonitorManagerJNI - SystemMonitorManager - Collected new counter data
2025-05-10 15:34:26 [pool-2-thread-1] INFO  c.g.y.a.jni.SystemMonitorManagerJNI - SystemMonitorManager - Collected new counter data
2025-05-10 15:34:27 [pool-2-thread-1] INFO  c.g.y.a.jni.SystemMonitorManagerJNI - SystemMonitorManager - Collected new counter data
2025-05-10 15:34:27 [SpringApplicationShutdownHook] INFO  o.s.b.w.e.tomcat.GracefulShutdown - Commencing graceful shutdown. Waiting for active requests to complete
2025-05-10 15:34:27 [tomcat-shutdown] INFO  o.s.b.w.e.tomcat.GracefulShutdown - Graceful shutdown complete
2025-05-10 15:34:27 [SpringApplicationShutdownHook] INFO  c.g.y.a.s.SystemMetricsCollector - SystemMetricsCollector cleanup - monitor will be closed by Spring context
2025-05-10 15:34:27 [SpringApplicationShutdownHook] INFO  c.g.y.a.jni.SystemMonitorManagerJNI - Successfully released native resources
2025-05-10 15:34:27 [SpringApplicationShutdownHook] INFO  c.g.yamec.app.YamecApplication - CLEANUP - YamecApplication is shutting down...
2025-05-10 15:34:27 [SpringApplicationShutdownHook] INFO  o.s.o.j.LocalContainerEntityManagerFactoryBean - Closing JPA EntityManagerFactory for persistence unit 'default'
2025-05-10 15:34:27 [SpringApplicationShutdownHook] INFO  com.zaxxer.hikari.HikariDataSource - HikariPool-1 - Shutdown initiated...
2025-05-10 15:34:27 [SpringApplicationShutdownHook] INFO  com.zaxxer.hikari.HikariDataSource - HikariPool-1 - Shutdown completed.
2025-05-10 15:36:37 [main] INFO  c.g.yamec.app.YamecApplication - Starting YamecApplication using Java 23.0.2 with PID 35012 (C:\Users\cmarc\IdeaProjects\yamec\yamec\yamec-app\target\yamec-app-0.0.1-SNAPSHOT.jar started by cmarc in C:\Users\cmarc\IdeaProjects\yamec\yamec)
2025-05-10 15:36:37 [main] INFO  c.g.yamec.app.YamecApplication - No active profile set, falling back to 1 default profile: "default"
2025-05-10 15:36:38 [main] INFO  o.s.d.r.c.RepositoryConfigurationDelegate - Bootstrapping Spring Data JPA repositories in DEFAULT mode.
2025-05-10 15:36:38 [main] INFO  o.s.d.r.c.RepositoryConfigurationDelegate - Finished Spring Data repository scanning in 64 ms. Found 13 JPA repository interfaces.
2025-05-10 15:36:38 [main] INFO  o.s.b.w.e.tomcat.TomcatWebServer - Tomcat initialized with port 8084 (http)
2025-05-10 15:36:38 [main] INFO  o.a.catalina.core.StandardService - Starting service [Tomcat]
2025-05-10 15:36:38 [main] INFO  o.a.catalina.core.StandardEngine - Starting Servlet engine: [Apache Tomcat/10.1.36]
2025-05-10 15:36:39 [main] INFO  o.a.c.c.C.[Tomcat].[localhost].[/] - Initializing Spring embedded WebApplicationContext
2025-05-10 15:36:39 [main] INFO  o.s.b.w.s.c.ServletWebServerApplicationContext - Root WebApplicationContext: initialization completed in 1625 ms
2025-05-10 15:36:39 [main] INFO  o.h.jpa.internal.util.LogHelper - HHH000204: Processing PersistenceUnitInfo [name: default]
2025-05-10 15:36:39 [main] INFO  org.hibernate.Version - HHH000412: Hibernate ORM core version 6.6.8.Final
2025-05-10 15:36:39 [main] INFO  o.h.c.i.RegionFactoryInitiator - HHH000026: Second-level cache disabled
2025-05-10 15:36:39 [main] INFO  o.s.o.j.p.SpringPersistenceUnitInfo - No LoadTimeWeaver setup: ignoring JPA class transformer
2025-05-10 15:36:39 [main] INFO  com.zaxxer.hikari.HikariDataSource - HikariPool-1 - Starting...
2025-05-10 15:36:40 [main] INFO  com.zaxxer.hikari.pool.HikariPool - HikariPool-1 - Added connection org.sqlite.jdbc4.JDBC4Connection@10bf1ec9
2025-05-10 15:36:40 [main] INFO  com.zaxxer.hikari.HikariDataSource - HikariPool-1 - Start completed.
2025-05-10 15:36:40 [main] INFO  o.hibernate.orm.connections.pooling - HHH10001005: Database info:
	Database JDBC URL [Connecting through datasource 'HikariDataSource (HikariPool-1)']
	Database driver: undefined/unknown
	Database version: 3.49.1
	Autocommit mode: undefined/unknown
	Isolation level: undefined/unknown
	Minimum pool size: undefined/unknown
	Maximum pool size: undefined/unknown
2025-05-10 15:36:40 [main] INFO  o.h.e.t.j.p.i.JtaPlatformInitiator - HHH000489: No JTA platform available (set 'hibernate.transaction.jta.platform' to enable JTA platform integration)
2025-05-10 15:36:40 [main] INFO  o.s.o.j.LocalContainerEntityManagerFactoryBean - Initialized JPA EntityManagerFactory for persistence unit 'default'
2025-05-10 15:36:41 [main] INFO  o.s.d.j.r.query.QueryEnhancerFactory - Hibernate is in classpath; If applicable, HQL parser will be used.
2025-05-10 15:36:42 [main] INFO  c.g.y.app.config.SystemMonitorConfig - Creating singleton instance of SystemMonitorManagerJNI
2025-05-10 15:36:42 [pool-2-thread-1] INFO  com.github.fommil.jni.JniLoader - successfully loaded C:\Users\cmarc\AppData\Local\Temp\jniloader8056678566486060748yamecjni.dll
2025-05-10 15:36:42 [pool-2-thread-1] INFO  c.g.y.a.jni.SystemMonitorManagerJNI - SystemMonitorManager - Initialized
2025-05-10 15:36:42 [pool-2-thread-1] INFO  c.g.y.a.jni.SystemMonitorManagerJNI - SystemMonitorManager - Collected new counter data
2025-05-10 15:36:43 [main] INFO  c.g.y.a.s.SystemMetricsCollector - Initializing SystemMetricsCollector
2025-05-10 15:36:43 [main] INFO  c.g.y.a.s.SystemMetricsCollector - CPU Hardware Information: Cpu[id=null, friendlyName='AMD Ryzen 9 5950X 16-Core Processor            ', coreCount='16', logicalProcessorCount='32', l1CacheSize='1048576', l2CacheSize='8388608', l3CacheSize='67108864', virtualizationEnabled='true']
2025-05-10 15:36:43 [main] INFO  c.g.y.a.s.SystemMetricsCollector - Memory Hardware Information: MemoryHardwareInformation{id=null, capacity=103079215104, speed=2133, slotsUsed=4, slotsTotal=4, capacityIsUnsigned=true, speedIsUnsigned=true}
2025-05-10 15:36:43 [main] INFO  c.g.y.a.s.SystemMetricsCollector - Disk Hardware Information:
2025-05-10 15:36:43 [main] INFO  c.g.y.a.s.SystemMetricsCollector - com.gibbonsdimarco.yamec.app.data.DiskHardwareInformation@2300d2b4
2025-05-10 15:36:43 [main] INFO  c.g.y.a.s.SystemMetricsCollector - com.gibbonsdimarco.yamec.app.data.DiskHardwareInformation@b9286ad
2025-05-10 15:36:44 [main] INFO  c.g.y.a.s.SystemMetricsCollector - NIC Hardware Information:
2025-05-10 15:36:44 [main] INFO  c.g.y.a.s.SystemMetricsCollector - com.gibbonsdimarco.yamec.app.data.NicHardwareInformation@21384a8e
2025-05-10 15:36:44 [main] INFO  c.g.y.a.s.SystemMetricsCollector - com.gibbonsdimarco.yamec.app.data.NicHardwareInformation@682ec8d
2025-05-10 15:36:44 [main] INFO  o.s.b.a.w.s.WelcomePageHandlerMapping - Adding welcome page template: index
2025-05-10 15:36:44 [main] INFO  o.s.b.w.e.tomcat.TomcatWebServer - Tomcat started on port 8084 (http) with context path '/'
2025-05-10 15:36:44 [main] INFO  c.g.yamec.app.YamecApplication - Started YamecApplication in 7.778 seconds (process running for 8.551)
2025-05-10 15:36:44 [pool-2-thread-1] INFO  c.g.y.a.jni.SystemMonitorManagerJNI - SystemMonitorManager - Collected new counter data
2025-05-10 15:36:45 [pool-2-thread-1] INFO  c.g.y.a.jni.SystemMonitorManagerJNI - SystemMonitorManager - Collected new counter data
2025-05-10 15:36:45 [pool-2-thread-1] INFO  c.g.y.a.jni.SystemMonitorManagerJNI - SystemMonitorManager - Collected new counter data
2025-05-10 15:36:45 [main] INFO  c.g.yamec.app.YamecApplication - User home directory: C:\Users\cmarc
2025-05-10 15:36:45 [main] INFO  c.g.yamec.app.YamecApplication - Yamec Application Started
2025-05-10 15:36:46 [http-nio-8084-exec-1] INFO  o.a.c.c.C.[Tomcat].[localhost].[/] - Initializing Spring DispatcherServlet 'dispatcherServlet'
2025-05-10 15:36:46 [http-nio-8084-exec-1] INFO  o.s.web.servlet.DispatcherServlet - Initializing Servlet 'dispatcherServlet'
2025-05-10 15:36:46 [http-nio-8084-exec-1] INFO  o.s.web.servlet.DispatcherServlet - Completed initialization in 1 ms
2025-05-10 15:36:46 [pool-2-thread-1] INFO  c.g.y.a.jni.SystemMonitorManagerJNI - SystemMonitorManager - Collected new counter data
2025-05-10 15:36:47 [pool-2-thread-1] INFO  c.g.y.a.jni.SystemMonitorManagerJNI - SystemMonitorManager - Collected new counter data
2025-05-10 15:36:48 [pool-2-thread-1] INFO  c.g.y.a.jni.SystemMonitorManagerJNI - SystemMonitorManager - Collected new counter data
2025-05-10 15:36:49 [pool-2-thread-1] INFO  c.g.y.a.jni.SystemMonitorManagerJNI - SystemMonitorManager - Collected new counter data
2025-05-10 15:36:50 [pool-2-thread-1] INFO  c.g.y.a.jni.SystemMonitorManagerJNI - SystemMonitorManager - Collected new counter data
2025-05-10 15:36:51 [pool-2-thread-1] INFO  c.g.y.a.jni.SystemMonitorManagerJNI - SystemMonitorManager - Collected new counter data
2025-05-10 15:36:52 [pool-2-thread-1] INFO  c.g.y.a.jni.SystemMonitorManagerJNI - SystemMonitorManager - Collected new counter data
2025-05-10 15:36:53 [pool-2-thread-1] INFO  c.g.y.a.jni.SystemMonitorManagerJNI - SystemMonitorManager - Collected new counter data
2025-05-10 15:36:54 [pool-2-thread-1] INFO  c.g.y.a.jni.SystemMonitorManagerJNI - SystemMonitorManager - Collected new counter data
2025-05-10 15:36:55 [pool-2-thread-1] INFO  c.g.y.a.jni.SystemMonitorManagerJNI - SystemMonitorManager - Collected new counter data
2025-05-10 15:36:56 [pool-2-thread-1] INFO  c.g.y.a.jni.SystemMonitorManagerJNI - SystemMonitorManager - Collected new counter data
2025-05-10 15:36:57 [pool-2-thread-1] INFO  c.g.y.a.jni.SystemMonitorManagerJNI - SystemMonitorManager - Collected new counter data
2025-05-10 15:36:58 [pool-2-thread-1] INFO  c.g.y.a.jni.SystemMonitorManagerJNI - SystemMonitorManager - Collected new counter data
2025-05-10 15:36:59 [pool-2-thread-1] INFO  c.g.y.a.jni.SystemMonitorManagerJNI - SystemMonitorManager - Collected new counter data
2025-05-10 15:37:00 [pool-2-thread-1] INFO  c.g.y.a.jni.SystemMonitorManagerJNI - SystemMonitorManager - Collected new counter data
2025-05-10 15:37:01 [pool-2-thread-1] INFO  c.g.y.a.jni.SystemMonitorManagerJNI - SystemMonitorManager - Collected new counter data
2025-05-10 15:37:02 [pool-2-thread-1] INFO  c.g.y.a.jni.SystemMonitorManagerJNI - SystemMonitorManager - Collected new counter data
2025-05-10 15:37:03 [pool-2-thread-1] INFO  c.g.y.a.jni.SystemMonitorManagerJNI - SystemMonitorManager - Collected new counter data
2025-05-10 15:37:04 [pool-2-thread-1] INFO  c.g.y.a.jni.SystemMonitorManagerJNI - SystemMonitorManager - Collected new counter data
2025-05-10 15:37:05 [pool-2-thread-1] INFO  c.g.y.a.jni.SystemMonitorManagerJNI - SystemMonitorManager - Collected new counter data
2025-05-10 15:37:06 [pool-2-thread-1] INFO  c.g.y.a.jni.SystemMonitorManagerJNI - SystemMonitorManager - Collected new counter data
2025-05-10 15:37:07 [pool-2-thread-1] INFO  c.g.y.a.jni.SystemMonitorManagerJNI - SystemMonitorManager - Collected new counter data
2025-05-10 15:37:08 [pool-2-thread-1] INFO  c.g.y.a.jni.SystemMonitorManagerJNI - SystemMonitorManager - Collected new counter data
2025-05-10 15:37:09 [pool-2-thread-1] INFO  c.g.y.a.jni.SystemMonitorManagerJNI - SystemMonitorManager - Collected new counter data
2025-05-10 15:37:10 [pool-2-thread-1] INFO  c.g.y.a.jni.SystemMonitorManagerJNI - SystemMonitorManager - Collected new counter data
2025-05-10 15:37:11 [pool-2-thread-1] INFO  c.g.y.a.jni.SystemMonitorManagerJNI - SystemMonitorManager - Collected new counter data
2025-05-10 15:37:12 [pool-2-thread-1] INFO  c.g.y.a.jni.SystemMonitorManagerJNI - SystemMonitorManager - Collected new counter data
2025-05-10 15:37:13 [pool-2-thread-1] INFO  c.g.y.a.jni.SystemMonitorManagerJNI - SystemMonitorManager - Collected new counter data
2025-05-10 15:37:14 [pool-2-thread-1] INFO  c.g.y.a.jni.SystemMonitorManagerJNI - SystemMonitorManager - Collected new counter data
2025-05-10 15:37:15 [pool-2-thread-1] INFO  c.g.y.a.jni.SystemMonitorManagerJNI - SystemMonitorManager - Collected new counter data
2025-05-10 15:37:16 [pool-2-thread-1] INFO  c.g.y.a.jni.SystemMonitorManagerJNI - SystemMonitorManager - Collected new counter data
2025-05-10 15:37:17 [pool-2-thread-1] INFO  c.g.y.a.jni.SystemMonitorManagerJNI - SystemMonitorManager - Collected new counter data
2025-05-10 15:37:18 [pool-2-thread-1] INFO  c.g.y.a.jni.SystemMonitorManagerJNI - SystemMonitorManager - Collected new counter data
2025-05-10 15:37:19 [pool-2-thread-1] INFO  c.g.y.a.jni.SystemMonitorManagerJNI - SystemMonitorManager - Collected new counter data
2025-05-10 15:37:20 [pool-2-thread-1] INFO  c.g.y.a.jni.SystemMonitorManagerJNI - SystemMonitorManager - Collected new counter data
2025-05-10 15:37:21 [pool-2-thread-1] INFO  c.g.y.a.jni.SystemMonitorManagerJNI - SystemMonitorManager - Collected new counter data
2025-05-10 15:37:22 [pool-2-thread-1] INFO  c.g.y.a.jni.SystemMonitorManagerJNI - SystemMonitorManager - Collected new counter data
2025-05-10 15:37:23 [pool-2-thread-1] INFO  c.g.y.a.jni.SystemMonitorManagerJNI - SystemMonitorManager - Collected new counter data
2025-05-10 15:37:24 [pool-2-thread-1] INFO  c.g.y.a.jni.SystemMonitorManagerJNI - SystemMonitorManager - Collected new counter data
2025-05-10 15:37:25 [pool-2-thread-1] INFO  c.g.y.a.jni.SystemMonitorManagerJNI - SystemMonitorManager - Collected new counter data
2025-05-10 15:37:26 [pool-2-thread-1] INFO  c.g.y.a.jni.SystemMonitorManagerJNI - SystemMonitorManager - Collected new counter data
2025-05-10 15:37:27 [pool-2-thread-1] INFO  c.g.y.a.jni.SystemMonitorManagerJNI - SystemMonitorManager - Collected new counter data
2025-05-10 15:37:28 [pool-2-thread-1] INFO  c.g.y.a.jni.SystemMonitorManagerJNI - SystemMonitorManager - Collected new counter data
2025-05-10 15:37:29 [pool-2-thread-1] INFO  c.g.y.a.jni.SystemMonitorManagerJNI - SystemMonitorManager - Collected new counter data
2025-05-10 15:37:30 [pool-2-thread-1] INFO  c.g.y.a.jni.SystemMonitorManagerJNI - SystemMonitorManager - Collected new counter data
2025-05-10 15:37:31 [pool-2-thread-1] INFO  c.g.y.a.jni.SystemMonitorManagerJNI - SystemMonitorManager - Collected new counter data
2025-05-10 15:37:32 [pool-2-thread-1] INFO  c.g.y.a.jni.SystemMonitorManagerJNI - SystemMonitorManager - Collected new counter data
2025-05-10 15:37:33 [pool-2-thread-1] INFO  c.g.y.a.jni.SystemMonitorManagerJNI - SystemMonitorManager - Collected new counter data
2025-05-10 15:37:34 [pool-2-thread-1] INFO  c.g.y.a.jni.SystemMonitorManagerJNI - SystemMonitorManager - Collected new counter data
2025-05-10 15:37:35 [pool-2-thread-1] INFO  c.g.y.a.jni.SystemMonitorManagerJNI - SystemMonitorManager - Collected new counter data
2025-05-10 15:37:36 [pool-2-thread-1] INFO  c.g.y.a.jni.SystemMonitorManagerJNI - SystemMonitorManager - Collected new counter data
2025-05-10 15:37:37 [pool-2-thread-1] INFO  c.g.y.a.jni.SystemMonitorManagerJNI - SystemMonitorManager - Collected new counter data
2025-05-10 15:37:38 [pool-2-thread-1] INFO  c.g.y.a.jni.SystemMonitorManagerJNI - SystemMonitorManager - Collected new counter data
2025-05-10 15:37:39 [pool-2-thread-1] INFO  c.g.y.a.jni.SystemMonitorManagerJNI - SystemMonitorManager - Collected new counter data
2025-05-10 15:37:40 [pool-2-thread-1] INFO  c.g.y.a.jni.SystemMonitorManagerJNI - SystemMonitorManager - Collected new counter data
2025-05-10 15:37:41 [pool-2-thread-1] INFO  c.g.y.a.jni.SystemMonitorManagerJNI - SystemMonitorManager - Collected new counter data
2025-05-10 15:37:42 [pool-2-thread-1] INFO  c.g.y.a.jni.SystemMonitorManagerJNI - SystemMonitorManager - Collected new counter data
2025-05-10 15:37:43 [pool-2-thread-1] INFO  c.g.y.a.jni.SystemMonitorManagerJNI - SystemMonitorManager - Collected new counter data
2025-05-10 15:37:44 [pool-2-thread-1] INFO  c.g.y.a.jni.SystemMonitorManagerJNI - SystemMonitorManager - Collected new counter data
2025-05-10 15:37:45 [pool-2-thread-1] INFO  c.g.y.a.jni.SystemMonitorManagerJNI - SystemMonitorManager - Collected new counter data
2025-05-10 15:37:46 [pool-2-thread-1] INFO  c.g.y.a.jni.SystemMonitorManagerJNI - SystemMonitorManager - Collected new counter data
2025-05-10 15:37:47 [pool-2-thread-1] INFO  c.g.y.a.jni.SystemMonitorManagerJNI - SystemMonitorManager - Collected new counter data
2025-05-10 15:37:48 [pool-2-thread-1] INFO  c.g.y.a.jni.SystemMonitorManagerJNI - SystemMonitorManager - Collected new counter data
2025-05-10 15:37:49 [pool-2-thread-1] INFO  c.g.y.a.jni.SystemMonitorManagerJNI - SystemMonitorManager - Collected new counter data
2025-05-10 15:37:50 [pool-2-thread-1] INFO  c.g.y.a.jni.SystemMonitorManagerJNI - SystemMonitorManager - Collected new counter data
2025-05-10 15:37:51 [pool-2-thread-1] INFO  c.g.y.a.jni.SystemMonitorManagerJNI - SystemMonitorManager - Collected new counter data
2025-05-10 15:37:52 [pool-2-thread-1] INFO  c.g.y.a.jni.SystemMonitorManagerJNI - SystemMonitorManager - Collected new counter data
2025-05-10 15:37:53 [pool-2-thread-1] INFO  c.g.y.a.jni.SystemMonitorManagerJNI - SystemMonitorManager - Collected new counter data
2025-05-10 15:37:54 [pool-2-thread-1] INFO  c.g.y.a.jni.SystemMonitorManagerJNI - SystemMonitorManager - Collected new counter data
2025-05-10 15:37:55 [pool-2-thread-1] INFO  c.g.y.a.jni.SystemMonitorManagerJNI - SystemMonitorManager - Collected new counter data
2025-05-10 15:37:56 [pool-2-thread-1] INFO  c.g.y.a.jni.SystemMonitorManagerJNI - SystemMonitorManager - Collected new counter data
2025-05-10 15:37:57 [pool-2-thread-1] INFO  c.g.y.a.jni.SystemMonitorManagerJNI - SystemMonitorManager - Collected new counter data
2025-05-10 15:37:58 [pool-2-thread-1] INFO  c.g.y.a.jni.SystemMonitorManagerJNI - SystemMonitorManager - Collected new counter data
2025-05-10 15:37:59 [pool-2-thread-1] INFO  c.g.y.a.jni.SystemMonitorManagerJNI - SystemMonitorManager - Collected new counter data
2025-05-10 15:38:00 [pool-2-thread-1] INFO  c.g.y.a.jni.SystemMonitorManagerJNI - SystemMonitorManager - Collected new counter data
2025-05-10 15:38:01 [pool-2-thread-1] INFO  c.g.y.a.jni.SystemMonitorManagerJNI - SystemMonitorManager - Collected new counter data
2025-05-10 15:38:02 [pool-2-thread-1] INFO  c.g.y.a.jni.SystemMonitorManagerJNI - SystemMonitorManager - Collected new counter data
2025-05-10 15:38:03 [pool-2-thread-1] INFO  c.g.y.a.jni.SystemMonitorManagerJNI - SystemMonitorManager - Collected new counter data
2025-05-10 15:38:04 [pool-2-thread-1] INFO  c.g.y.a.jni.SystemMonitorManagerJNI - SystemMonitorManager - Collected new counter data
2025-05-10 15:38:05 [pool-2-thread-1] INFO  c.g.y.a.jni.SystemMonitorManagerJNI - SystemMonitorManager - Collected new counter data
2025-05-10 15:38:06 [pool-2-thread-1] INFO  c.g.y.a.jni.SystemMonitorManagerJNI - SystemMonitorManager - Collected new counter data
2025-05-10 15:38:07 [pool-2-thread-1] INFO  c.g.y.a.jni.SystemMonitorManagerJNI - SystemMonitorManager - Collected new counter data
2025-05-10 15:38:08 [pool-2-thread-1] INFO  c.g.y.a.jni.SystemMonitorManagerJNI - SystemMonitorManager - Collected new counter data
2025-05-10 15:38:09 [pool-2-thread-1] INFO  c.g.y.a.jni.SystemMonitorManagerJNI - SystemMonitorManager - Collected new counter data
2025-05-10 15:38:10 [pool-2-thread-1] INFO  c.g.y.a.jni.SystemMonitorManagerJNI - SystemMonitorManager - Collected new counter data
2025-05-10 15:38:11 [pool-2-thread-1] INFO  c.g.y.a.jni.SystemMonitorManagerJNI - SystemMonitorManager - Collected new counter data
2025-05-10 15:38:12 [pool-2-thread-1] INFO  c.g.y.a.jni.SystemMonitorManagerJNI - SystemMonitorManager - Collected new counter data
2025-05-10 15:38:13 [pool-2-thread-1] INFO  c.g.y.a.jni.SystemMonitorManagerJNI - SystemMonitorManager - Collected new counter data
2025-05-10 15:38:14 [pool-2-thread-1] INFO  c.g.y.a.jni.SystemMonitorManagerJNI - SystemMonitorManager - Collected new counter data
2025-05-10 15:38:15 [pool-2-thread-1] INFO  c.g.y.a.jni.SystemMonitorManagerJNI - SystemMonitorManager - Collected new counter data
2025-05-10 15:38:16 [pool-2-thread-1] INFO  c.g.y.a.jni.SystemMonitorManagerJNI - SystemMonitorManager - Collected new counter data
2025-05-10 15:38:17 [pool-2-thread-1] INFO  c.g.y.a.jni.SystemMonitorManagerJNI - SystemMonitorManager - Collected new counter data
2025-05-10 15:38:18 [pool-2-thread-1] INFO  c.g.y.a.jni.SystemMonitorManagerJNI - SystemMonitorManager - Collected new counter data
2025-05-10 15:38:19 [pool-2-thread-1] INFO  c.g.y.a.jni.SystemMonitorManagerJNI - SystemMonitorManager - Collected new counter data
2025-05-10 15:38:20 [pool-2-thread-1] INFO  c.g.y.a.jni.SystemMonitorManagerJNI - SystemMonitorManager - Collected new counter data
2025-05-10 15:38:21 [pool-2-thread-1] INFO  c.g.y.a.jni.SystemMonitorManagerJNI - SystemMonitorManager - Collected new counter data
2025-05-10 15:38:22 [pool-2-thread-1] INFO  c.g.y.a.jni.SystemMonitorManagerJNI - SystemMonitorManager - Collected new counter data
2025-05-10 15:38:23 [pool-2-thread-1] INFO  c.g.y.a.jni.SystemMonitorManagerJNI - SystemMonitorManager - Collected new counter data
2025-05-10 15:38:24 [pool-2-thread-1] INFO  c.g.y.a.jni.SystemMonitorManagerJNI - SystemMonitorManager - Collected new counter data
2025-05-10 15:38:25 [pool-2-thread-1] INFO  c.g.y.a.jni.SystemMonitorManagerJNI - SystemMonitorManager - Collected new counter data
2025-05-10 15:38:26 [pool-2-thread-1] INFO  c.g.y.a.jni.SystemMonitorManagerJNI - SystemMonitorManager - Collected new counter data
2025-05-10 15:38:27 [pool-2-thread-1] INFO  c.g.y.a.jni.SystemMonitorManagerJNI - SystemMonitorManager - Collected new counter data
2025-05-10 15:38:28 [pool-2-thread-1] INFO  c.g.y.a.jni.SystemMonitorManagerJNI - SystemMonitorManager - Collected new counter data
2025-05-10 15:38:29 [pool-2-thread-1] INFO  c.g.y.a.jni.SystemMonitorManagerJNI - SystemMonitorManager - Collected new counter data
2025-05-10 15:38:30 [pool-2-thread-1] INFO  c.g.y.a.jni.SystemMonitorManagerJNI - SystemMonitorManager - Collected new counter data
2025-05-10 15:38:31 [pool-2-thread-1] INFO  c.g.y.a.jni.SystemMonitorManagerJNI - SystemMonitorManager - Collected new counter data
2025-05-10 15:38:32 [pool-2-thread-1] INFO  c.g.y.a.jni.SystemMonitorManagerJNI - SystemMonitorManager - Collected new counter data
2025-05-10 15:38:33 [pool-2-thread-1] INFO  c.g.y.a.jni.SystemMonitorManagerJNI - SystemMonitorManager - Collected new counter data
2025-05-10 15:38:34 [pool-2-thread-1] INFO  c.g.y.a.jni.SystemMonitorManagerJNI - SystemMonitorManager - Collected new counter data
2025-05-10 15:38:35 [pool-2-thread-1] INFO  c.g.y.a.jni.SystemMonitorManagerJNI - SystemMonitorManager - Collected new counter data
2025-05-10 15:38:36 [pool-2-thread-1] INFO  c.g.y.a.jni.SystemMonitorManagerJNI - SystemMonitorManager - Collected new counter data
2025-05-10 15:38:37 [pool-2-thread-1] INFO  c.g.y.a.jni.SystemMonitorManagerJNI - SystemMonitorManager - Collected new counter data
2025-05-10 15:38:38 [pool-2-thread-1] INFO  c.g.y.a.jni.SystemMonitorManagerJNI - SystemMonitorManager - Collected new counter data
2025-05-10 15:38:39 [pool-2-thread-1] INFO  c.g.y.a.jni.SystemMonitorManagerJNI - SystemMonitorManager - Collected new counter data
2025-05-10 15:38:40 [pool-2-thread-1] INFO  c.g.y.a.jni.SystemMonitorManagerJNI - SystemMonitorManager - Collected new counter data
2025-05-10 15:38:41 [pool-2-thread-1] INFO  c.g.y.a.jni.SystemMonitorManagerJNI - SystemMonitorManager - Collected new counter data
2025-05-10 15:38:42 [pool-2-thread-1] INFO  c.g.y.a.jni.SystemMonitorManagerJNI - SystemMonitorManager - Collected new counter data
2025-05-10 15:38:43 [pool-2-thread-1] INFO  c.g.y.a.jni.SystemMonitorManagerJNI - SystemMonitorManager - Collected new counter data
2025-05-10 15:38:44 [pool-2-thread-1] INFO  c.g.y.a.jni.SystemMonitorManagerJNI - SystemMonitorManager - Collected new counter data
2025-05-10 15:38:45 [pool-2-thread-1] INFO  c.g.y.a.jni.SystemMonitorManagerJNI - SystemMonitorManager - Collected new counter data
2025-05-10 15:38:46 [pool-2-thread-1] INFO  c.g.y.a.jni.SystemMonitorManagerJNI - SystemMonitorManager - Collected new counter data
2025-05-10 15:38:47 [pool-2-thread-1] INFO  c.g.y.a.jni.SystemMonitorManagerJNI - SystemMonitorManager - Collected new counter data
2025-05-10 15:38:48 [pool-2-thread-1] INFO  c.g.y.a.jni.SystemMonitorManagerJNI - SystemMonitorManager - Collected new counter data
2025-05-10 15:38:49 [pool-2-thread-1] INFO  c.g.y.a.jni.SystemMonitorManagerJNI - SystemMonitorManager - Collected new counter data
2025-05-10 15:38:50 [pool-2-thread-1] INFO  c.g.y.a.jni.SystemMonitorManagerJNI - SystemMonitorManager - Collected new counter data
2025-05-10 15:38:51 [pool-2-thread-1] INFO  c.g.y.a.jni.SystemMonitorManagerJNI - SystemMonitorManager - Collected new counter data
2025-05-10 15:38:52 [pool-2-thread-1] INFO  c.g.y.a.jni.SystemMonitorManagerJNI - SystemMonitorManager - Collected new counter data
2025-05-10 15:38:53 [pool-2-thread-1] INFO  c.g.y.a.jni.SystemMonitorManagerJNI - SystemMonitorManager - Collected new counter data
2025-05-10 15:38:54 [pool-2-thread-1] INFO  c.g.y.a.jni.SystemMonitorManagerJNI - SystemMonitorManager - Collected new counter data
2025-05-10 15:38:55 [pool-2-thread-1] INFO  c.g.y.a.jni.SystemMonitorManagerJNI - SystemMonitorManager - Collected new counter data
2025-05-10 15:38:56 [pool-2-thread-1] INFO  c.g.y.a.jni.SystemMonitorManagerJNI - SystemMonitorManager - Collected new counter data
2025-05-10 15:38:57 [pool-2-thread-1] INFO  c.g.y.a.jni.SystemMonitorManagerJNI - SystemMonitorManager - Collected new counter data
2025-05-10 15:38:58 [pool-2-thread-1] INFO  c.g.y.a.jni.SystemMonitorManagerJNI - SystemMonitorManager - Collected new counter data
2025-05-10 15:38:59 [pool-2-thread-1] INFO  c.g.y.a.jni.SystemMonitorManagerJNI - SystemMonitorManager - Collected new counter data
2025-05-10 15:39:00 [pool-2-thread-1] INFO  c.g.y.a.jni.SystemMonitorManagerJNI - SystemMonitorManager - Collected new counter data
2025-05-10 15:39:01 [pool-2-thread-1] INFO  c.g.y.a.jni.SystemMonitorManagerJNI - SystemMonitorManager - Collected new counter data
2025-05-10 15:39:02 [pool-2-thread-1] INFO  c.g.y.a.jni.SystemMonitorManagerJNI - SystemMonitorManager - Collected new counter data
2025-05-10 15:39:03 [pool-2-thread-1] INFO  c.g.y.a.jni.SystemMonitorManagerJNI - SystemMonitorManager - Collected new counter data
2025-05-10 15:39:04 [pool-2-thread-1] INFO  c.g.y.a.jni.SystemMonitorManagerJNI - SystemMonitorManager - Collected new counter data
2025-05-10 15:39:05 [pool-2-thread-1] INFO  c.g.y.a.jni.SystemMonitorManagerJNI - SystemMonitorManager - Collected new counter data
2025-05-10 15:39:06 [pool-2-thread-1] INFO  c.g.y.a.jni.SystemMonitorManagerJNI - SystemMonitorManager - Collected new counter data
2025-05-10 15:39:07 [pool-2-thread-1] INFO  c.g.y.a.jni.SystemMonitorManagerJNI - SystemMonitorManager - Collected new counter data
2025-05-10 15:39:08 [pool-2-thread-1] INFO  c.g.y.a.jni.SystemMonitorManagerJNI - SystemMonitorManager - Collected new counter data
2025-05-10 15:39:09 [pool-2-thread-1] INFO  c.g.y.a.jni.SystemMonitorManagerJNI - SystemMonitorManager - Collected new counter data
2025-05-10 15:39:10 [pool-2-thread-1] INFO  c.g.y.a.jni.SystemMonitorManagerJNI - SystemMonitorManager - Collected new counter data
2025-05-10 15:39:11 [pool-2-thread-1] INFO  c.g.y.a.jni.SystemMonitorManagerJNI - SystemMonitorManager - Collected new counter data
2025-05-10 15:39:12 [pool-2-thread-1] INFO  c.g.y.a.jni.SystemMonitorManagerJNI - SystemMonitorManager - Collected new counter data
2025-05-10 15:39:13 [pool-2-thread-1] INFO  c.g.y.a.jni.SystemMonitorManagerJNI - SystemMonitorManager - Collected new counter data
2025-05-10 15:39:14 [pool-2-thread-1] INFO  c.g.y.a.jni.SystemMonitorManagerJNI - SystemMonitorManager - Collected new counter data
2025-05-10 15:39:15 [pool-2-thread-1] INFO  c.g.y.a.jni.SystemMonitorManagerJNI - SystemMonitorManager - Collected new counter data
2025-05-10 15:39:16 [pool-2-thread-1] INFO  c.g.y.a.jni.SystemMonitorManagerJNI - SystemMonitorManager - Collected new counter data
2025-05-10 15:39:17 [pool-2-thread-1] INFO  c.g.y.a.jni.SystemMonitorManagerJNI - SystemMonitorManager - Collected new counter data
2025-05-10 15:39:18 [pool-2-thread-1] INFO  c.g.y.a.jni.SystemMonitorManagerJNI - SystemMonitorManager - Collected new counter data
2025-05-10 15:39:19 [pool-2-thread-1] INFO  c.g.y.a.jni.SystemMonitorManagerJNI - SystemMonitorManager - Collected new counter data
2025-05-10 15:39:20 [pool-2-thread-1] INFO  c.g.y.a.jni.SystemMonitorManagerJNI - SystemMonitorManager - Collected new counter data
2025-05-10 15:39:21 [pool-2-thread-1] INFO  c.g.y.a.jni.SystemMonitorManagerJNI - SystemMonitorManager - Collected new counter data
2025-05-10 15:39:22 [pool-2-thread-1] INFO  c.g.y.a.jni.SystemMonitorManagerJNI - SystemMonitorManager - Collected new counter data
2025-05-10 15:39:23 [pool-2-thread-1] INFO  c.g.y.a.jni.SystemMonitorManagerJNI - SystemMonitorManager - Collected new counter data
2025-05-10 15:39:24 [pool-2-thread-1] INFO  c.g.y.a.jni.SystemMonitorManagerJNI - SystemMonitorManager - Collected new counter data
2025-05-10 15:39:25 [pool-2-thread-1] INFO  c.g.y.a.jni.SystemMonitorManagerJNI - SystemMonitorManager - Collected new counter data
2025-05-10 15:39:26 [pool-2-thread-1] INFO  c.g.y.a.jni.SystemMonitorManagerJNI - SystemMonitorManager - Collected new counter data
2025-05-10 15:39:27 [pool-2-thread-1] INFO  c.g.y.a.jni.SystemMonitorManagerJNI - SystemMonitorManager - Collected new counter data
2025-05-10 15:39:28 [pool-2-thread-1] INFO  c.g.y.a.jni.SystemMonitorManagerJNI - SystemMonitorManager - Collected new counter data
2025-05-10 15:39:29 [pool-2-thread-1] INFO  c.g.y.a.jni.SystemMonitorManagerJNI - SystemMonitorManager - Collected new counter data
2025-05-10 15:39:30 [pool-2-thread-1] INFO  c.g.y.a.jni.SystemMonitorManagerJNI - SystemMonitorManager - Collected new counter data
2025-05-10 15:39:31 [pool-2-thread-1] INFO  c.g.y.a.jni.SystemMonitorManagerJNI - SystemMonitorManager - Collected new counter data
2025-05-10 15:39:32 [pool-2-thread-1] INFO  c.g.y.a.jni.SystemMonitorManagerJNI - SystemMonitorManager - Collected new counter data
2025-05-10 15:39:33 [pool-2-thread-1] INFO  c.g.y.a.jni.SystemMonitorManagerJNI - SystemMonitorManager - Collected new counter data
2025-05-10 15:39:34 [pool-2-thread-1] INFO  c.g.y.a.jni.SystemMonitorManagerJNI - SystemMonitorManager - Collected new counter data
2025-05-10 15:39:35 [pool-2-thread-1] INFO  c.g.y.a.jni.SystemMonitorManagerJNI - SystemMonitorManager - Collected new counter data
2025-05-10 15:39:36 [pool-2-thread-1] INFO  c.g.y.a.jni.SystemMonitorManagerJNI - SystemMonitorManager - Collected new counter data
2025-05-10 15:39:37 [pool-2-thread-1] INFO  c.g.y.a.jni.SystemMonitorManagerJNI - SystemMonitorManager - Collected new counter data
2025-05-10 15:39:38 [pool-2-thread-1] INFO  c.g.y.a.jni.SystemMonitorManagerJNI - SystemMonitorManager - Collected new counter data
2025-05-10 15:39:39 [pool-2-thread-1] INFO  c.g.y.a.jni.SystemMonitorManagerJNI - SystemMonitorManager - Collected new counter data
2025-05-10 15:39:40 [pool-2-thread-1] INFO  c.g.y.a.jni.SystemMonitorManagerJNI - SystemMonitorManager - Collected new counter data
2025-05-10 15:39:41 [pool-2-thread-1] INFO  c.g.y.a.jni.SystemMonitorManagerJNI - SystemMonitorManager - Collected new counter data
2025-05-10 15:39:42 [pool-2-thread-1] INFO  c.g.y.a.jni.SystemMonitorManagerJNI - SystemMonitorManager - Collected new counter data
2025-05-10 15:39:43 [pool-2-thread-1] INFO  c.g.y.a.jni.SystemMonitorManagerJNI - SystemMonitorManager - Collected new counter data
2025-05-10 15:39:44 [pool-2-thread-1] INFO  c.g.y.a.jni.SystemMonitorManagerJNI - SystemMonitorManager - Collected new counter data
2025-05-10 15:39:45 [pool-2-thread-1] INFO  c.g.y.a.jni.SystemMonitorManagerJNI - SystemMonitorManager - Collected new counter data
2025-05-10 15:39:46 [pool-2-thread-1] INFO  c.g.y.a.jni.SystemMonitorManagerJNI - SystemMonitorManager - Collected new counter data
2025-05-10 15:39:47 [pool-2-thread-1] INFO  c.g.y.a.jni.SystemMonitorManagerJNI - SystemMonitorManager - Collected new counter data
2025-05-10 15:39:48 [pool-2-thread-1] INFO  c.g.y.a.jni.SystemMonitorManagerJNI - SystemMonitorManager - Collected new counter data
2025-05-10 15:39:49 [pool-2-thread-1] INFO  c.g.y.a.jni.SystemMonitorManagerJNI - SystemMonitorManager - Collected new counter data
2025-05-10 15:39:50 [pool-2-thread-1] INFO  c.g.y.a.jni.SystemMonitorManagerJNI - SystemMonitorManager - Collected new counter data
2025-05-10 15:39:51 [pool-2-thread-1] INFO  c.g.y.a.jni.SystemMonitorManagerJNI - SystemMonitorManager - Collected new counter data
2025-05-10 15:39:52 [pool-2-thread-1] INFO  c.g.y.a.jni.SystemMonitorManagerJNI - SystemMonitorManager - Collected new counter data
2025-05-10 15:39:53 [pool-2-thread-1] INFO  c.g.y.a.jni.SystemMonitorManagerJNI - SystemMonitorManager - Collected new counter data
2025-05-10 15:39:54 [pool-2-thread-1] INFO  c.g.y.a.jni.SystemMonitorManagerJNI - SystemMonitorManager - Collected new counter data
2025-05-10 15:39:55 [pool-2-thread-1] INFO  c.g.y.a.jni.SystemMonitorManagerJNI - SystemMonitorManager - Collected new counter data
2025-05-10 15:39:56 [pool-2-thread-1] INFO  c.g.y.a.jni.SystemMonitorManagerJNI - SystemMonitorManager - Collected new counter data
2025-05-10 15:39:57 [pool-2-thread-1] INFO  c.g.y.a.jni.SystemMonitorManagerJNI - SystemMonitorManager - Collected new counter data
2025-05-10 15:39:58 [pool-2-thread-1] INFO  c.g.y.a.jni.SystemMonitorManagerJNI - SystemMonitorManager - Collected new counter data
2025-05-10 15:39:59 [pool-2-thread-1] INFO  c.g.y.a.jni.SystemMonitorManagerJNI - SystemMonitorManager - Collected new counter data
2025-05-10 15:40:00 [pool-2-thread-1] INFO  c.g.y.a.jni.SystemMonitorManagerJNI - SystemMonitorManager - Collected new counter data
2025-05-10 15:40:01 [pool-2-thread-1] INFO  c.g.y.a.jni.SystemMonitorManagerJNI - SystemMonitorManager - Collected new counter data
2025-05-10 15:40:02 [pool-2-thread-1] INFO  c.g.y.a.jni.SystemMonitorManagerJNI - SystemMonitorManager - Collected new counter data
2025-05-10 15:40:03 [pool-2-thread-1] INFO  c.g.y.a.jni.SystemMonitorManagerJNI - SystemMonitorManager - Collected new counter data
2025-05-10 15:40:04 [pool-2-thread-1] INFO  c.g.y.a.jni.SystemMonitorManagerJNI - SystemMonitorManager - Collected new counter data
2025-05-10 15:40:05 [pool-2-thread-1] INFO  c.g.y.a.jni.SystemMonitorManagerJNI - SystemMonitorManager - Collected new counter data
2025-05-10 15:40:06 [pool-2-thread-1] INFO  c.g.y.a.jni.SystemMonitorManagerJNI - SystemMonitorManager - Collected new counter data
2025-05-10 15:40:07 [pool-2-thread-1] INFO  c.g.y.a.jni.SystemMonitorManagerJNI - SystemMonitorManager - Collected new counter data
2025-05-10 15:40:08 [pool-2-thread-1] INFO  c.g.y.a.jni.SystemMonitorManagerJNI - SystemMonitorManager - Collected new counter data
2025-05-10 15:40:09 [pool-2-thread-1] INFO  c.g.y.a.jni.SystemMonitorManagerJNI - SystemMonitorManager - Collected new counter data
2025-05-10 15:40:10 [pool-2-thread-1] INFO  c.g.y.a.jni.SystemMonitorManagerJNI - SystemMonitorManager - Collected new counter data
2025-05-10 15:40:11 [pool-2-thread-1] INFO  c.g.y.a.jni.SystemMonitorManagerJNI - SystemMonitorManager - Collected new counter data
2025-05-10 15:40:12 [pool-2-thread-1] INFO  c.g.y.a.jni.SystemMonitorManagerJNI - SystemMonitorManager - Collected new counter data
2025-05-10 15:40:13 [pool-2-thread-1] INFO  c.g.y.a.jni.SystemMonitorManagerJNI - SystemMonitorManager - Collected new counter data
2025-05-10 15:40:14 [pool-2-thread-1] INFO  c.g.y.a.jni.SystemMonitorManagerJNI - SystemMonitorManager - Collected new counter data
2025-05-10 15:40:15 [pool-2-thread-1] INFO  c.g.y.a.jni.SystemMonitorManagerJNI - SystemMonitorManager - Collected new counter data
2025-05-10 15:40:16 [pool-2-thread-1] INFO  c.g.y.a.jni.SystemMonitorManagerJNI - SystemMonitorManager - Collected new counter data
2025-05-10 15:40:17 [pool-2-thread-1] INFO  c.g.y.a.jni.SystemMonitorManagerJNI - SystemMonitorManager - Collected new counter data
2025-05-10 15:40:18 [pool-2-thread-1] INFO  c.g.y.a.jni.SystemMonitorManagerJNI - SystemMonitorManager - Collected new counter data
2025-05-10 15:40:19 [pool-2-thread-1] INFO  c.g.y.a.jni.SystemMonitorManagerJNI - SystemMonitorManager - Collected new counter data
2025-05-10 15:40:20 [pool-2-thread-1] INFO  c.g.y.a.jni.SystemMonitorManagerJNI - SystemMonitorManager - Collected new counter data
2025-05-10 15:40:21 [pool-2-thread-1] INFO  c.g.y.a.jni.SystemMonitorManagerJNI - SystemMonitorManager - Collected new counter data
2025-05-10 15:40:22 [pool-2-thread-1] INFO  c.g.y.a.jni.SystemMonitorManagerJNI - SystemMonitorManager - Collected new counter data
2025-05-10 15:40:23 [pool-2-thread-1] INFO  c.g.y.a.jni.SystemMonitorManagerJNI - SystemMonitorManager - Collected new counter data
2025-05-10 15:40:24 [pool-2-thread-1] INFO  c.g.y.a.jni.SystemMonitorManagerJNI - SystemMonitorManager - Collected new counter data
2025-05-10 15:40:25 [pool-2-thread-1] INFO  c.g.y.a.jni.SystemMonitorManagerJNI - SystemMonitorManager - Collected new counter data
2025-05-10 15:40:26 [pool-2-thread-1] INFO  c.g.y.a.jni.SystemMonitorManagerJNI - SystemMonitorManager - Collected new counter data
2025-05-10 15:40:27 [pool-2-thread-1] INFO  c.g.y.a.jni.SystemMonitorManagerJNI - SystemMonitorManager - Collected new counter data
2025-05-10 15:40:28 [pool-2-thread-1] INFO  c.g.y.a.jni.SystemMonitorManagerJNI - SystemMonitorManager - Collected new counter data
2025-05-10 15:40:29 [pool-2-thread-1] INFO  c.g.y.a.jni.SystemMonitorManagerJNI - SystemMonitorManager - Collected new counter data
2025-05-10 15:40:30 [pool-2-thread-1] INFO  c.g.y.a.jni.SystemMonitorManagerJNI - SystemMonitorManager - Collected new counter data
2025-05-10 15:40:31 [pool-2-thread-1] INFO  c.g.y.a.jni.SystemMonitorManagerJNI - SystemMonitorManager - Collected new counter data
2025-05-10 15:40:32 [pool-2-thread-1] INFO  c.g.y.a.jni.SystemMonitorManagerJNI - SystemMonitorManager - Collected new counter data
2025-05-10 15:40:33 [pool-2-thread-1] INFO  c.g.y.a.jni.SystemMonitorManagerJNI - SystemMonitorManager - Collected new counter data
2025-05-10 15:40:34 [pool-2-thread-1] INFO  c.g.y.a.jni.SystemMonitorManagerJNI - SystemMonitorManager - Collected new counter data
2025-05-10 15:40:35 [pool-2-thread-1] INFO  c.g.y.a.jni.SystemMonitorManagerJNI - SystemMonitorManager - Collected new counter data
2025-05-10 15:40:36 [pool-2-thread-1] INFO  c.g.y.a.jni.SystemMonitorManagerJNI - SystemMonitorManager - Collected new counter data
2025-05-10 15:40:37 [pool-2-thread-1] INFO  c.g.y.a.jni.SystemMonitorManagerJNI - SystemMonitorManager - Collected new counter data
2025-05-10 15:40:38 [pool-2-thread-1] INFO  c.g.y.a.jni.SystemMonitorManagerJNI - SystemMonitorManager - Collected new counter data
2025-05-10 15:40:39 [pool-2-thread-1] INFO  c.g.y.a.jni.SystemMonitorManagerJNI - SystemMonitorManager - Collected new counter data
2025-05-10 15:40:40 [pool-2-thread-1] INFO  c.g.y.a.jni.SystemMonitorManagerJNI - SystemMonitorManager - Collected new counter data
2025-05-10 15:40:41 [pool-2-thread-1] INFO  c.g.y.a.jni.SystemMonitorManagerJNI - SystemMonitorManager - Collected new counter data
2025-05-10 15:40:42 [pool-2-thread-1] INFO  c.g.y.a.jni.SystemMonitorManagerJNI - SystemMonitorManager - Collected new counter data
2025-05-10 15:40:43 [pool-2-thread-1] INFO  c.g.y.a.jni.SystemMonitorManagerJNI - SystemMonitorManager - Collected new counter data
2025-05-10 15:40:44 [pool-2-thread-1] INFO  c.g.y.a.jni.SystemMonitorManagerJNI - SystemMonitorManager - Collected new counter data
2025-05-10 15:40:45 [pool-2-thread-1] INFO  c.g.y.a.jni.SystemMonitorManagerJNI - SystemMonitorManager - Collected new counter data
2025-05-10 15:40:46 [pool-2-thread-1] INFO  c.g.y.a.jni.SystemMonitorManagerJNI - SystemMonitorManager - Collected new counter data
2025-05-10 15:40:47 [pool-2-thread-1] INFO  c.g.y.a.jni.SystemMonitorManagerJNI - SystemMonitorManager - Collected new counter data
2025-05-10 15:40:48 [pool-2-thread-1] INFO  c.g.y.a.jni.SystemMonitorManagerJNI - SystemMonitorManager - Collected new counter data
2025-05-10 15:40:49 [pool-2-thread-1] INFO  c.g.y.a.jni.SystemMonitorManagerJNI - SystemMonitorManager - Collected new counter data
2025-05-10 15:40:50 [pool-2-thread-1] INFO  c.g.y.a.jni.SystemMonitorManagerJNI - SystemMonitorManager - Collected new counter data
2025-05-10 15:40:51 [pool-2-thread-1] INFO  c.g.y.a.jni.SystemMonitorManagerJNI - SystemMonitorManager - Collected new counter data
2025-05-10 15:40:52 [pool-2-thread-1] INFO  c.g.y.a.jni.SystemMonitorManagerJNI - SystemMonitorManager - Collected new counter data
2025-05-10 15:40:53 [pool-2-thread-1] INFO  c.g.y.a.jni.SystemMonitorManagerJNI - SystemMonitorManager - Collected new counter data
2025-05-10 15:40:54 [pool-2-thread-1] INFO  c.g.y.a.jni.SystemMonitorManagerJNI - SystemMonitorManager - Collected new counter data
2025-05-10 15:40:55 [pool-2-thread-1] INFO  c.g.y.a.jni.SystemMonitorManagerJNI - SystemMonitorManager - Collected new counter data
2025-05-10 15:40:56 [pool-2-thread-1] INFO  c.g.y.a.jni.SystemMonitorManagerJNI - SystemMonitorManager - Collected new counter data
2025-05-10 15:40:57 [pool-2-thread-1] INFO  c.g.y.a.jni.SystemMonitorManagerJNI - SystemMonitorManager - Collected new counter data
2025-05-10 15:40:58 [pool-2-thread-1] INFO  c.g.y.a.jni.SystemMonitorManagerJNI - SystemMonitorManager - Collected new counter data
2025-05-10 15:40:59 [pool-2-thread-1] INFO  c.g.y.a.jni.SystemMonitorManagerJNI - SystemMonitorManager - Collected new counter data
2025-05-10 15:41:00 [pool-2-thread-1] INFO  c.g.y.a.jni.SystemMonitorManagerJNI - SystemMonitorManager - Collected new counter data
2025-05-10 15:41:01 [pool-2-thread-1] INFO  c.g.y.a.jni.SystemMonitorManagerJNI - SystemMonitorManager - Collected new counter data
2025-05-10 15:41:02 [pool-2-thread-1] INFO  c.g.y.a.jni.SystemMonitorManagerJNI - SystemMonitorManager - Collected new counter data
2025-05-10 15:41:03 [pool-2-thread-1] INFO  c.g.y.a.jni.SystemMonitorManagerJNI - SystemMonitorManager - Collected new counter data
2025-05-10 15:41:04 [pool-2-thread-1] INFO  c.g.y.a.jni.SystemMonitorManagerJNI - SystemMonitorManager - Collected new counter data
2025-05-10 15:41:05 [pool-2-thread-1] INFO  c.g.y.a.jni.SystemMonitorManagerJNI - SystemMonitorManager - Collected new counter data
2025-05-10 15:41:06 [pool-2-thread-1] INFO  c.g.y.a.jni.SystemMonitorManagerJNI - SystemMonitorManager - Collected new counter data
2025-05-10 15:41:07 [pool-2-thread-1] INFO  c.g.y.a.jni.SystemMonitorManagerJNI - SystemMonitorManager - Collected new counter data
2025-05-10 15:41:08 [pool-2-thread-1] INFO  c.g.y.a.jni.SystemMonitorManagerJNI - SystemMonitorManager - Collected new counter data
2025-05-10 15:41:09 [pool-2-thread-1] INFO  c.g.y.a.jni.SystemMonitorManagerJNI - SystemMonitorManager - Collected new counter data
2025-05-10 15:41:10 [pool-2-thread-1] INFO  c.g.y.a.jni.SystemMonitorManagerJNI - SystemMonitorManager - Collected new counter data
2025-05-10 15:41:11 [pool-2-thread-1] INFO  c.g.y.a.jni.SystemMonitorManagerJNI - SystemMonitorManager - Collected new counter data
2025-05-10 15:41:12 [pool-2-thread-1] INFO  c.g.y.a.jni.SystemMonitorManagerJNI - SystemMonitorManager - Collected new counter data
2025-05-10 15:41:13 [pool-2-thread-1] INFO  c.g.y.a.jni.SystemMonitorManagerJNI - SystemMonitorManager - Collected new counter data
2025-05-10 15:41:14 [pool-2-thread-1] INFO  c.g.y.a.jni.SystemMonitorManagerJNI - SystemMonitorManager - Collected new counter data
2025-05-10 15:41:15 [pool-2-thread-1] INFO  c.g.y.a.jni.SystemMonitorManagerJNI - SystemMonitorManager - Collected new counter data
2025-05-10 15:41:16 [pool-2-thread-1] INFO  c.g.y.a.jni.SystemMonitorManagerJNI - SystemMonitorManager - Collected new counter data
2025-05-10 15:41:17 [pool-2-thread-1] INFO  c.g.y.a.jni.SystemMonitorManagerJNI - SystemMonitorManager - Collected new counter data
2025-05-10 15:41:18 [pool-2-thread-1] INFO  c.g.y.a.jni.SystemMonitorManagerJNI - SystemMonitorManager - Collected new counter data
2025-05-10 15:41:19 [pool-2-thread-1] INFO  c.g.y.a.jni.SystemMonitorManagerJNI - SystemMonitorManager - Collected new counter data
2025-05-10 15:41:20 [pool-2-thread-1] INFO  c.g.y.a.jni.SystemMonitorManagerJNI - SystemMonitorManager - Collected new counter data
2025-05-10 15:41:21 [pool-2-thread-1] INFO  c.g.y.a.jni.SystemMonitorManagerJNI - SystemMonitorManager - Collected new counter data
2025-05-10 15:41:22 [pool-2-thread-1] INFO  c.g.y.a.jni.SystemMonitorManagerJNI - SystemMonitorManager - Collected new counter data
2025-05-10 15:41:23 [pool-2-thread-1] INFO  c.g.y.a.jni.SystemMonitorManagerJNI - SystemMonitorManager - Collected new counter data
2025-05-10 15:41:24 [pool-2-thread-1] INFO  c.g.y.a.jni.SystemMonitorManagerJNI - SystemMonitorManager - Collected new counter data
2025-05-10 15:41:25 [pool-2-thread-1] INFO  c.g.y.a.jni.SystemMonitorManagerJNI - SystemMonitorManager - Collected new counter data
2025-05-10 15:41:26 [pool-2-thread-1] INFO  c.g.y.a.jni.SystemMonitorManagerJNI - SystemMonitorManager - Collected new counter data
2025-05-10 15:41:27 [pool-2-thread-1] INFO  c.g.y.a.jni.SystemMonitorManagerJNI - SystemMonitorManager - Collected new counter data
2025-05-10 15:41:28 [pool-2-thread-1] INFO  c.g.y.a.jni.SystemMonitorManagerJNI - SystemMonitorManager - Collected new counter data
2025-05-10 15:41:29 [pool-2-thread-1] INFO  c.g.y.a.jni.SystemMonitorManagerJNI - SystemMonitorManager - Collected new counter data
2025-05-10 15:41:30 [pool-2-thread-1] INFO  c.g.y.a.jni.SystemMonitorManagerJNI - SystemMonitorManager - Collected new counter data
2025-05-10 15:41:31 [pool-2-thread-1] INFO  c.g.y.a.jni.SystemMonitorManagerJNI - SystemMonitorManager - Collected new counter data
2025-05-10 15:41:32 [pool-2-thread-1] INFO  c.g.y.a.jni.SystemMonitorManagerJNI - SystemMonitorManager - Collected new counter data
2025-05-10 15:41:33 [pool-2-thread-1] INFO  c.g.y.a.jni.SystemMonitorManagerJNI - SystemMonitorManager - Collected new counter data
2025-05-10 15:41:34 [pool-2-thread-1] INFO  c.g.y.a.jni.SystemMonitorManagerJNI - SystemMonitorManager - Collected new counter data
2025-05-10 15:41:35 [pool-2-thread-1] INFO  c.g.y.a.jni.SystemMonitorManagerJNI - SystemMonitorManager - Collected new counter data
2025-05-10 15:41:36 [pool-2-thread-1] INFO  c.g.y.a.jni.SystemMonitorManagerJNI - SystemMonitorManager - Collected new counter data
2025-05-10 15:41:37 [pool-2-thread-1] INFO  c.g.y.a.jni.SystemMonitorManagerJNI - SystemMonitorManager - Collected new counter data
2025-05-10 15:41:38 [pool-2-thread-1] INFO  c.g.y.a.jni.SystemMonitorManagerJNI - SystemMonitorManager - Collected new counter data
2025-05-10 15:41:39 [pool-2-thread-1] INFO  c.g.y.a.jni.SystemMonitorManagerJNI - SystemMonitorManager - Collected new counter data
2025-05-10 15:41:40 [pool-2-thread-1] INFO  c.g.y.a.jni.SystemMonitorManagerJNI - SystemMonitorManager - Collected new counter data
2025-05-10 15:41:41 [pool-2-thread-1] INFO  c.g.y.a.jni.SystemMonitorManagerJNI - SystemMonitorManager - Collected new counter data
2025-05-10 15:41:42 [pool-2-thread-1] INFO  c.g.y.a.jni.SystemMonitorManagerJNI - SystemMonitorManager - Collected new counter data
2025-05-10 15:41:43 [pool-2-thread-1] INFO  c.g.y.a.jni.SystemMonitorManagerJNI - SystemMonitorManager - Collected new counter data
2025-05-10 15:41:44 [pool-2-thread-1] INFO  c.g.y.a.jni.SystemMonitorManagerJNI - SystemMonitorManager - Collected new counter data
2025-05-10 15:41:45 [pool-2-thread-1] INFO  c.g.y.a.jni.SystemMonitorManagerJNI - SystemMonitorManager - Collected new counter data
2025-05-10 15:41:46 [pool-2-thread-1] INFO  c.g.y.a.jni.SystemMonitorManagerJNI - SystemMonitorManager - Collected new counter data
2025-05-10 15:41:47 [pool-2-thread-1] INFO  c.g.y.a.jni.SystemMonitorManagerJNI - SystemMonitorManager - Collected new counter data
2025-05-10 15:41:48 [pool-2-thread-1] INFO  c.g.y.a.jni.SystemMonitorManagerJNI - SystemMonitorManager - Collected new counter data
2025-05-10 15:41:49 [pool-2-thread-1] INFO  c.g.y.a.jni.SystemMonitorManagerJNI - SystemMonitorManager - Collected new counter data
2025-05-10 15:41:50 [pool-2-thread-1] INFO  c.g.y.a.jni.SystemMonitorManagerJNI - SystemMonitorManager - Collected new counter data
2025-05-10 15:41:51 [pool-2-thread-1] INFO  c.g.y.a.jni.SystemMonitorManagerJNI - SystemMonitorManager - Collected new counter data
2025-05-10 15:41:52 [pool-2-thread-1] INFO  c.g.y.a.jni.SystemMonitorManagerJNI - SystemMonitorManager - Collected new counter data
2025-05-10 15:41:53 [pool-2-thread-1] INFO  c.g.y.a.jni.SystemMonitorManagerJNI - SystemMonitorManager - Collected new counter data
2025-05-10 15:41:54 [pool-2-thread-1] INFO  c.g.y.a.jni.SystemMonitorManagerJNI - SystemMonitorManager - Collected new counter data
2025-05-10 15:41:55 [pool-2-thread-1] INFO  c.g.y.a.jni.SystemMonitorManagerJNI - SystemMonitorManager - Collected new counter data
2025-05-10 15:41:56 [pool-2-thread-1] INFO  c.g.y.a.jni.SystemMonitorManagerJNI - SystemMonitorManager - Collected new counter data
2025-05-10 15:41:57 [pool-2-thread-1] INFO  c.g.y.a.jni.SystemMonitorManagerJNI - SystemMonitorManager - Collected new counter data
2025-05-10 15:41:58 [pool-2-thread-1] INFO  c.g.y.a.jni.SystemMonitorManagerJNI - SystemMonitorManager - Collected new counter data
2025-05-10 15:41:59 [pool-2-thread-1] INFO  c.g.y.a.jni.SystemMonitorManagerJNI - SystemMonitorManager - Collected new counter data
2025-05-10 15:42:00 [pool-2-thread-1] INFO  c.g.y.a.jni.SystemMonitorManagerJNI - SystemMonitorManager - Collected new counter data
2025-05-10 15:42:01 [pool-2-thread-1] INFO  c.g.y.a.jni.SystemMonitorManagerJNI - SystemMonitorManager - Collected new counter data
2025-05-10 15:42:02 [pool-2-thread-1] INFO  c.g.y.a.jni.SystemMonitorManagerJNI - SystemMonitorManager - Collected new counter data
2025-05-10 15:42:03 [pool-2-thread-1] INFO  c.g.y.a.jni.SystemMonitorManagerJNI - SystemMonitorManager - Collected new counter data
2025-05-10 15:42:04 [pool-2-thread-1] INFO  c.g.y.a.jni.SystemMonitorManagerJNI - SystemMonitorManager - Collected new counter data
2025-05-10 15:42:05 [pool-2-thread-1] INFO  c.g.y.a.jni.SystemMonitorManagerJNI - SystemMonitorManager - Collected new counter data
2025-05-10 15:42:06 [pool-2-thread-1] INFO  c.g.y.a.jni.SystemMonitorManagerJNI - SystemMonitorManager - Collected new counter data
2025-05-10 15:42:07 [pool-2-thread-1] INFO  c.g.y.a.jni.SystemMonitorManagerJNI - SystemMonitorManager - Collected new counter data
2025-05-10 15:42:08 [pool-2-thread-1] INFO  c.g.y.a.jni.SystemMonitorManagerJNI - SystemMonitorManager - Collected new counter data
2025-05-10 15:42:09 [pool-2-thread-1] INFO  c.g.y.a.jni.SystemMonitorManagerJNI - SystemMonitorManager - Collected new counter data
2025-05-10 15:42:10 [pool-2-thread-1] INFO  c.g.y.a.jni.SystemMonitorManagerJNI - SystemMonitorManager - Collected new counter data
2025-05-10 15:42:10 [SpringApplicationShutdownHook] INFO  o.s.b.w.e.tomcat.GracefulShutdown - Commencing graceful shutdown. Waiting for active requests to complete
2025-05-10 15:42:10 [tomcat-shutdown] INFO  o.s.b.w.e.tomcat.GracefulShutdown - Graceful shutdown complete
2025-05-10 15:42:10 [SpringApplicationShutdownHook] INFO  c.g.y.a.s.SystemMetricsCollector - SystemMetricsCollector cleanup - monitor will be closed by Spring context
2025-05-10 15:42:10 [SpringApplicationShutdownHook] INFO  c.g.y.a.jni.SystemMonitorManagerJNI - Successfully released native resources
2025-05-10 15:42:10 [SpringApplicationShutdownHook] INFO  c.g.yamec.app.YamecApplication - CLEANUP - YamecApplication is shutting down...
2025-05-10 15:42:10 [SpringApplicationShutdownHook] INFO  o.s.o.j.LocalContainerEntityManagerFactoryBean - Closing JPA EntityManagerFactory for persistence unit 'default'
2025-05-10 15:42:10 [SpringApplicationShutdownHook] INFO  com.zaxxer.hikari.HikariDataSource - HikariPool-1 - Shutdown initiated...
2025-05-10 15:42:10 [SpringApplicationShutdownHook] INFO  com.zaxxer.hikari.HikariDataSource - HikariPool-1 - Shutdown completed.
2025-05-10 15:45:01 [main] INFO  c.g.yamec.app.YamecApplication - Starting YamecApplication using Java 23.0.2 with PID 45460 (C:\Users\cmarc\IdeaProjects\yamec\yamec\yamec-app\target\yamec-app-0.0.1-SNAPSHOT.jar started by cmarc in C:\Users\cmarc\IdeaProjects\yamec\yamec)
2025-05-10 15:45:01 [main] INFO  c.g.yamec.app.YamecApplication - No active profile set, falling back to 1 default profile: "default"
2025-05-10 15:45:01 [main] INFO  o.s.d.r.c.RepositoryConfigurationDelegate - Bootstrapping Spring Data JPA repositories in DEFAULT mode.
2025-05-10 15:45:01 [main] INFO  o.s.d.r.c.RepositoryConfigurationDelegate - Finished Spring Data repository scanning in 59 ms. Found 13 JPA repository interfaces.
2025-05-10 15:45:02 [main] INFO  o.s.b.w.e.tomcat.TomcatWebServer - Tomcat initialized with port 8084 (http)
2025-05-10 15:45:02 [main] INFO  o.a.catalina.core.StandardService - Starting service [Tomcat]
2025-05-10 15:45:02 [main] INFO  o.a.catalina.core.StandardEngine - Starting Servlet engine: [Apache Tomcat/10.1.36]
2025-05-10 15:45:02 [main] INFO  o.a.c.c.C.[Tomcat].[localhost].[/] - Initializing Spring embedded WebApplicationContext
2025-05-10 15:45:02 [main] INFO  o.s.b.w.s.c.ServletWebServerApplicationContext - Root WebApplicationContext: initialization completed in 1458 ms
2025-05-10 15:45:02 [main] INFO  o.h.jpa.internal.util.LogHelper - HHH000204: Processing PersistenceUnitInfo [name: default]
2025-05-10 15:45:03 [main] INFO  org.hibernate.Version - HHH000412: Hibernate ORM core version 6.6.8.Final
2025-05-10 15:45:03 [main] INFO  o.h.c.i.RegionFactoryInitiator - HHH000026: Second-level cache disabled
2025-05-10 15:45:03 [main] INFO  o.s.o.j.p.SpringPersistenceUnitInfo - No LoadTimeWeaver setup: ignoring JPA class transformer
2025-05-10 15:45:03 [main] INFO  com.zaxxer.hikari.HikariDataSource - HikariPool-1 - Starting...
2025-05-10 15:45:03 [main] INFO  com.zaxxer.hikari.pool.HikariPool - HikariPool-1 - Added connection org.sqlite.jdbc4.JDBC4Connection@49038f97
2025-05-10 15:45:03 [main] INFO  com.zaxxer.hikari.HikariDataSource - HikariPool-1 - Start completed.
2025-05-10 15:45:03 [main] INFO  o.hibernate.orm.connections.pooling - HHH10001005: Database info:
	Database JDBC URL [Connecting through datasource 'HikariDataSource (HikariPool-1)']
	Database driver: undefined/unknown
	Database version: 3.49.1
	Autocommit mode: undefined/unknown
	Isolation level: undefined/unknown
	Minimum pool size: undefined/unknown
	Maximum pool size: undefined/unknown
2025-05-10 15:45:04 [main] INFO  o.h.e.t.j.p.i.JtaPlatformInitiator - HHH000489: No JTA platform available (set 'hibernate.transaction.jta.platform' to enable JTA platform integration)
2025-05-10 15:45:04 [main] INFO  o.s.o.j.LocalContainerEntityManagerFactoryBean - Initialized JPA EntityManagerFactory for persistence unit 'default'
2025-05-10 15:45:04 [main] INFO  o.s.d.j.r.query.QueryEnhancerFactory - Hibernate is in classpath; If applicable, HQL parser will be used.
2025-05-10 15:45:06 [main] INFO  c.g.y.app.config.SystemMonitorConfig - Creating singleton instance of SystemMonitorManagerJNI
2025-05-10 15:45:06 [pool-2-thread-1] INFO  com.github.fommil.jni.JniLoader - successfully loaded C:\Users\cmarc\AppData\Local\Temp\jniloader10806418662379080844yamecjni.dll
2025-05-10 15:45:06 [pool-2-thread-1] INFO  c.g.y.a.jni.SystemMonitorManagerJNI - SystemMonitorManager - Initialized
2025-05-10 15:45:06 [pool-2-thread-1] INFO  c.g.y.a.jni.SystemMonitorManagerJNI - SystemMonitorManager - Collected new counter data
2025-05-10 15:45:07 [main] INFO  c.g.y.a.s.SystemMetricsCollector - Initializing SystemMetricsCollector
2025-05-10 15:45:07 [main] INFO  c.g.y.a.s.SystemMetricsCollector - CPU Hardware Information: Cpu[id=null, friendlyName='AMD Ryzen 9 5950X 16-Core Processor            ', coreCount='16', logicalProcessorCount='32', l1CacheSize='1048576', l2CacheSize='8388608', l3CacheSize='67108864', virtualizationEnabled='true']
2025-05-10 15:45:07 [main] INFO  c.g.y.a.s.SystemMetricsCollector - Memory Hardware Information: MemoryHardwareInformation{id=null, capacity=103079215104, speed=2133, slotsUsed=4, slotsTotal=4, capacityIsUnsigned=true, speedIsUnsigned=true}
2025-05-10 15:45:07 [main] INFO  c.g.y.a.s.SystemMetricsCollector - Disk Hardware Information:
2025-05-10 15:45:07 [main] INFO  c.g.y.a.s.SystemMetricsCollector - com.gibbonsdimarco.yamec.app.data.DiskHardwareInformation@7b779c7b
2025-05-10 15:45:07 [main] INFO  c.g.y.a.s.SystemMetricsCollector - com.gibbonsdimarco.yamec.app.data.DiskHardwareInformation@16fc5679
2025-05-10 15:45:07 [main] INFO  c.g.y.a.s.SystemMetricsCollector - NIC Hardware Information:
2025-05-10 15:45:07 [main] INFO  c.g.y.a.s.SystemMetricsCollector - com.gibbonsdimarco.yamec.app.data.NicHardwareInformation@7b28ce3c
2025-05-10 15:45:07 [main] INFO  c.g.y.a.s.SystemMetricsCollector - com.gibbonsdimarco.yamec.app.data.NicHardwareInformation@7cb2f534
2025-05-10 15:45:07 [main] INFO  o.s.b.a.w.s.WelcomePageHandlerMapping - Adding welcome page template: index
2025-05-10 15:45:07 [main] INFO  o.s.b.w.e.tomcat.TomcatWebServer - Tomcat started on port 8084 (http) with context path '/'
2025-05-10 15:45:07 [main] INFO  c.g.yamec.app.YamecApplication - Started YamecApplication in 7.374 seconds (process running for 8.164)
2025-05-10 15:45:08 [pool-2-thread-1] INFO  c.g.y.a.jni.SystemMonitorManagerJNI - SystemMonitorManager - Collected new counter data
2025-05-10 15:45:09 [pool-2-thread-1] INFO  c.g.y.a.jni.SystemMonitorManagerJNI - SystemMonitorManager - Collected new counter data
2025-05-10 15:45:09 [pool-2-thread-1] INFO  c.g.y.a.jni.SystemMonitorManagerJNI - SystemMonitorManager - Collected new counter data
2025-05-10 15:45:09 [main] INFO  c.g.yamec.app.YamecApplication - User home directory: C:\Users\cmarc
2025-05-10 15:45:09 [main] INFO  c.g.yamec.app.YamecApplication - Yamec Application Started
2025-05-10 15:45:09 [http-nio-8084-exec-1] INFO  o.a.c.c.C.[Tomcat].[localhost].[/] - Initializing Spring DispatcherServlet 'dispatcherServlet'
2025-05-10 15:45:09 [http-nio-8084-exec-1] INFO  o.s.web.servlet.DispatcherServlet - Initializing Servlet 'dispatcherServlet'
2025-05-10 15:45:09 [http-nio-8084-exec-1] INFO  o.s.web.servlet.DispatcherServlet - Completed initialization in 1 ms
2025-05-10 15:45:10 [pool-2-thread-1] INFO  c.g.y.a.jni.SystemMonitorManagerJNI - SystemMonitorManager - Collected new counter data
2025-05-10 15:45:11 [pool-2-thread-1] INFO  c.g.y.a.jni.SystemMonitorManagerJNI - SystemMonitorManager - Collected new counter data
2025-05-10 15:45:12 [pool-2-thread-1] INFO  c.g.y.a.jni.SystemMonitorManagerJNI - SystemMonitorManager - Collected new counter data
2025-05-10 15:45:12 [http-nio-8084-exec-8] ERROR org.thymeleaf.TemplateEngine - [THYMELEAF][http-nio-8084-exec-8] Exception processing template "archive": An error happened during template parsing (template: "class path resource [templates/archive.html]" - line 190, col 20)
org.thymeleaf.exceptions.TemplateInputException: An error happened during template parsing (template: "class path resource [templates/archive.html]" - line 190, col 20)
	at org.thymeleaf.templateparser.markup.AbstractMarkupTemplateParser.parse(AbstractMarkupTemplateParser.java:239)
	at org.thymeleaf.templateparser.markup.AbstractMarkupTemplateParser.parseStandalone(AbstractMarkupTemplateParser.java:100)
	at org.thymeleaf.engine.TemplateManager.parseAndProcess(TemplateManager.java:649)
	at org.thymeleaf.TemplateEngine.process(TemplateEngine.java:1103)
	at org.thymeleaf.TemplateEngine.process(TemplateEngine.java:1077)
	at org.thymeleaf.spring6.view.ThymeleafView.renderFragment(ThymeleafView.java:372)
	at org.thymeleaf.spring6.view.ThymeleafView.render(ThymeleafView.java:192)
	at org.springframework.web.servlet.DispatcherServlet.render(DispatcherServlet.java:1435)
	at org.springframework.web.servlet.DispatcherServlet.processDispatchResult(DispatcherServlet.java:1167)
	at org.springframework.web.servlet.DispatcherServlet.doDispatch(DispatcherServlet.java:1105)
	at org.springframework.web.servlet.DispatcherServlet.doService(DispatcherServlet.java:978)
	at org.springframework.web.servlet.FrameworkServlet.processRequest(FrameworkServlet.java:1014)
	at org.springframework.web.servlet.FrameworkServlet.doGet(FrameworkServlet.java:903)
	at jakarta.servlet.http.HttpServlet.service(HttpServlet.java:564)
	at org.springframework.web.servlet.FrameworkServlet.service(FrameworkServlet.java:885)
	at jakarta.servlet.http.HttpServlet.service(HttpServlet.java:658)
	at org.apache.catalina.core.ApplicationFilterChain.internalDoFilter(ApplicationFilterChain.java:195)
	at org.apache.catalina.core.ApplicationFilterChain.doFilter(ApplicationFilterChain.java:140)
	at org.apache.tomcat.websocket.server.WsFilter.doFilter(WsFilter.java:51)
	at org.apache.catalina.core.ApplicationFilterChain.internalDoFilter(ApplicationFilterChain.java:164)
	at org.apache.catalina.core.ApplicationFilterChain.doFilter(ApplicationFilterChain.java:140)
	at org.springframework.web.filter.RequestContextFilter.doFilterInternal(RequestContextFilter.java:100)
	at org.springframework.web.filter.OncePerRequestFilter.doFilter(OncePerRequestFilter.java:116)
	at org.apache.catalina.core.ApplicationFilterChain.internalDoFilter(ApplicationFilterChain.java:164)
	at org.apache.catalina.core.ApplicationFilterChain.doFilter(ApplicationFilterChain.java:140)
	at org.springframework.web.filter.FormContentFilter.doFilterInternal(FormContentFilter.java:93)
	at org.springframework.web.filter.OncePerRequestFilter.doFilter(OncePerRequestFilter.java:116)
	at org.apache.catalina.core.ApplicationFilterChain.internalDoFilter(ApplicationFilterChain.java:164)
	at org.apache.catalina.core.ApplicationFilterChain.doFilter(ApplicationFilterChain.java:140)
	at org.springframework.web.filter.CharacterEncodingFilter.doFilterInternal(CharacterEncodingFilter.java:201)
	at org.springframework.web.filter.OncePerRequestFilter.doFilter(OncePerRequestFilter.java:116)
	at org.apache.catalina.core.ApplicationFilterChain.internalDoFilter(ApplicationFilterChain.java:164)
	at org.apache.catalina.core.ApplicationFilterChain.doFilter(ApplicationFilterChain.java:140)
	at org.apache.catalina.core.StandardWrapperValve.invoke(StandardWrapperValve.java:167)
	at org.apache.catalina.core.StandardContextValve.invoke(StandardContextValve.java:90)
	at org.apache.catalina.authenticator.AuthenticatorBase.invoke(AuthenticatorBase.java:483)
	at org.apache.catalina.core.StandardHostValve.invoke(StandardHostValve.java:115)
	at org.apache.catalina.valves.ErrorReportValve.invoke(ErrorReportValve.java:93)
	at org.apache.catalina.core.StandardEngineValve.invoke(StandardEngineValve.java:74)
	at org.apache.catalina.connector.CoyoteAdapter.service(CoyoteAdapter.java:344)
	at org.apache.coyote.http11.Http11Processor.service(Http11Processor.java:397)
	at org.apache.coyote.AbstractProcessorLight.process(AbstractProcessorLight.java:63)
	at org.apache.coyote.AbstractProtocol$ConnectionHandler.process(AbstractProtocol.java:905)
	at org.apache.tomcat.util.net.NioEndpoint$SocketProcessor.doRun(NioEndpoint.java:1743)
	at org.apache.tomcat.util.net.SocketProcessorBase.run(SocketProcessorBase.java:52)
	at org.apache.tomcat.util.threads.ThreadPoolExecutor.runWorker(ThreadPoolExecutor.java:1190)
	at org.apache.tomcat.util.threads.ThreadPoolExecutor$Worker.run(ThreadPoolExecutor.java:659)
	at org.apache.tomcat.util.threads.TaskThread$WrappingRunnable.run(TaskThread.java:63)
	at java.base/java.lang.Thread.run(Thread.java:1575)
Caused by: org.attoparser.ParseException: (Line = 190, Column = 20) Malformed markup: Attribute "class" appears more than once in element
	at org.attoparser.MarkupEventProcessorHandler.handleAttribute(MarkupEventProcessorHandler.java:549)
	at org.attoparser.ParsingAttributeSequenceUtil.parseAttributeSequence(ParsingAttributeSequenceUtil.java:275)
	at org.attoparser.ParsingElementMarkupUtil.parseOpenElement(ParsingElementMarkupUtil.java:153)
	at org.attoparser.MarkupParser.parseBuffer(MarkupParser.java:710)
	at org.attoparser.MarkupParser.parseDocument(MarkupParser.java:301)
	at org.attoparser.MarkupParser.parse(MarkupParser.java:257)
	at org.thymeleaf.templateparser.markup.AbstractMarkupTemplateParser.parse(AbstractMarkupTemplateParser.java:230)
	... 48 common frames omitted
2025-05-10 15:45:12 [http-nio-8084-exec-8] ERROR o.a.c.c.C.[.[.[.[dispatcherServlet] - Servlet.service() for servlet [dispatcherServlet] in context with path [] threw exception [Request processing failed: org.thymeleaf.exceptions.TemplateInputException: An error happened during template parsing (template: "class path resource [templates/archive.html]" - line 190, col 20)] with root cause
org.attoparser.ParseException: (Line = 190, Column = 20) Malformed markup: Attribute "class" appears more than once in element
	at org.attoparser.MarkupEventProcessorHandler.handleAttribute(MarkupEventProcessorHandler.java:549)
	at org.attoparser.ParsingAttributeSequenceUtil.parseAttributeSequence(ParsingAttributeSequenceUtil.java:275)
	at org.attoparser.ParsingElementMarkupUtil.parseOpenElement(ParsingElementMarkupUtil.java:153)
	at org.attoparser.MarkupParser.parseBuffer(MarkupParser.java:710)
	at org.attoparser.MarkupParser.parseDocument(MarkupParser.java:301)
	at org.attoparser.MarkupParser.parse(MarkupParser.java:257)
	at org.thymeleaf.templateparser.markup.AbstractMarkupTemplateParser.parse(AbstractMarkupTemplateParser.java:230)
	at org.thymeleaf.templateparser.markup.AbstractMarkupTemplateParser.parseStandalone(AbstractMarkupTemplateParser.java:100)
	at org.thymeleaf.engine.TemplateManager.parseAndProcess(TemplateManager.java:649)
	at org.thymeleaf.TemplateEngine.process(TemplateEngine.java:1103)
	at org.thymeleaf.TemplateEngine.process(TemplateEngine.java:1077)
	at org.thymeleaf.spring6.view.ThymeleafView.renderFragment(ThymeleafView.java:372)
	at org.thymeleaf.spring6.view.ThymeleafView.render(ThymeleafView.java:192)
	at org.springframework.web.servlet.DispatcherServlet.render(DispatcherServlet.java:1435)
	at org.springframework.web.servlet.DispatcherServlet.processDispatchResult(DispatcherServlet.java:1167)
	at org.springframework.web.servlet.DispatcherServlet.doDispatch(DispatcherServlet.java:1105)
	at org.springframework.web.servlet.DispatcherServlet.doService(DispatcherServlet.java:978)
	at org.springframework.web.servlet.FrameworkServlet.processRequest(FrameworkServlet.java:1014)
	at org.springframework.web.servlet.FrameworkServlet.doGet(FrameworkServlet.java:903)
	at jakarta.servlet.http.HttpServlet.service(HttpServlet.java:564)
	at org.springframework.web.servlet.FrameworkServlet.service(FrameworkServlet.java:885)
	at jakarta.servlet.http.HttpServlet.service(HttpServlet.java:658)
	at org.apache.catalina.core.ApplicationFilterChain.internalDoFilter(ApplicationFilterChain.java:195)
	at org.apache.catalina.core.ApplicationFilterChain.doFilter(ApplicationFilterChain.java:140)
	at org.apache.tomcat.websocket.server.WsFilter.doFilter(WsFilter.java:51)
	at org.apache.catalina.core.ApplicationFilterChain.internalDoFilter(ApplicationFilterChain.java:164)
	at org.apache.catalina.core.ApplicationFilterChain.doFilter(ApplicationFilterChain.java:140)
	at org.springframework.web.filter.RequestContextFilter.doFilterInternal(RequestContextFilter.java:100)
	at org.springframework.web.filter.OncePerRequestFilter.doFilter(OncePerRequestFilter.java:116)
	at org.apache.catalina.core.ApplicationFilterChain.internalDoFilter(ApplicationFilterChain.java:164)
	at org.apache.catalina.core.ApplicationFilterChain.doFilter(ApplicationFilterChain.java:140)
	at org.springframework.web.filter.FormContentFilter.doFilterInternal(FormContentFilter.java:93)
	at org.springframework.web.filter.OncePerRequestFilter.doFilter(OncePerRequestFilter.java:116)
	at org.apache.catalina.core.ApplicationFilterChain.internalDoFilter(ApplicationFilterChain.java:164)
	at org.apache.catalina.core.ApplicationFilterChain.doFilter(ApplicationFilterChain.java:140)
	at org.springframework.web.filter.CharacterEncodingFilter.doFilterInternal(CharacterEncodingFilter.java:201)
	at org.springframework.web.filter.OncePerRequestFilter.doFilter(OncePerRequestFilter.java:116)
	at org.apache.catalina.core.ApplicationFilterChain.internalDoFilter(ApplicationFilterChain.java:164)
	at org.apache.catalina.core.ApplicationFilterChain.doFilter(ApplicationFilterChain.java:140)
	at org.apache.catalina.core.StandardWrapperValve.invoke(StandardWrapperValve.java:167)
	at org.apache.catalina.core.StandardContextValve.invoke(StandardContextValve.java:90)
	at org.apache.catalina.authenticator.AuthenticatorBase.invoke(AuthenticatorBase.java:483)
	at org.apache.catalina.core.StandardHostValve.invoke(StandardHostValve.java:115)
	at org.apache.catalina.valves.ErrorReportValve.invoke(ErrorReportValve.java:93)
	at org.apache.catalina.core.StandardEngineValve.invoke(StandardEngineValve.java:74)
	at org.apache.catalina.connector.CoyoteAdapter.service(CoyoteAdapter.java:344)
	at org.apache.coyote.http11.Http11Processor.service(Http11Processor.java:397)
	at org.apache.coyote.AbstractProcessorLight.process(AbstractProcessorLight.java:63)
	at org.apache.coyote.AbstractProtocol$ConnectionHandler.process(AbstractProtocol.java:905)
	at org.apache.tomcat.util.net.NioEndpoint$SocketProcessor.doRun(NioEndpoint.java:1743)
	at org.apache.tomcat.util.net.SocketProcessorBase.run(SocketProcessorBase.java:52)
	at org.apache.tomcat.util.threads.ThreadPoolExecutor.runWorker(ThreadPoolExecutor.java:1190)
	at org.apache.tomcat.util.threads.ThreadPoolExecutor$Worker.run(ThreadPoolExecutor.java:659)
	at org.apache.tomcat.util.threads.TaskThread$WrappingRunnable.run(TaskThread.java:63)
	at java.base/java.lang.Thread.run(Thread.java:1575)
2025-05-10 15:45:13 [pool-2-thread-1] INFO  c.g.y.a.jni.SystemMonitorManagerJNI - SystemMonitorManager - Collected new counter data
2025-05-10 15:45:14 [pool-2-thread-1] INFO  c.g.y.a.jni.SystemMonitorManagerJNI - SystemMonitorManager - Collected new counter data
2025-05-10 15:45:15 [pool-2-thread-1] INFO  c.g.y.a.jni.SystemMonitorManagerJNI - SystemMonitorManager - Collected new counter data
2025-05-10 15:45:16 [pool-2-thread-1] INFO  c.g.y.a.jni.SystemMonitorManagerJNI - SystemMonitorManager - Collected new counter data
2025-05-10 15:45:17 [pool-2-thread-1] INFO  c.g.y.a.jni.SystemMonitorManagerJNI - SystemMonitorManager - Collected new counter data
2025-05-10 15:45:18 [pool-2-thread-1] INFO  c.g.y.a.jni.SystemMonitorManagerJNI - SystemMonitorManager - Collected new counter data
2025-05-10 15:45:19 [pool-2-thread-1] INFO  c.g.y.a.jni.SystemMonitorManagerJNI - SystemMonitorManager - Collected new counter data
2025-05-10 15:45:20 [pool-2-thread-1] INFO  c.g.y.a.jni.SystemMonitorManagerJNI - SystemMonitorManager - Collected new counter data
2025-05-10 15:45:21 [pool-2-thread-1] INFO  c.g.y.a.jni.SystemMonitorManagerJNI - SystemMonitorManager - Collected new counter data
2025-05-10 15:45:22 [pool-2-thread-1] INFO  c.g.y.a.jni.SystemMonitorManagerJNI - SystemMonitorManager - Collected new counter data
2025-05-10 15:45:23 [pool-2-thread-1] INFO  c.g.y.a.jni.SystemMonitorManagerJNI - SystemMonitorManager - Collected new counter data
2025-05-10 15:45:24 [pool-2-thread-1] INFO  c.g.y.a.jni.SystemMonitorManagerJNI - SystemMonitorManager - Collected new counter data
2025-05-10 15:45:25 [pool-2-thread-1] INFO  c.g.y.a.jni.SystemMonitorManagerJNI - SystemMonitorManager - Collected new counter data
2025-05-10 15:45:25 [SpringApplicationShutdownHook] INFO  o.s.b.w.e.tomcat.GracefulShutdown - Commencing graceful shutdown. Waiting for active requests to complete
2025-05-10 15:45:25 [tomcat-shutdown] INFO  o.s.b.w.e.tomcat.GracefulShutdown - Graceful shutdown complete
2025-05-10 15:45:25 [SpringApplicationShutdownHook] INFO  c.g.y.a.s.SystemMetricsCollector - SystemMetricsCollector cleanup - monitor will be closed by Spring context
2025-05-10 15:45:25 [SpringApplicationShutdownHook] INFO  c.g.y.a.jni.SystemMonitorManagerJNI - Successfully released native resources
2025-05-10 15:45:25 [SpringApplicationShutdownHook] INFO  c.g.yamec.app.YamecApplication - CLEANUP - YamecApplication is shutting down...
2025-05-10 15:45:25 [SpringApplicationShutdownHook] INFO  o.s.o.j.LocalContainerEntityManagerFactoryBean - Closing JPA EntityManagerFactory for persistence unit 'default'
2025-05-10 15:45:25 [SpringApplicationShutdownHook] INFO  com.zaxxer.hikari.HikariDataSource - HikariPool-1 - Shutdown initiated...
2025-05-10 15:45:25 [SpringApplicationShutdownHook] INFO  com.zaxxer.hikari.HikariDataSource - HikariPool-1 - Shutdown completed.
2025-05-10 15:47:26 [main] INFO  c.g.yamec.app.YamecApplication - Starting YamecApplication using Java 23.0.2 with PID 15852 (C:\Users\cmarc\IdeaProjects\yamec\yamec\yamec-app\target\yamec-app-0.0.1-SNAPSHOT.jar started by cmarc in C:\Users\cmarc\IdeaProjects\yamec\yamec)
2025-05-10 15:47:26 [main] INFO  c.g.yamec.app.YamecApplication - No active profile set, falling back to 1 default profile: "default"
2025-05-10 15:47:27 [main] INFO  o.s.d.r.c.RepositoryConfigurationDelegate - Bootstrapping Spring Data JPA repositories in DEFAULT mode.
2025-05-10 15:47:27 [main] INFO  o.s.d.r.c.RepositoryConfigurationDelegate - Finished Spring Data repository scanning in 62 ms. Found 13 JPA repository interfaces.
2025-05-10 15:47:28 [main] INFO  o.s.b.w.e.tomcat.TomcatWebServer - Tomcat initialized with port 8084 (http)
2025-05-10 15:47:28 [main] INFO  o.a.catalina.core.StandardService - Starting service [Tomcat]
2025-05-10 15:47:28 [main] INFO  o.a.catalina.core.StandardEngine - Starting Servlet engine: [Apache Tomcat/10.1.36]
2025-05-10 15:47:28 [main] INFO  o.a.c.c.C.[Tomcat].[localhost].[/] - Initializing Spring embedded WebApplicationContext
2025-05-10 15:47:28 [main] INFO  o.s.b.w.s.c.ServletWebServerApplicationContext - Root WebApplicationContext: initialization completed in 1471 ms
2025-05-10 15:47:28 [main] INFO  o.h.jpa.internal.util.LogHelper - HHH000204: Processing PersistenceUnitInfo [name: default]
2025-05-10 15:47:28 [main] INFO  org.hibernate.Version - HHH000412: Hibernate ORM core version 6.6.8.Final
2025-05-10 15:47:28 [main] INFO  o.h.c.i.RegionFactoryInitiator - HHH000026: Second-level cache disabled
2025-05-10 15:47:29 [main] INFO  o.s.o.j.p.SpringPersistenceUnitInfo - No LoadTimeWeaver setup: ignoring JPA class transformer
2025-05-10 15:47:29 [main] INFO  com.zaxxer.hikari.HikariDataSource - HikariPool-1 - Starting...
2025-05-10 15:47:29 [main] INFO  com.zaxxer.hikari.pool.HikariPool - HikariPool-1 - Added connection org.sqlite.jdbc4.JDBC4Connection@36211bbc
2025-05-10 15:47:29 [main] INFO  com.zaxxer.hikari.HikariDataSource - HikariPool-1 - Start completed.
2025-05-10 15:47:29 [main] INFO  o.hibernate.orm.connections.pooling - HHH10001005: Database info:
	Database JDBC URL [Connecting through datasource 'HikariDataSource (HikariPool-1)']
	Database driver: undefined/unknown
	Database version: 3.49.1
	Autocommit mode: undefined/unknown
	Isolation level: undefined/unknown
	Minimum pool size: undefined/unknown
	Maximum pool size: undefined/unknown
2025-05-10 15:47:30 [main] INFO  o.h.e.t.j.p.i.JtaPlatformInitiator - HHH000489: No JTA platform available (set 'hibernate.transaction.jta.platform' to enable JTA platform integration)
2025-05-10 15:47:30 [main] INFO  o.s.o.j.LocalContainerEntityManagerFactoryBean - Initialized JPA EntityManagerFactory for persistence unit 'default'
2025-05-10 15:47:30 [main] INFO  o.s.d.j.r.query.QueryEnhancerFactory - Hibernate is in classpath; If applicable, HQL parser will be used.
2025-05-10 15:47:32 [main] INFO  c.g.y.app.config.SystemMonitorConfig - Creating singleton instance of SystemMonitorManagerJNI
2025-05-10 15:47:32 [pool-2-thread-1] INFO  com.github.fommil.jni.JniLoader - successfully loaded C:\Users\cmarc\AppData\Local\Temp\jniloader2793741034711988141yamecjni.dll
2025-05-10 15:47:32 [pool-2-thread-1] INFO  c.g.y.a.jni.SystemMonitorManagerJNI - SystemMonitorManager - Initialized
2025-05-10 15:47:32 [pool-2-thread-1] INFO  c.g.y.a.jni.SystemMonitorManagerJNI - SystemMonitorManager - Collected new counter data
2025-05-10 15:47:33 [main] INFO  c.g.y.a.s.SystemMetricsCollector - Initializing SystemMetricsCollector
2025-05-10 15:47:33 [main] INFO  c.g.y.a.s.SystemMetricsCollector - CPU Hardware Information: Cpu[id=null, friendlyName='AMD Ryzen 9 5950X 16-Core Processor            ', coreCount='16', logicalProcessorCount='32', l1CacheSize='1048576', l2CacheSize='8388608', l3CacheSize='67108864', virtualizationEnabled='true']
2025-05-10 15:47:33 [main] INFO  c.g.y.a.s.SystemMetricsCollector - Memory Hardware Information: MemoryHardwareInformation{id=null, capacity=103079215104, speed=2133, slotsUsed=4, slotsTotal=4, capacityIsUnsigned=true, speedIsUnsigned=true}
2025-05-10 15:47:33 [main] INFO  c.g.y.a.s.SystemMetricsCollector - Disk Hardware Information:
2025-05-10 15:47:33 [main] INFO  c.g.y.a.s.SystemMetricsCollector - com.gibbonsdimarco.yamec.app.data.DiskHardwareInformation@27cfc534
2025-05-10 15:47:33 [main] INFO  c.g.y.a.s.SystemMetricsCollector - com.gibbonsdimarco.yamec.app.data.DiskHardwareInformation@3e046920
2025-05-10 15:47:33 [main] INFO  c.g.y.a.s.SystemMetricsCollector - NIC Hardware Information:
2025-05-10 15:47:33 [main] INFO  c.g.y.a.s.SystemMetricsCollector - com.gibbonsdimarco.yamec.app.data.NicHardwareInformation@2624dd2c
2025-05-10 15:47:33 [main] INFO  c.g.y.a.s.SystemMetricsCollector - com.gibbonsdimarco.yamec.app.data.NicHardwareInformation@8a641ed
2025-05-10 15:47:33 [main] INFO  o.s.b.a.w.s.WelcomePageHandlerMapping - Adding welcome page template: index
2025-05-10 15:47:33 [main] INFO  o.s.b.w.e.tomcat.TomcatWebServer - Tomcat started on port 8084 (http) with context path '/'
2025-05-10 15:47:34 [main] INFO  c.g.yamec.app.YamecApplication - Started YamecApplication in 7.54 seconds (process running for 8.291)
2025-05-10 15:47:34 [pool-2-thread-1] INFO  c.g.y.a.jni.SystemMonitorManagerJNI - SystemMonitorManager - Collected new counter data
2025-05-10 15:47:35 [pool-2-thread-1] INFO  c.g.y.a.jni.SystemMonitorManagerJNI - SystemMonitorManager - Collected new counter data
2025-05-10 15:47:35 [pool-2-thread-1] INFO  c.g.y.a.jni.SystemMonitorManagerJNI - SystemMonitorManager - Collected new counter data
2025-05-10 15:47:35 [main] INFO  c.g.yamec.app.YamecApplication - User home directory: C:\Users\cmarc
2025-05-10 15:47:35 [main] INFO  c.g.yamec.app.YamecApplication - Yamec Application Started
2025-05-10 15:47:35 [http-nio-8084-exec-1] INFO  o.a.c.c.C.[Tomcat].[localhost].[/] - Initializing Spring DispatcherServlet 'dispatcherServlet'
2025-05-10 15:47:35 [http-nio-8084-exec-1] INFO  o.s.web.servlet.DispatcherServlet - Initializing Servlet 'dispatcherServlet'
2025-05-10 15:47:35 [http-nio-8084-exec-1] INFO  o.s.web.servlet.DispatcherServlet - Completed initialization in 1 ms
2025-05-10 15:47:36 [pool-2-thread-1] INFO  c.g.y.a.jni.SystemMonitorManagerJNI - SystemMonitorManager - Collected new counter data
2025-05-10 15:47:37 [pool-2-thread-1] INFO  c.g.y.a.jni.SystemMonitorManagerJNI - SystemMonitorManager - Collected new counter data
2025-05-10 15:47:38 [pool-2-thread-1] INFO  c.g.y.a.jni.SystemMonitorManagerJNI - SystemMonitorManager - Collected new counter data
2025-05-10 15:47:39 [pool-2-thread-1] INFO  c.g.y.a.jni.SystemMonitorManagerJNI - SystemMonitorManager - Collected new counter data
2025-05-10 15:47:40 [pool-2-thread-1] INFO  c.g.y.a.jni.SystemMonitorManagerJNI - SystemMonitorManager - Collected new counter data
2025-05-10 15:47:41 [pool-2-thread-1] INFO  c.g.y.a.jni.SystemMonitorManagerJNI - SystemMonitorManager - Collected new counter data
2025-05-10 15:47:42 [pool-2-thread-1] INFO  c.g.y.a.jni.SystemMonitorManagerJNI - SystemMonitorManager - Collected new counter data
2025-05-10 15:47:43 [pool-2-thread-1] INFO  c.g.y.a.jni.SystemMonitorManagerJNI - SystemMonitorManager - Collected new counter data
2025-05-10 15:47:44 [pool-2-thread-1] INFO  c.g.y.a.jni.SystemMonitorManagerJNI - SystemMonitorManager - Collected new counter data
2025-05-10 15:47:45 [pool-2-thread-1] INFO  c.g.y.a.jni.SystemMonitorManagerJNI - SystemMonitorManager - Collected new counter data
2025-05-10 15:47:46 [pool-2-thread-1] INFO  c.g.y.a.jni.SystemMonitorManagerJNI - SystemMonitorManager - Collected new counter data
2025-05-10 15:47:47 [pool-2-thread-1] INFO  c.g.y.a.jni.SystemMonitorManagerJNI - SystemMonitorManager - Collected new counter data
2025-05-10 15:47:48 [pool-2-thread-1] INFO  c.g.y.a.jni.SystemMonitorManagerJNI - SystemMonitorManager - Collected new counter data
2025-05-10 15:47:49 [pool-2-thread-1] INFO  c.g.y.a.jni.SystemMonitorManagerJNI - SystemMonitorManager - Collected new counter data
2025-05-10 15:47:50 [pool-2-thread-1] INFO  c.g.y.a.jni.SystemMonitorManagerJNI - SystemMonitorManager - Collected new counter data
2025-05-10 15:47:51 [pool-2-thread-1] INFO  c.g.y.a.jni.SystemMonitorManagerJNI - SystemMonitorManager - Collected new counter data
2025-05-10 15:47:52 [pool-2-thread-1] INFO  c.g.y.a.jni.SystemMonitorManagerJNI - SystemMonitorManager - Collected new counter data
2025-05-10 15:47:53 [pool-2-thread-1] INFO  c.g.y.a.jni.SystemMonitorManagerJNI - SystemMonitorManager - Collected new counter data
2025-05-10 15:47:54 [pool-2-thread-1] INFO  c.g.y.a.jni.SystemMonitorManagerJNI - SystemMonitorManager - Collected new counter data
2025-05-10 15:47:55 [pool-2-thread-1] INFO  c.g.y.a.jni.SystemMonitorManagerJNI - SystemMonitorManager - Collected new counter data
2025-05-10 15:47:56 [pool-2-thread-1] INFO  c.g.y.a.jni.SystemMonitorManagerJNI - SystemMonitorManager - Collected new counter data
2025-05-10 15:47:57 [pool-2-thread-1] INFO  c.g.y.a.jni.SystemMonitorManagerJNI - SystemMonitorManager - Collected new counter data
2025-05-10 15:47:58 [pool-2-thread-1] INFO  c.g.y.a.jni.SystemMonitorManagerJNI - SystemMonitorManager - Collected new counter data
2025-05-10 15:47:59 [pool-2-thread-1] INFO  c.g.y.a.jni.SystemMonitorManagerJNI - SystemMonitorManager - Collected new counter data
2025-05-10 15:48:00 [pool-2-thread-1] INFO  c.g.y.a.jni.SystemMonitorManagerJNI - SystemMonitorManager - Collected new counter data
2025-05-10 15:48:01 [pool-2-thread-1] INFO  c.g.y.a.jni.SystemMonitorManagerJNI - SystemMonitorManager - Collected new counter data
2025-05-10 15:48:02 [pool-2-thread-1] INFO  c.g.y.a.jni.SystemMonitorManagerJNI - SystemMonitorManager - Collected new counter data
2025-05-10 15:48:03 [pool-2-thread-1] INFO  c.g.y.a.jni.SystemMonitorManagerJNI - SystemMonitorManager - Collected new counter data
2025-05-10 15:48:04 [pool-2-thread-1] INFO  c.g.y.a.jni.SystemMonitorManagerJNI - SystemMonitorManager - Collected new counter data
2025-05-10 15:48:05 [pool-2-thread-1] INFO  c.g.y.a.jni.SystemMonitorManagerJNI - SystemMonitorManager - Collected new counter data
2025-05-10 15:48:06 [pool-2-thread-1] INFO  c.g.y.a.jni.SystemMonitorManagerJNI - SystemMonitorManager - Collected new counter data
2025-05-10 15:48:07 [pool-2-thread-1] INFO  c.g.y.a.jni.SystemMonitorManagerJNI - SystemMonitorManager - Collected new counter data
2025-05-10 15:48:08 [pool-2-thread-1] INFO  c.g.y.a.jni.SystemMonitorManagerJNI - SystemMonitorManager - Collected new counter data
2025-05-10 15:48:08 [SpringApplicationShutdownHook] INFO  o.s.b.w.e.tomcat.GracefulShutdown - Commencing graceful shutdown. Waiting for active requests to complete
2025-05-10 15:48:08 [tomcat-shutdown] INFO  o.s.b.w.e.tomcat.GracefulShutdown - Graceful shutdown complete
2025-05-10 15:48:08 [SpringApplicationShutdownHook] INFO  c.g.y.a.s.SystemMetricsCollector - SystemMetricsCollector cleanup - monitor will be closed by Spring context
2025-05-10 15:48:08 [SpringApplicationShutdownHook] INFO  c.g.y.a.jni.SystemMonitorManagerJNI - Successfully released native resources
2025-05-10 15:48:08 [SpringApplicationShutdownHook] INFO  c.g.yamec.app.YamecApplication - CLEANUP - YamecApplication is shutting down...
2025-05-10 15:48:08 [SpringApplicationShutdownHook] INFO  o.s.o.j.LocalContainerEntityManagerFactoryBean - Closing JPA EntityManagerFactory for persistence unit 'default'
2025-05-10 15:48:08 [SpringApplicationShutdownHook] INFO  com.zaxxer.hikari.HikariDataSource - HikariPool-1 - Shutdown initiated...
2025-05-10 15:48:08 [SpringApplicationShutdownHook] INFO  com.zaxxer.hikari.HikariDataSource - HikariPool-1 - Shutdown completed.
2025-05-10 15:57:24 [main] INFO  c.g.yamec.app.YamecApplication - Starting YamecApplication using Java 23.0.2 with PID 63312 (C:\Users\cmarc\IdeaProjects\yamec\yamec\yamec-app\target\yamec-app-0.0.1-SNAPSHOT.jar started by cmarc in C:\Users\cmarc\IdeaProjects\yamec\yamec)
2025-05-10 15:57:24 [main] INFO  c.g.yamec.app.YamecApplication - No active profile set, falling back to 1 default profile: "default"
2025-05-10 15:57:25 [main] INFO  o.s.d.r.c.RepositoryConfigurationDelegate - Bootstrapping Spring Data JPA repositories in DEFAULT mode.
2025-05-10 15:57:25 [main] INFO  o.s.d.r.c.RepositoryConfigurationDelegate - Finished Spring Data repository scanning in 60 ms. Found 13 JPA repository interfaces.
2025-05-10 15:57:26 [main] INFO  o.s.b.w.e.tomcat.TomcatWebServer - Tomcat initialized with port 8084 (http)
2025-05-10 15:57:26 [main] INFO  o.a.catalina.core.StandardService - Starting service [Tomcat]
2025-05-10 15:57:26 [main] INFO  o.a.catalina.core.StandardEngine - Starting Servlet engine: [Apache Tomcat/10.1.36]
2025-05-10 15:57:26 [main] INFO  o.a.c.c.C.[Tomcat].[localhost].[/] - Initializing Spring embedded WebApplicationContext
2025-05-10 15:57:26 [main] INFO  o.s.b.w.s.c.ServletWebServerApplicationContext - Root WebApplicationContext: initialization completed in 1428 ms
2025-05-10 15:57:26 [main] INFO  o.h.jpa.internal.util.LogHelper - HHH000204: Processing PersistenceUnitInfo [name: default]
2025-05-10 15:57:26 [main] INFO  org.hibernate.Version - HHH000412: Hibernate ORM core version 6.6.8.Final
2025-05-10 15:57:26 [main] INFO  o.h.c.i.RegionFactoryInitiator - HHH000026: Second-level cache disabled
2025-05-10 15:57:26 [main] INFO  o.s.o.j.p.SpringPersistenceUnitInfo - No LoadTimeWeaver setup: ignoring JPA class transformer
2025-05-10 15:57:26 [main] INFO  com.zaxxer.hikari.HikariDataSource - HikariPool-1 - Starting...
2025-05-10 15:57:27 [main] INFO  com.zaxxer.hikari.pool.HikariPool - HikariPool-1 - Added connection org.sqlite.jdbc4.JDBC4Connection@7a1371
2025-05-10 15:57:27 [main] INFO  com.zaxxer.hikari.HikariDataSource - HikariPool-1 - Start completed.
2025-05-10 15:57:27 [main] INFO  o.hibernate.orm.connections.pooling - HHH10001005: Database info:
	Database JDBC URL [Connecting through datasource 'HikariDataSource (HikariPool-1)']
	Database driver: undefined/unknown
	Database version: 3.49.1
	Autocommit mode: undefined/unknown
	Isolation level: undefined/unknown
	Minimum pool size: undefined/unknown
	Maximum pool size: undefined/unknown
2025-05-10 15:57:27 [main] INFO  o.h.e.t.j.p.i.JtaPlatformInitiator - HHH000489: No JTA platform available (set 'hibernate.transaction.jta.platform' to enable JTA platform integration)
2025-05-10 15:57:27 [main] INFO  o.s.o.j.LocalContainerEntityManagerFactoryBean - Initialized JPA EntityManagerFactory for persistence unit 'default'
2025-05-10 15:57:28 [main] INFO  o.s.d.j.r.query.QueryEnhancerFactory - Hibernate is in classpath; If applicable, HQL parser will be used.
2025-05-10 15:57:29 [main] INFO  c.g.y.app.config.SystemMonitorConfig - Creating singleton instance of SystemMonitorManagerJNI
2025-05-10 15:57:29 [pool-2-thread-1] INFO  com.github.fommil.jni.JniLoader - successfully loaded C:\Users\cmarc\AppData\Local\Temp\jniloader1428430863188859372yamecjni.dll
2025-05-10 15:57:29 [pool-2-thread-1] INFO  c.g.y.a.jni.SystemMonitorManagerJNI - SystemMonitorManager - Initialized
2025-05-10 15:57:29 [pool-2-thread-1] INFO  c.g.y.a.jni.SystemMonitorManagerJNI - SystemMonitorManager - Collected new counter data
2025-05-10 15:57:30 [main] INFO  c.g.y.a.s.SystemMetricsCollector - Initializing SystemMetricsCollector
2025-05-10 15:57:30 [main] INFO  c.g.y.a.s.SystemMetricsCollector - CPU Hardware Information: Cpu[id=null, friendlyName='AMD Ryzen 9 5950X 16-Core Processor            ', coreCount='16', logicalProcessorCount='32', l1CacheSize='1048576', l2CacheSize='8388608', l3CacheSize='67108864', virtualizationEnabled='true']
2025-05-10 15:57:30 [main] INFO  c.g.y.a.s.SystemMetricsCollector - Memory Hardware Information: MemoryHardwareInformation{id=null, capacity=103079215104, speed=2133, slotsUsed=4, slotsTotal=4, capacityIsUnsigned=true, speedIsUnsigned=true}
2025-05-10 15:57:30 [main] INFO  c.g.y.a.s.SystemMetricsCollector - Disk Hardware Information:
2025-05-10 15:57:30 [main] INFO  c.g.y.a.s.SystemMetricsCollector - com.gibbonsdimarco.yamec.app.data.DiskHardwareInformation@c1aa8f9
2025-05-10 15:57:30 [main] INFO  c.g.y.a.s.SystemMetricsCollector - com.gibbonsdimarco.yamec.app.data.DiskHardwareInformation@bbccb5f
2025-05-10 15:57:30 [main] INFO  c.g.y.a.s.SystemMetricsCollector - NIC Hardware Information:
2025-05-10 15:57:30 [main] INFO  c.g.y.a.s.SystemMetricsCollector - com.gibbonsdimarco.yamec.app.data.NicHardwareInformation@35188cd2
2025-05-10 15:57:30 [main] INFO  c.g.y.a.s.SystemMetricsCollector - com.gibbonsdimarco.yamec.app.data.NicHardwareInformation@3f570944
2025-05-10 15:57:30 [main] INFO  o.s.b.a.w.s.WelcomePageHandlerMapping - Adding welcome page template: index
2025-05-10 15:57:31 [main] INFO  o.s.b.w.e.tomcat.TomcatWebServer - Tomcat started on port 8084 (http) with context path '/'
2025-05-10 15:57:31 [main] INFO  c.g.yamec.app.YamecApplication - Started YamecApplication in 7.189 seconds (process running for 7.898)
2025-05-10 15:57:31 [pool-2-thread-1] INFO  c.g.y.a.jni.SystemMonitorManagerJNI - SystemMonitorManager - Collected new counter data
2025-05-10 15:57:32 [pool-2-thread-1] INFO  c.g.y.a.jni.SystemMonitorManagerJNI - SystemMonitorManager - Collected new counter data
2025-05-10 15:57:32 [pool-2-thread-1] INFO  c.g.y.a.jni.SystemMonitorManagerJNI - SystemMonitorManager - Collected new counter data
2025-05-10 15:57:32 [main] INFO  c.g.yamec.app.YamecApplication - User home directory: C:\Users\cmarc
2025-05-10 15:57:32 [main] INFO  c.g.yamec.app.YamecApplication - Yamec Application Started
2025-05-10 15:57:32 [pool-2-thread-1] ERROR c.g.y.a.jni.SystemMonitorManagerJNI - System Monitor Native - CPU Metric retrieval failed with error code: -4
2025-05-10 15:57:32 [http-nio-8084-exec-1] INFO  o.a.c.c.C.[Tomcat].[localhost].[/] - Initializing Spring DispatcherServlet 'dispatcherServlet'
2025-05-10 15:57:32 [http-nio-8084-exec-1] INFO  o.s.web.servlet.DispatcherServlet - Initializing Servlet 'dispatcherServlet'
2025-05-10 15:57:32 [http-nio-8084-exec-1] INFO  o.s.web.servlet.DispatcherServlet - Completed initialization in 1 ms
2025-05-10 15:57:33 [pool-2-thread-1] INFO  c.g.y.a.jni.SystemMonitorManagerJNI - SystemMonitorManager - Collected new counter data
2025-05-10 15:57:34 [pool-2-thread-1] INFO  c.g.y.a.jni.SystemMonitorManagerJNI - SystemMonitorManager - Collected new counter data
2025-05-10 15:57:35 [pool-2-thread-1] INFO  c.g.y.a.jni.SystemMonitorManagerJNI - SystemMonitorManager - Collected new counter data
2025-05-10 15:57:36 [pool-2-thread-1] INFO  c.g.y.a.jni.SystemMonitorManagerJNI - SystemMonitorManager - Collected new counter data
2025-05-10 15:57:37 [pool-2-thread-1] INFO  c.g.y.a.jni.SystemMonitorManagerJNI - SystemMonitorManager - Collected new counter data
2025-05-10 15:57:38 [pool-2-thread-1] INFO  c.g.y.a.jni.SystemMonitorManagerJNI - SystemMonitorManager - Collected new counter data
2025-05-10 15:57:39 [pool-2-thread-1] INFO  c.g.y.a.jni.SystemMonitorManagerJNI - SystemMonitorManager - Collected new counter data
2025-05-10 15:57:40 [pool-2-thread-1] INFO  c.g.y.a.jni.SystemMonitorManagerJNI - SystemMonitorManager - Collected new counter data
2025-05-10 15:57:41 [pool-2-thread-1] INFO  c.g.y.a.jni.SystemMonitorManagerJNI - SystemMonitorManager - Collected new counter data
2025-05-10 15:57:42 [pool-2-thread-1] INFO  c.g.y.a.jni.SystemMonitorManagerJNI - SystemMonitorManager - Collected new counter data
2025-05-10 15:57:43 [pool-2-thread-1] INFO  c.g.y.a.jni.SystemMonitorManagerJNI - SystemMonitorManager - Collected new counter data
2025-05-10 15:57:44 [pool-2-thread-1] INFO  c.g.y.a.jni.SystemMonitorManagerJNI - SystemMonitorManager - Collected new counter data
2025-05-10 15:57:45 [pool-2-thread-1] INFO  c.g.y.a.jni.SystemMonitorManagerJNI - SystemMonitorManager - Collected new counter data
2025-05-10 15:57:46 [pool-2-thread-1] INFO  c.g.y.a.jni.SystemMonitorManagerJNI - SystemMonitorManager - Collected new counter data
2025-05-10 15:57:47 [pool-2-thread-1] INFO  c.g.y.a.jni.SystemMonitorManagerJNI - SystemMonitorManager - Collected new counter data
2025-05-10 15:57:48 [pool-2-thread-1] INFO  c.g.y.a.jni.SystemMonitorManagerJNI - SystemMonitorManager - Collected new counter data
2025-05-10 15:57:49 [pool-2-thread-1] INFO  c.g.y.a.jni.SystemMonitorManagerJNI - SystemMonitorManager - Collected new counter data
2025-05-10 15:57:50 [pool-2-thread-1] INFO  c.g.y.a.jni.SystemMonitorManagerJNI - SystemMonitorManager - Collected new counter data
2025-05-10 15:57:51 [pool-2-thread-1] INFO  c.g.y.a.jni.SystemMonitorManagerJNI - SystemMonitorManager - Collected new counter data
2025-05-10 15:57:52 [pool-2-thread-1] INFO  c.g.y.a.jni.SystemMonitorManagerJNI - SystemMonitorManager - Collected new counter data
2025-05-10 15:57:53 [pool-2-thread-1] INFO  c.g.y.a.jni.SystemMonitorManagerJNI - SystemMonitorManager - Collected new counter data
2025-05-10 15:57:54 [pool-2-thread-1] INFO  c.g.y.a.jni.SystemMonitorManagerJNI - SystemMonitorManager - Collected new counter data
2025-05-10 15:57:55 [pool-2-thread-1] INFO  c.g.y.a.jni.SystemMonitorManagerJNI - SystemMonitorManager - Collected new counter data
2025-05-10 15:57:56 [pool-2-thread-1] INFO  c.g.y.a.jni.SystemMonitorManagerJNI - SystemMonitorManager - Collected new counter data
2025-05-10 15:57:57 [pool-2-thread-1] INFO  c.g.y.a.jni.SystemMonitorManagerJNI - SystemMonitorManager - Collected new counter data
2025-05-10 15:57:58 [pool-2-thread-1] INFO  c.g.y.a.jni.SystemMonitorManagerJNI - SystemMonitorManager - Collected new counter data
2025-05-10 15:57:59 [pool-2-thread-1] INFO  c.g.y.a.jni.SystemMonitorManagerJNI - SystemMonitorManager - Collected new counter data
2025-05-10 15:58:00 [pool-2-thread-1] INFO  c.g.y.a.jni.SystemMonitorManagerJNI - SystemMonitorManager - Collected new counter data
2025-05-10 15:58:01 [pool-2-thread-1] INFO  c.g.y.a.jni.SystemMonitorManagerJNI - SystemMonitorManager - Collected new counter data
2025-05-10 15:58:02 [pool-2-thread-1] INFO  c.g.y.a.jni.SystemMonitorManagerJNI - SystemMonitorManager - Collected new counter data
2025-05-10 15:58:03 [pool-2-thread-1] INFO  c.g.y.a.jni.SystemMonitorManagerJNI - SystemMonitorManager - Collected new counter data
2025-05-10 15:58:04 [pool-2-thread-1] INFO  c.g.y.a.jni.SystemMonitorManagerJNI - SystemMonitorManager - Collected new counter data
2025-05-10 15:58:05 [pool-2-thread-1] INFO  c.g.y.a.jni.SystemMonitorManagerJNI - SystemMonitorManager - Collected new counter data
2025-05-10 15:58:06 [pool-2-thread-1] INFO  c.g.y.a.jni.SystemMonitorManagerJNI - SystemMonitorManager - Collected new counter data
2025-05-10 15:58:07 [pool-2-thread-1] INFO  c.g.y.a.jni.SystemMonitorManagerJNI - SystemMonitorManager - Collected new counter data
2025-05-10 15:58:08 [pool-2-thread-1] INFO  c.g.y.a.jni.SystemMonitorManagerJNI - SystemMonitorManager - Collected new counter data
2025-05-10 15:58:09 [pool-2-thread-1] INFO  c.g.y.a.jni.SystemMonitorManagerJNI - SystemMonitorManager - Collected new counter data
2025-05-10 15:58:10 [pool-2-thread-1] INFO  c.g.y.a.jni.SystemMonitorManagerJNI - SystemMonitorManager - Collected new counter data
2025-05-10 15:58:11 [pool-2-thread-1] INFO  c.g.y.a.jni.SystemMonitorManagerJNI - SystemMonitorManager - Collected new counter data
2025-05-10 15:58:12 [pool-2-thread-1] INFO  c.g.y.a.jni.SystemMonitorManagerJNI - SystemMonitorManager - Collected new counter data
2025-05-10 15:58:13 [pool-2-thread-1] INFO  c.g.y.a.jni.SystemMonitorManagerJNI - SystemMonitorManager - Collected new counter data
2025-05-10 15:58:14 [pool-2-thread-1] INFO  c.g.y.a.jni.SystemMonitorManagerJNI - SystemMonitorManager - Collected new counter data
2025-05-10 15:58:15 [pool-2-thread-1] INFO  c.g.y.a.jni.SystemMonitorManagerJNI - SystemMonitorManager - Collected new counter data
2025-05-10 15:58:16 [pool-2-thread-1] INFO  c.g.y.a.jni.SystemMonitorManagerJNI - SystemMonitorManager - Collected new counter data
2025-05-10 15:58:17 [pool-2-thread-1] INFO  c.g.y.a.jni.SystemMonitorManagerJNI - SystemMonitorManager - Collected new counter data
2025-05-10 15:58:18 [pool-2-thread-1] INFO  c.g.y.a.jni.SystemMonitorManagerJNI - SystemMonitorManager - Collected new counter data
2025-05-10 15:58:19 [pool-2-thread-1] INFO  c.g.y.a.jni.SystemMonitorManagerJNI - SystemMonitorManager - Collected new counter data
2025-05-10 15:58:20 [pool-2-thread-1] INFO  c.g.y.a.jni.SystemMonitorManagerJNI - SystemMonitorManager - Collected new counter data
2025-05-10 15:58:21 [pool-2-thread-1] INFO  c.g.y.a.jni.SystemMonitorManagerJNI - SystemMonitorManager - Collected new counter data
2025-05-10 15:58:22 [pool-2-thread-1] INFO  c.g.y.a.jni.SystemMonitorManagerJNI - SystemMonitorManager - Collected new counter data
2025-05-10 15:58:23 [pool-2-thread-1] INFO  c.g.y.a.jni.SystemMonitorManagerJNI - SystemMonitorManager - Collected new counter data
2025-05-10 15:58:24 [pool-2-thread-1] INFO  c.g.y.a.jni.SystemMonitorManagerJNI - SystemMonitorManager - Collected new counter data
2025-05-10 15:58:25 [pool-2-thread-1] INFO  c.g.y.a.jni.SystemMonitorManagerJNI - SystemMonitorManager - Collected new counter data
2025-05-10 15:58:26 [pool-2-thread-1] INFO  c.g.y.a.jni.SystemMonitorManagerJNI - SystemMonitorManager - Collected new counter data
2025-05-10 15:58:27 [pool-2-thread-1] INFO  c.g.y.a.jni.SystemMonitorManagerJNI - SystemMonitorManager - Collected new counter data
2025-05-10 15:58:28 [pool-2-thread-1] INFO  c.g.y.a.jni.SystemMonitorManagerJNI - SystemMonitorManager - Collected new counter data
2025-05-10 15:58:29 [pool-2-thread-1] INFO  c.g.y.a.jni.SystemMonitorManagerJNI - SystemMonitorManager - Collected new counter data
2025-05-10 15:58:30 [pool-2-thread-1] INFO  c.g.y.a.jni.SystemMonitorManagerJNI - SystemMonitorManager - Collected new counter data
2025-05-10 15:58:31 [pool-2-thread-1] INFO  c.g.y.a.jni.SystemMonitorManagerJNI - SystemMonitorManager - Collected new counter data
2025-05-10 15:58:32 [pool-2-thread-1] INFO  c.g.y.a.jni.SystemMonitorManagerJNI - SystemMonitorManager - Collected new counter data
2025-05-10 15:58:33 [pool-2-thread-1] INFO  c.g.y.a.jni.SystemMonitorManagerJNI - SystemMonitorManager - Collected new counter data
2025-05-10 15:58:34 [pool-2-thread-1] INFO  c.g.y.a.jni.SystemMonitorManagerJNI - SystemMonitorManager - Collected new counter data
2025-05-10 15:58:35 [pool-2-thread-1] INFO  c.g.y.a.jni.SystemMonitorManagerJNI - SystemMonitorManager - Collected new counter data
2025-05-10 15:58:36 [pool-2-thread-1] INFO  c.g.y.a.jni.SystemMonitorManagerJNI - SystemMonitorManager - Collected new counter data
2025-05-10 15:58:37 [pool-2-thread-1] INFO  c.g.y.a.jni.SystemMonitorManagerJNI - SystemMonitorManager - Collected new counter data
2025-05-10 15:58:38 [pool-2-thread-1] INFO  c.g.y.a.jni.SystemMonitorManagerJNI - SystemMonitorManager - Collected new counter data
2025-05-10 15:58:39 [pool-2-thread-1] INFO  c.g.y.a.jni.SystemMonitorManagerJNI - SystemMonitorManager - Collected new counter data
2025-05-10 15:58:40 [pool-2-thread-1] INFO  c.g.y.a.jni.SystemMonitorManagerJNI - SystemMonitorManager - Collected new counter data
2025-05-10 15:58:41 [pool-2-thread-1] INFO  c.g.y.a.jni.SystemMonitorManagerJNI - SystemMonitorManager - Collected new counter data
2025-05-10 15:58:42 [pool-2-thread-1] INFO  c.g.y.a.jni.SystemMonitorManagerJNI - SystemMonitorManager - Collected new counter data
2025-05-10 15:58:43 [pool-2-thread-1] INFO  c.g.y.a.jni.SystemMonitorManagerJNI - SystemMonitorManager - Collected new counter data
2025-05-10 15:58:44 [pool-2-thread-1] INFO  c.g.y.a.jni.SystemMonitorManagerJNI - SystemMonitorManager - Collected new counter data
2025-05-10 15:58:45 [pool-2-thread-1] INFO  c.g.y.a.jni.SystemMonitorManagerJNI - SystemMonitorManager - Collected new counter data
2025-05-10 15:58:46 [pool-2-thread-1] INFO  c.g.y.a.jni.SystemMonitorManagerJNI - SystemMonitorManager - Collected new counter data
2025-05-10 15:58:47 [pool-2-thread-1] INFO  c.g.y.a.jni.SystemMonitorManagerJNI - SystemMonitorManager - Collected new counter data
2025-05-10 15:58:48 [pool-2-thread-1] INFO  c.g.y.a.jni.SystemMonitorManagerJNI - SystemMonitorManager - Collected new counter data
2025-05-10 15:58:49 [pool-2-thread-1] INFO  c.g.y.a.jni.SystemMonitorManagerJNI - SystemMonitorManager - Collected new counter data
2025-05-10 15:58:50 [pool-2-thread-1] INFO  c.g.y.a.jni.SystemMonitorManagerJNI - SystemMonitorManager - Collected new counter data
2025-05-10 15:58:51 [pool-2-thread-1] INFO  c.g.y.a.jni.SystemMonitorManagerJNI - SystemMonitorManager - Collected new counter data
2025-05-10 15:58:52 [pool-2-thread-1] INFO  c.g.y.a.jni.SystemMonitorManagerJNI - SystemMonitorManager - Collected new counter data
2025-05-10 15:58:53 [pool-2-thread-1] INFO  c.g.y.a.jni.SystemMonitorManagerJNI - SystemMonitorManager - Collected new counter data
2025-05-10 15:58:54 [pool-2-thread-1] INFO  c.g.y.a.jni.SystemMonitorManagerJNI - SystemMonitorManager - Collected new counter data
2025-05-10 15:58:55 [pool-2-thread-1] INFO  c.g.y.a.jni.SystemMonitorManagerJNI - SystemMonitorManager - Collected new counter data
2025-05-10 15:58:56 [pool-2-thread-1] INFO  c.g.y.a.jni.SystemMonitorManagerJNI - SystemMonitorManager - Collected new counter data
2025-05-10 15:58:57 [pool-2-thread-1] INFO  c.g.y.a.jni.SystemMonitorManagerJNI - SystemMonitorManager - Collected new counter data
2025-05-10 15:58:58 [pool-2-thread-1] INFO  c.g.y.a.jni.SystemMonitorManagerJNI - SystemMonitorManager - Collected new counter data
2025-05-10 15:58:59 [pool-2-thread-1] INFO  c.g.y.a.jni.SystemMonitorManagerJNI - SystemMonitorManager - Collected new counter data
2025-05-10 15:59:00 [pool-2-thread-1] INFO  c.g.y.a.jni.SystemMonitorManagerJNI - SystemMonitorManager - Collected new counter data
2025-05-10 15:59:01 [pool-2-thread-1] INFO  c.g.y.a.jni.SystemMonitorManagerJNI - SystemMonitorManager - Collected new counter data
2025-05-10 15:59:02 [pool-2-thread-1] INFO  c.g.y.a.jni.SystemMonitorManagerJNI - SystemMonitorManager - Collected new counter data
2025-05-10 15:59:03 [pool-2-thread-1] INFO  c.g.y.a.jni.SystemMonitorManagerJNI - SystemMonitorManager - Collected new counter data
2025-05-10 15:59:04 [pool-2-thread-1] INFO  c.g.y.a.jni.SystemMonitorManagerJNI - SystemMonitorManager - Collected new counter data
2025-05-10 15:59:05 [pool-2-thread-1] INFO  c.g.y.a.jni.SystemMonitorManagerJNI - SystemMonitorManager - Collected new counter data
2025-05-10 15:59:06 [pool-2-thread-1] INFO  c.g.y.a.jni.SystemMonitorManagerJNI - SystemMonitorManager - Collected new counter data
2025-05-10 15:59:07 [pool-2-thread-1] INFO  c.g.y.a.jni.SystemMonitorManagerJNI - SystemMonitorManager - Collected new counter data
2025-05-10 15:59:08 [pool-2-thread-1] INFO  c.g.y.a.jni.SystemMonitorManagerJNI - SystemMonitorManager - Collected new counter data
2025-05-10 15:59:09 [pool-2-thread-1] INFO  c.g.y.a.jni.SystemMonitorManagerJNI - SystemMonitorManager - Collected new counter data
2025-05-10 15:59:10 [pool-2-thread-1] INFO  c.g.y.a.jni.SystemMonitorManagerJNI - SystemMonitorManager - Collected new counter data
2025-05-10 15:59:11 [pool-2-thread-1] INFO  c.g.y.a.jni.SystemMonitorManagerJNI - SystemMonitorManager - Collected new counter data
2025-05-10 15:59:12 [pool-2-thread-1] INFO  c.g.y.a.jni.SystemMonitorManagerJNI - SystemMonitorManager - Collected new counter data
2025-05-10 15:59:13 [pool-2-thread-1] INFO  c.g.y.a.jni.SystemMonitorManagerJNI - SystemMonitorManager - Collected new counter data
2025-05-10 15:59:14 [pool-2-thread-1] INFO  c.g.y.a.jni.SystemMonitorManagerJNI - SystemMonitorManager - Collected new counter data
2025-05-10 15:59:15 [pool-2-thread-1] INFO  c.g.y.a.jni.SystemMonitorManagerJNI - SystemMonitorManager - Collected new counter data
2025-05-10 15:59:16 [pool-2-thread-1] INFO  c.g.y.a.jni.SystemMonitorManagerJNI - SystemMonitorManager - Collected new counter data
2025-05-10 15:59:17 [pool-2-thread-1] INFO  c.g.y.a.jni.SystemMonitorManagerJNI - SystemMonitorManager - Collected new counter data
2025-05-10 15:59:18 [pool-2-thread-1] INFO  c.g.y.a.jni.SystemMonitorManagerJNI - SystemMonitorManager - Collected new counter data
2025-05-10 15:59:19 [pool-2-thread-1] INFO  c.g.y.a.jni.SystemMonitorManagerJNI - SystemMonitorManager - Collected new counter data
2025-05-10 15:59:20 [pool-2-thread-1] INFO  c.g.y.a.jni.SystemMonitorManagerJNI - SystemMonitorManager - Collected new counter data
2025-05-10 15:59:21 [pool-2-thread-1] INFO  c.g.y.a.jni.SystemMonitorManagerJNI - SystemMonitorManager - Collected new counter data
2025-05-10 15:59:22 [pool-2-thread-1] INFO  c.g.y.a.jni.SystemMonitorManagerJNI - SystemMonitorManager - Collected new counter data
2025-05-10 15:59:23 [pool-2-thread-1] INFO  c.g.y.a.jni.SystemMonitorManagerJNI - SystemMonitorManager - Collected new counter data
2025-05-10 15:59:24 [pool-2-thread-1] INFO  c.g.y.a.jni.SystemMonitorManagerJNI - SystemMonitorManager - Collected new counter data
2025-05-10 15:59:25 [pool-2-thread-1] INFO  c.g.y.a.jni.SystemMonitorManagerJNI - SystemMonitorManager - Collected new counter data
2025-05-10 15:59:26 [pool-2-thread-1] INFO  c.g.y.a.jni.SystemMonitorManagerJNI - SystemMonitorManager - Collected new counter data
2025-05-10 15:59:27 [pool-2-thread-1] INFO  c.g.y.a.jni.SystemMonitorManagerJNI - SystemMonitorManager - Collected new counter data
2025-05-10 15:59:28 [pool-2-thread-1] INFO  c.g.y.a.jni.SystemMonitorManagerJNI - SystemMonitorManager - Collected new counter data
2025-05-10 15:59:29 [pool-2-thread-1] INFO  c.g.y.a.jni.SystemMonitorManagerJNI - SystemMonitorManager - Collected new counter data
2025-05-10 15:59:30 [pool-2-thread-1] INFO  c.g.y.a.jni.SystemMonitorManagerJNI - SystemMonitorManager - Collected new counter data
2025-05-10 15:59:31 [pool-2-thread-1] INFO  c.g.y.a.jni.SystemMonitorManagerJNI - SystemMonitorManager - Collected new counter data
2025-05-10 15:59:32 [pool-2-thread-1] INFO  c.g.y.a.jni.SystemMonitorManagerJNI - SystemMonitorManager - Collected new counter data
2025-05-10 15:59:33 [pool-2-thread-1] INFO  c.g.y.a.jni.SystemMonitorManagerJNI - SystemMonitorManager - Collected new counter data
2025-05-10 15:59:34 [pool-2-thread-1] INFO  c.g.y.a.jni.SystemMonitorManagerJNI - SystemMonitorManager - Collected new counter data
2025-05-10 15:59:35 [pool-2-thread-1] INFO  c.g.y.a.jni.SystemMonitorManagerJNI - SystemMonitorManager - Collected new counter data
2025-05-10 15:59:36 [pool-2-thread-1] INFO  c.g.y.a.jni.SystemMonitorManagerJNI - SystemMonitorManager - Collected new counter data
2025-05-10 15:59:37 [pool-2-thread-1] INFO  c.g.y.a.jni.SystemMonitorManagerJNI - SystemMonitorManager - Collected new counter data
2025-05-10 15:59:38 [pool-2-thread-1] INFO  c.g.y.a.jni.SystemMonitorManagerJNI - SystemMonitorManager - Collected new counter data
2025-05-10 15:59:39 [pool-2-thread-1] INFO  c.g.y.a.jni.SystemMonitorManagerJNI - SystemMonitorManager - Collected new counter data
2025-05-10 15:59:40 [pool-2-thread-1] INFO  c.g.y.a.jni.SystemMonitorManagerJNI - SystemMonitorManager - Collected new counter data
2025-05-10 15:59:41 [pool-2-thread-1] INFO  c.g.y.a.jni.SystemMonitorManagerJNI - SystemMonitorManager - Collected new counter data
2025-05-10 15:59:42 [pool-2-thread-1] INFO  c.g.y.a.jni.SystemMonitorManagerJNI - SystemMonitorManager - Collected new counter data
2025-05-10 15:59:43 [pool-2-thread-1] INFO  c.g.y.a.jni.SystemMonitorManagerJNI - SystemMonitorManager - Collected new counter data
2025-05-10 15:59:44 [pool-2-thread-1] INFO  c.g.y.a.jni.SystemMonitorManagerJNI - SystemMonitorManager - Collected new counter data
2025-05-10 15:59:45 [pool-2-thread-1] INFO  c.g.y.a.jni.SystemMonitorManagerJNI - SystemMonitorManager - Collected new counter data
2025-05-10 15:59:46 [pool-2-thread-1] INFO  c.g.y.a.jni.SystemMonitorManagerJNI - SystemMonitorManager - Collected new counter data
2025-05-10 15:59:47 [pool-2-thread-1] INFO  c.g.y.a.jni.SystemMonitorManagerJNI - SystemMonitorManager - Collected new counter data
2025-05-10 15:59:48 [pool-2-thread-1] INFO  c.g.y.a.jni.SystemMonitorManagerJNI - SystemMonitorManager - Collected new counter data
2025-05-10 15:59:49 [pool-2-thread-1] INFO  c.g.y.a.jni.SystemMonitorManagerJNI - SystemMonitorManager - Collected new counter data
2025-05-10 15:59:50 [pool-2-thread-1] INFO  c.g.y.a.jni.SystemMonitorManagerJNI - SystemMonitorManager - Collected new counter data
2025-05-10 15:59:51 [pool-2-thread-1] INFO  c.g.y.a.jni.SystemMonitorManagerJNI - SystemMonitorManager - Collected new counter data
2025-05-10 15:59:52 [pool-2-thread-1] INFO  c.g.y.a.jni.SystemMonitorManagerJNI - SystemMonitorManager - Collected new counter data
2025-05-10 15:59:53 [pool-2-thread-1] INFO  c.g.y.a.jni.SystemMonitorManagerJNI - SystemMonitorManager - Collected new counter data
2025-05-10 15:59:54 [pool-2-thread-1] INFO  c.g.y.a.jni.SystemMonitorManagerJNI - SystemMonitorManager - Collected new counter data
2025-05-10 15:59:55 [pool-2-thread-1] INFO  c.g.y.a.jni.SystemMonitorManagerJNI - SystemMonitorManager - Collected new counter data
2025-05-10 15:59:56 [pool-2-thread-1] INFO  c.g.y.a.jni.SystemMonitorManagerJNI - SystemMonitorManager - Collected new counter data
2025-05-10 15:59:57 [pool-2-thread-1] INFO  c.g.y.a.jni.SystemMonitorManagerJNI - SystemMonitorManager - Collected new counter data
2025-05-10 15:59:58 [pool-2-thread-1] INFO  c.g.y.a.jni.SystemMonitorManagerJNI - SystemMonitorManager - Collected new counter data
2025-05-10 15:59:59 [pool-2-thread-1] INFO  c.g.y.a.jni.SystemMonitorManagerJNI - SystemMonitorManager - Collected new counter data
2025-05-10 16:00:00 [pool-2-thread-1] INFO  c.g.y.a.jni.SystemMonitorManagerJNI - SystemMonitorManager - Collected new counter data
2025-05-10 16:00:01 [pool-2-thread-1] INFO  c.g.y.a.jni.SystemMonitorManagerJNI - SystemMonitorManager - Collected new counter data
2025-05-10 16:00:02 [pool-2-thread-1] INFO  c.g.y.a.jni.SystemMonitorManagerJNI - SystemMonitorManager - Collected new counter data
2025-05-10 16:00:03 [pool-2-thread-1] INFO  c.g.y.a.jni.SystemMonitorManagerJNI - SystemMonitorManager - Collected new counter data
2025-05-10 16:00:04 [pool-2-thread-1] INFO  c.g.y.a.jni.SystemMonitorManagerJNI - SystemMonitorManager - Collected new counter data
2025-05-10 16:00:05 [pool-2-thread-1] INFO  c.g.y.a.jni.SystemMonitorManagerJNI - SystemMonitorManager - Collected new counter data
2025-05-10 16:00:06 [pool-2-thread-1] INFO  c.g.y.a.jni.SystemMonitorManagerJNI - SystemMonitorManager - Collected new counter data
2025-05-10 16:00:07 [pool-2-thread-1] INFO  c.g.y.a.jni.SystemMonitorManagerJNI - SystemMonitorManager - Collected new counter data
2025-05-10 16:00:08 [pool-2-thread-1] INFO  c.g.y.a.jni.SystemMonitorManagerJNI - SystemMonitorManager - Collected new counter data
2025-05-10 16:00:09 [pool-2-thread-1] INFO  c.g.y.a.jni.SystemMonitorManagerJNI - SystemMonitorManager - Collected new counter data
2025-05-10 16:00:10 [pool-2-thread-1] INFO  c.g.y.a.jni.SystemMonitorManagerJNI - SystemMonitorManager - Collected new counter data
2025-05-10 16:00:11 [pool-2-thread-1] INFO  c.g.y.a.jni.SystemMonitorManagerJNI - SystemMonitorManager - Collected new counter data
2025-05-10 16:00:12 [pool-2-thread-1] INFO  c.g.y.a.jni.SystemMonitorManagerJNI - SystemMonitorManager - Collected new counter data
2025-05-10 16:00:13 [pool-2-thread-1] INFO  c.g.y.a.jni.SystemMonitorManagerJNI - SystemMonitorManager - Collected new counter data
2025-05-10 16:00:14 [pool-2-thread-1] INFO  c.g.y.a.jni.SystemMonitorManagerJNI - SystemMonitorManager - Collected new counter data
2025-05-10 16:00:15 [pool-2-thread-1] INFO  c.g.y.a.jni.SystemMonitorManagerJNI - SystemMonitorManager - Collected new counter data
2025-05-10 16:00:16 [pool-2-thread-1] INFO  c.g.y.a.jni.SystemMonitorManagerJNI - SystemMonitorManager - Collected new counter data
2025-05-10 16:00:17 [pool-2-thread-1] INFO  c.g.y.a.jni.SystemMonitorManagerJNI - SystemMonitorManager - Collected new counter data
2025-05-10 16:00:18 [pool-2-thread-1] INFO  c.g.y.a.jni.SystemMonitorManagerJNI - SystemMonitorManager - Collected new counter data
2025-05-10 16:00:19 [pool-2-thread-1] INFO  c.g.y.a.jni.SystemMonitorManagerJNI - SystemMonitorManager - Collected new counter data
2025-05-10 16:00:20 [pool-2-thread-1] INFO  c.g.y.a.jni.SystemMonitorManagerJNI - SystemMonitorManager - Collected new counter data
2025-05-10 16:00:21 [pool-2-thread-1] INFO  c.g.y.a.jni.SystemMonitorManagerJNI - SystemMonitorManager - Collected new counter data
2025-05-10 16:00:22 [pool-2-thread-1] INFO  c.g.y.a.jni.SystemMonitorManagerJNI - SystemMonitorManager - Collected new counter data
2025-05-10 16:00:23 [pool-2-thread-1] INFO  c.g.y.a.jni.SystemMonitorManagerJNI - SystemMonitorManager - Collected new counter data
2025-05-10 16:00:24 [pool-2-thread-1] INFO  c.g.y.a.jni.SystemMonitorManagerJNI - SystemMonitorManager - Collected new counter data
2025-05-10 16:00:25 [pool-2-thread-1] INFO  c.g.y.a.jni.SystemMonitorManagerJNI - SystemMonitorManager - Collected new counter data
2025-05-10 16:00:26 [pool-2-thread-1] INFO  c.g.y.a.jni.SystemMonitorManagerJNI - SystemMonitorManager - Collected new counter data
2025-05-10 16:00:27 [pool-2-thread-1] INFO  c.g.y.a.jni.SystemMonitorManagerJNI - SystemMonitorManager - Collected new counter data
2025-05-10 16:00:28 [pool-2-thread-1] INFO  c.g.y.a.jni.SystemMonitorManagerJNI - SystemMonitorManager - Collected new counter data
2025-05-10 16:00:29 [pool-2-thread-1] INFO  c.g.y.a.jni.SystemMonitorManagerJNI - SystemMonitorManager - Collected new counter data
2025-05-10 16:00:30 [pool-2-thread-1] INFO  c.g.y.a.jni.SystemMonitorManagerJNI - SystemMonitorManager - Collected new counter data
2025-05-10 16:00:31 [pool-2-thread-1] INFO  c.g.y.a.jni.SystemMonitorManagerJNI - SystemMonitorManager - Collected new counter data
2025-05-10 16:00:32 [pool-2-thread-1] INFO  c.g.y.a.jni.SystemMonitorManagerJNI - SystemMonitorManager - Collected new counter data
2025-05-10 16:00:33 [pool-2-thread-1] INFO  c.g.y.a.jni.SystemMonitorManagerJNI - SystemMonitorManager - Collected new counter data
2025-05-10 16:00:34 [pool-2-thread-1] INFO  c.g.y.a.jni.SystemMonitorManagerJNI - SystemMonitorManager - Collected new counter data
2025-05-10 16:00:35 [pool-2-thread-1] INFO  c.g.y.a.jni.SystemMonitorManagerJNI - SystemMonitorManager - Collected new counter data
2025-05-10 16:00:36 [pool-2-thread-1] INFO  c.g.y.a.jni.SystemMonitorManagerJNI - SystemMonitorManager - Collected new counter data
2025-05-10 16:00:37 [pool-2-thread-1] INFO  c.g.y.a.jni.SystemMonitorManagerJNI - SystemMonitorManager - Collected new counter data
2025-05-10 16:00:38 [pool-2-thread-1] INFO  c.g.y.a.jni.SystemMonitorManagerJNI - SystemMonitorManager - Collected new counter data
2025-05-10 16:00:39 [pool-2-thread-1] INFO  c.g.y.a.jni.SystemMonitorManagerJNI - SystemMonitorManager - Collected new counter data
2025-05-10 16:00:40 [pool-2-thread-1] INFO  c.g.y.a.jni.SystemMonitorManagerJNI - SystemMonitorManager - Collected new counter data
2025-05-10 16:00:41 [pool-2-thread-1] INFO  c.g.y.a.jni.SystemMonitorManagerJNI - SystemMonitorManager - Collected new counter data
2025-05-10 16:00:42 [pool-2-thread-1] INFO  c.g.y.a.jni.SystemMonitorManagerJNI - SystemMonitorManager - Collected new counter data
2025-05-10 16:00:43 [pool-2-thread-1] INFO  c.g.y.a.jni.SystemMonitorManagerJNI - SystemMonitorManager - Collected new counter data
2025-05-10 16:00:43 [SpringApplicationShutdownHook] INFO  o.s.b.w.e.tomcat.GracefulShutdown - Commencing graceful shutdown. Waiting for active requests to complete
2025-05-10 16:00:43 [tomcat-shutdown] INFO  o.s.b.w.e.tomcat.GracefulShutdown - Graceful shutdown complete
2025-05-10 16:00:43 [SpringApplicationShutdownHook] INFO  c.g.y.a.s.SystemMetricsCollector - SystemMetricsCollector cleanup - monitor will be closed by Spring context
2025-05-10 16:00:43 [SpringApplicationShutdownHook] INFO  c.g.y.a.jni.SystemMonitorManagerJNI - Successfully released native resources
2025-05-10 16:00:43 [SpringApplicationShutdownHook] INFO  c.g.yamec.app.YamecApplication - CLEANUP - YamecApplication is shutting down...
2025-05-10 16:00:43 [SpringApplicationShutdownHook] INFO  o.s.o.j.LocalContainerEntityManagerFactoryBean - Closing JPA EntityManagerFactory for persistence unit 'default'
2025-05-10 16:00:43 [SpringApplicationShutdownHook] INFO  com.zaxxer.hikari.HikariDataSource - HikariPool-1 - Shutdown initiated...
2025-05-10 16:00:43 [SpringApplicationShutdownHook] INFO  com.zaxxer.hikari.HikariDataSource - HikariPool-1 - Shutdown completed.
